preferredName_A	preferredName_B	node1_string_id	node2_string_id	neighborhood_on_chromosome	gene_fusion	phylogenetic_cooccurrence	homology	coexpression	experimentally_determined_interaction	database_annotated	automated_textmining	score
ABL1	TCF3	9606.ENSP00000361423	9606.ENSP00000262965	0	0	0	0	0.108	0	0.500	0.658	0.834
ABL1	RB1	9606.ENSP00000361423	9606.ENSP00000267163	0	0	0	0	0.049	0.736	0.900	0.312	0.980
ABL1	TP53	9606.ENSP00000361423	9606.ENSP00000269305	0	0	0	0	0.056	0.292	0	0.875	0.909
ABL1	EGFR	9606.ENSP00000361423	9606.ENSP00000275493	0	0	0	0.591	0.067	0.790	0	0.347	0.861
ABL1	NTRK2	9606.ENSP00000361423	9606.ENSP00000277120	0	0	0	0.634	0	0	0.900	0.145	0.910
ABL1	ATM	9606.ENSP00000361423	9606.ENSP00000278616	0	0	0	0	0	0.820	0.750	0.774	0.988
ABL1	STAT5B	9606.ENSP00000361423	9606.ENSP00000293328	0	0	0	0	0.065	0.439	0.900	0.727	0.983
ABL1	BCR	9606.ENSP00000361423	9606.ENSP00000303507	0	0	0	0	0.083	0.737	0.900	0.869	0.996
ABL1	IKZF1	9606.ENSP00000361423	9606.ENSP00000331614	0	0	0	0	0	0.071	0	0.841	0.845
ABL1	EPHA3	9606.ENSP00000361423	9606.ENSP00000337451	0	0	0	0.616	0.074	0.292	0.900	0.441	0.958
ABL1	STAT5A	9606.ENSP00000361423	9606.ENSP00000341208	0	0	0	0	0.088	0.332	0.900	0.724	0.980
ABL1	RAD52	9606.ENSP00000361423	9606.ENSP00000351284	0	0	0	0	0.042	0.050	0.750	0.311	0.822
ABL1	NUP214	9606.ENSP00000361423	9606.ENSP00000352400	0	0	0	0	0.058	0	0	0.906	0.907
ABL1	EPHA7	9606.ENSP00000361423	9606.ENSP00000358309	0	0	0	0.607	0.074	0	0.900	0.336	0.933
ABL1	RUNX2	9606.ENSP00000361423	9606.ENSP00000360493	0	0	0	0	0	0	0.750	0.322	0.823
ABL1	PIK3R1	9606.ENSP00000361423	9606.ENSP00000428056	0	0	0	0.551	0.062	0.793	0	0.203	0.832
ABL1	AFF1	9606.ENSP00000361423	9606.ENSP00000378578	0	0	0	0	0.128	0.097	0	0.819	0.845
ABL1	RAD51	9606.ENSP00000361423	9606.ENSP00000493712	0	0	0	0	0	0.642	0	0.772	0.915
ABL1	ROBO1	9606.ENSP00000361423	9606.ENSP00000420321	0	0	0	0	0.086	0.167	0.900	0.173	0.928
ABL1	ETV6	9606.ENSP00000361423	9606.ENSP00000379658	0	0	0	0	0.044	0.074	0	0.930	0.932
ABL1	CTNNB1	9606.ENSP00000361423	9606.ENSP00000495360	0	0	0	0	0.095	0.539	0.500	0.785	0.949
ABL1	BRCA1	9606.ENSP00000361423	9606.ENSP00000418960	0	0	0	0	0	0.483	0.500	0.847	0.956
ABL1	NTRK1	9606.ENSP00000361423	9606.ENSP00000431418	0	0	0	0.642	0	0.510	0.900	0.212	0.958
ABL1	ABL2	9606.ENSP00000361423	9606.ENSP00000427562	0	0	0.068	0.936	0.062	0.531	0.900	0.627	0.981
ABL2	ABL1	9606.ENSP00000427562	9606.ENSP00000361423	0	0	0.068	0.936	0.062	0.531	0.900	0.627	0.981
ABL2	ETV6	9606.ENSP00000427562	9606.ENSP00000379658	0	0	0	0	0.042	0.074	0	0.858	0.863
ABRAXAS1	MRE11	9606.ENSP00000369857	9606.ENSP00000325863	0	0	0	0	0.067	0	0.500	0.691	0.843
ABRAXAS1	BRCA1	9606.ENSP00000369857	9606.ENSP00000418960	0	0	0	0	0.056	0.994	0.900	0.997	0.999
ACTB	MYH9	9606.ENSP00000494750	9606.ENSP00000216181	0	0	0	0	0.420	0.680	0.900	0.602	0.991
ACTB	NFKBIA	9606.ENSP00000494750	9606.ENSP00000216797	0	0	0	0	0.049	0.092	0	0.811	0.823
ACTB	H3-3B	9606.ENSP00000494750	9606.ENSP00000254810	0	0.001	0	0	0.103	0.819	0	0.784	0.962
ACTB	CDH1	9606.ENSP00000494750	9606.ENSP00000261769	0	0	0	0	0.061	0.069	0	0.824	0.833
ACTB	TP53	9606.ENSP00000494750	9606.ENSP00000269305	0	0	0	0	0.077	0.223	0	0.845	0.879
ACTB	ERBB2	9606.ENSP00000494750	9606.ENSP00000269571	0	0	0	0	0	0.292	0	0.908	0.932
ACTB	EGFR	9606.ENSP00000494750	9606.ENSP00000275493	0	0	0	0	0.042	0.402	0	0.741	0.839
ACTB	ALB	9606.ENSP00000494750	9606.ENSP00000295897	0	0	0	0	0	0	0	0.886	0.886
ACTB	CTNNA1	9606.ENSP00000494750	9606.ENSP00000304669	0	0	0	0	0.072	0.108	0.900	0.550	0.957
ACTB	ARID1A	9606.ENSP00000494750	9606.ENSP00000320485	0	0	0	0	0.064	0.883	0.800	0.825	0.995
ACTB	SETD3	9606.ENSP00000494750	9606.ENSP00000327436	0	0	0	0	0.042	0.903	0	0.173	0.916
ACTB	H3C13	9606.ENSP00000494750	9606.ENSP00000333277	0	0.001	0	0	0.079	0.135	0	0.783	0.812
ACTB	ARID2	9606.ENSP00000494750	9606.ENSP00000335044	0	0	0	0	0	0.806	0.800	0.610	0.983
ACTB	SMARCB1	9606.ENSP00000494750	9606.ENSP00000340883	0	0	0	0	0.080	0.873	0.540	0.628	0.977
ACTB	SMARCA4	9606.ENSP00000494750	9606.ENSP00000343896	0	0	0	0	0.062	0.982	0.650	0.876	0.999
ACTB	RAC1	9606.ENSP00000494750	9606.ENSP00000348461	0	0	0	0	0.182	0.259	0.500	0.484	0.823
ACTB	TRRAP	9606.ENSP00000494750	9606.ENSP00000352925	0	0	0	0	0.044	0.299	0.900	0.482	0.960
ACTB	DCTN1	9606.ENSP00000494750	9606.ENSP00000354791	0	0	0	0	0.056	0.865	0	0.792	0.971
ACTB	AFDN	9606.ENSP00000494750	9606.ENSP00000355771	0	0	0	0	0	0	0.900	0.598	0.958
ACTB	WAS	9606.ENSP00000494750	9606.ENSP00000365891	0	0	0	0	0.087	0.284	0.900	0.387	0.954
ACTB	SMARCA2	9606.ENSP00000494750	9606.ENSP00000371638	0	0	0	0	0.049	0.290	0.650	0.612	0.896
ACTB	EP400	9606.ENSP00000494750	9606.ENSP00000374212	0	0	0	0	0.042	0.411	0.900	0.454	0.965
ACTB	MYH11	9606.ENSP00000494750	9606.ENSP00000379616	0	0	0	0	0.091	0.368	0.900	0.403	0.961
ACTB	BCL2	9606.ENSP00000494750	9606.ENSP00000381185	0	0	0	0	0	0.071	0	0.881	0.885
ACTB	MYO5A	9606.ENSP00000494750	9606.ENSP00000382177	0	0	0	0	0.042	0.288	0.650	0.304	0.811
ACTB	PBRM1	9606.ENSP00000494750	9606.ENSP00000386593	0	0	0	0	0	0.843	0.800	0.533	0.984
ACTB	RHOA	9606.ENSP00000494750	9606.ENSP00000400175	0	0	0	0	0.426	0.070	0.900	0.646	0.978
ACTB	ESR1	9606.ENSP00000494750	9606.ENSP00000405330	0	0	0	0	0	0.571	0	0.882	0.947
ACTB	H3C1	9606.ENSP00000494750	9606.ENSP00000480826	0	0.001	0	0	0.079	0.819	0	0.480	0.906
ACTB	H3C8	9606.ENSP00000494750	9606.ENSP00000484638	0	0.001	0	0	0.079	0.819	0	0.483	0.906
ACTB	ARID1B	9606.ENSP00000494750	9606.ENSP00000490491	0	0	0	0	0.049	0.218	0.800	0.691	0.947
ACTB	CTNNB1	9606.ENSP00000494750	9606.ENSP00000495360	0	0	0	0	0.077	0.294	0	0.802	0.860
ACTB	MRTFA	9606.ENSP00000494750	9606.ENSP00000498671	0	0	0	0	0.055	0.481	0.500	0.497	0.860
ACTB	CDC42	9606.ENSP00000494750	9606.ENSP00000497733	0	0	0	0	0.415	0.070	0.900	0.596	0.975
ACVR1	SMAD3	9606.ENSP00000405004	9606.ENSP00000332973	0	0	0	0	0.077	0.126	0.900	0.573	0.961
ACVR1	SMAD4	9606.ENSP00000405004	9606.ENSP00000341551	0	0	0	0	0.073	0.091	0	0.847	0.860
ACVR1	TGFBR2	9606.ENSP00000405004	9606.ENSP00000351905	0	0	0.083	0.749	0.161	0.259	0	0.706	0.810
ACVR1	ACVR1B	9606.ENSP00000405004	9606.ENSP00000442656	0	0	0.064	0.914	0	0.620	0.720	0.820	0.979
ACVR1B	SMAD3	9606.ENSP00000442656	9606.ENSP00000332973	0	0	0	0	0.067	0.354	0.500	0.813	0.936
ACVR1B	SMAD4	9606.ENSP00000442656	9606.ENSP00000341551	0	0	0	0	0.062	0.091	0.500	0.911	0.957
ACVR1B	ALK	9606.ENSP00000442656	9606.ENSP00000373700	0	0	0	0	0.043	0.092	0	0.929	0.932
ACVR1B	ACVR1	9606.ENSP00000442656	9606.ENSP00000405004	0	0	0.064	0.914	0	0.620	0.720	0.820	0.979
ADHFE1	MRTFA	9606.ENSP00000379865	9606.ENSP00000498671	0.118	0	0	0	0.192	0.606	0.792	0.349	0.955
AFDN	CDH1	9606.ENSP00000355771	9606.ENSP00000261769	0	0	0	0	0.062	0.127	0	0.851	0.867
AFDN	ELL	9606.ENSP00000355771	9606.ENSP00000262809	0	0	0	0	0	0	0	0.808	0.808
AFDN	CTNNA1	9606.ENSP00000355771	9606.ENSP00000304669	0	0	0	0	0.064	0.520	0.900	0.690	0.984
AFDN	MLLT10	9606.ENSP00000355771	9606.ENSP00000307411	0	0	0	0	0.056	0	0	0.897	0.899
AFDN	RALGDS	9606.ENSP00000355771	9606.ENSP00000361120	0	0	0	0	0	0	0	0.805	0.805
AFDN	AFF1	9606.ENSP00000355771	9606.ENSP00000378578	0	0	0	0	0.056	0	0	0.850	0.852
AFDN	MLLT3	9606.ENSP00000355771	9606.ENSP00000369695	0	0	0	0	0	0	0	0.860	0.860
AFDN	KMT2A	9606.ENSP00000355771	9606.ENSP00000436786	0	0	0	0	0.044	0.292	0	0.817	0.865
AFDN	ACTB	9606.ENSP00000355771	9606.ENSP00000494750	0	0	0	0	0	0	0.900	0.598	0.958
AFF1	ELL2	9606.ENSP00000378578	9606.ENSP00000237853	0	0	0	0	0.117	0.616	0.900	0.997	0.999
AFF1	ELL	9606.ENSP00000378578	9606.ENSP00000262809	0	0	0	0	0.113	0.091	0.900	0.998	0.999
AFF1	AFF4	9606.ENSP00000378578	9606.ENSP00000265343	0	0	0	0.824	0.113	0.510	0.900	0.985	0.999
AFF1	MLLT10	9606.ENSP00000378578	9606.ENSP00000307411	0	0	0	0	0.084	0.292	0	0.979	0.985
AFF1	ERCC6	9606.ENSP00000378578	9606.ENSP00000348089	0	0	0	0	0.060	0.107	0.900	0.062	0.910
AFF1	CTR9	9606.ENSP00000378578	9606.ENSP00000355013	0	0	0	0	0.067	0.113	0.900	0.217	0.926
AFF1	AFDN	9606.ENSP00000378578	9606.ENSP00000355771	0	0	0	0	0.056	0	0	0.850	0.852
AFF1	ABL1	9606.ENSP00000378578	9606.ENSP00000361423	0	0	0	0	0.128	0.097	0	0.819	0.845
AFF1	MLLT3	9606.ENSP00000378578	9606.ENSP00000369695	0	0	0	0	0	0.842	0.900	0.999	0.999
AFF1	ELOC	9606.ENSP00000378578	9606.ENSP00000478121	0	0	0	0	0.049	0	0.900	0.068	0.903
AFF1	DOT1L	9606.ENSP00000378578	9606.ENSP00000381657	0	0	0	0	0.049	0.292	0	0.933	0.951
AFF1	KMT2A	9606.ENSP00000378578	9606.ENSP00000436786	0	0	0	0	0.123	0.552	0	0.978	0.990
AFF4	ELL2	9606.ENSP00000265343	9606.ENSP00000237853	0	0	0	0	0.142	0.987	0.900	0.996	0.999
AFF4	ELL	9606.ENSP00000265343	9606.ENSP00000262809	0	0	0	0	0.175	0.849	0.900	0.996	0.999
AFF4	TCEA1	9606.ENSP00000265343	9606.ENSP00000428426	0	0	0	0	0.049	0.109	0.800	0.245	0.855
AFF4	ELOC	9606.ENSP00000265343	9606.ENSP00000478121	0	0	0	0	0.049	0	0.900	0.086	0.905
AFF4	ERCC6	9606.ENSP00000265343	9606.ENSP00000348089	0	0	0	0	0.049	0.107	0.900	0.062	0.909
AFF4	KMT2A	9606.ENSP00000265343	9606.ENSP00000436786	0	0	0	0	0.123	0.552	0	0.823	0.924
AFF4	CTR9	9606.ENSP00000265343	9606.ENSP00000355013	0	0	0	0	0.060	0.234	0.900	0.415	0.952
AFF4	AFF1	9606.ENSP00000265343	9606.ENSP00000378578	0	0	0	0.824	0.113	0.510	0.900	0.985	0.999
AFF4	MLLT3	9606.ENSP00000265343	9606.ENSP00000369695	0	0	0	0	0	0.833	0.900	0.994	0.999
AGO2	TP53	9606.ENSP00000220592	9606.ENSP00000269305	0	0	0	0	0	0.167	0.500	0.719	0.872
AGO2	DDX3X	9606.ENSP00000220592	9606.ENSP00000494040	0	0	0	0	0.060	0.229	0	0.848	0.880
AGO2	LRRK2	9606.ENSP00000220592	9606.ENSP00000298910	0	0	0	0	0	0.524	0	0.778	0.890
AGO2	DDX5	9606.ENSP00000220592	9606.ENSP00000225792	0	0	0	0	0.055	0.334	0	0.864	0.907
AGO2	EGFR	9606.ENSP00000220592	9606.ENSP00000275493	0	0	0	0	0.042	0.292	0	0.941	0.956
AGO2	EIF4E	9606.ENSP00000220592	9606.ENSP00000425561	0	0	0	0	0.049	0.324	0.900	0.883	0.991
AGO2	NPM1	9606.ENSP00000220592	9606.ENSP00000296930	0	0	0	0	0.066	0.292	0	0.989	0.992
AGO2	DROSHA	9606.ENSP00000220592	9606.ENSP00000425979	0	0	0	0	0.062	0.405	0.720	0.972	0.995
AGO2	DICER1	9606.ENSP00000220592	9606.ENSP00000437256	0	0	0	0	0.133	0.966	0.900	0.999	0.999
AJUBA	NCOR1	9606.ENSP00000262713	9606.ENSP00000268712	0	0	0	0	0	0.099	0.800	0.067	0.817
AJUBA	LATS1	9606.ENSP00000262713	9606.ENSP00000437550	0	0	0	0	0	0.431	0.900	0.580	0.974
AJUBA	LATS2	9606.ENSP00000262713	9606.ENSP00000372035	0	0	0	0	0.067	0.745	0.900	0.381	0.983
ALB	EGFR	9606.ENSP00000295897	9606.ENSP00000275493	0	0	0	0	0	0	0	0.808	0.808
ALB	IGF1	9606.ENSP00000295897	9606.ENSP00000376637	0	0	0	0	0	0	0	0.830	0.830
ALB	IL10	9606.ENSP00000295897	9606.ENSP00000412237	0	0	0	0	0	0	0	0.847	0.847
ALB	ACTB	9606.ENSP00000295897	9606.ENSP00000494750	0	0	0	0	0	0	0	0.886	0.886
ALK	PIK3R2	9606.ENSP00000373700	9606.ENSP00000222254	0	0	0	0	0	0.180	0.900	0.188	0.927
ALK	ATIC	9606.ENSP00000373700	9606.ENSP00000236959	0	0	0	0	0	0.059	0.500	0.867	0.932
ALK	PIK3R3	9606.ENSP00000373700	9606.ENSP00000262741	0	0	0	0	0	0.093	0.900	0.134	0.914
ALK	PIK3CA	9606.ENSP00000373700	9606.ENSP00000263967	0	0	0	0	0	0.069	0.900	0.801	0.979
ALK	MYCN	9606.ENSP00000373700	9606.ENSP00000281043	0	0	0	0	0.044	0.060	0.750	0.733	0.932
ALK	RANBP2	9606.ENSP00000373700	9606.ENSP00000283195	0	0	0	0	0	0.117	0.500	0.639	0.826
ALK	NPM1	9606.ENSP00000373700	9606.ENSP00000296930	0	0	0	0	0.067	0	0.400	0.990	0.994
ALK	EML4	9606.ENSP00000373700	9606.ENSP00000320663	0	0	0	0	0.074	0.067	0.900	0.997	0.999
ALK	TGFBR2	9606.ENSP00000373700	9606.ENSP00000351905	0	0	0	0	0	0	0	0.947	0.947
ALK	DCTN1	9606.ENSP00000373700	9606.ENSP00000354791	0	0	0	0	0	0.071	0.500	0.618	0.807
ALK	PIK3CD	9606.ENSP00000373700	9606.ENSP00000366563	0	0	0	0	0	0.069	0.900	0.284	0.927
ALK	CLTC	9606.ENSP00000373700	9606.ENSP00000479606	0	0	0	0	0	0	0.400	0.693	0.808
ALK	SEC31A	9606.ENSP00000373700	9606.ENSP00000378721	0	0	0	0	0	0.134	0.500	0.630	0.825
ALK	PLCG2	9606.ENSP00000373700	9606.ENSP00000482457	0	0	0	0	0	0	0.900	0.191	0.915
ALK	ACVR1B	9606.ENSP00000373700	9606.ENSP00000442656	0	0	0	0	0.043	0.092	0	0.929	0.932
ALK	PIK3CB	9606.ENSP00000373700	9606.ENSP00000501150	0	0	0	0	0	0.186	0.900	0.275	0.935
ALK	JAK3	9606.ENSP00000373700	9606.ENSP00000432511	0	0	0	0.560	0	0.369	0.900	0.282	0.950
ALK	PIK3R1	9606.ENSP00000373700	9606.ENSP00000428056	0	0	0	0	0	0.378	0.900	0.606	0.973
AMER1	APC	9606.ENSP00000364003	9606.ENSP00000257430	0	0	0	0	0	0.971	0.800	0.732	0.998
AMER1	AXIN1	9606.ENSP00000364003	9606.ENSP00000262320	0	0	0	0	0.103	0.800	0.800	0.995	0.999
AMER1	WT1	9606.ENSP00000364003	9606.ENSP00000368370	0	0	0	0	0.042	0	0	0.849	0.849
AMER1	KEAP1	9606.ENSP00000364003	9606.ENSP00000377245	0	0	0	0	0.049	0.629	0.400	0.909	0.978
AMER1	CTNNB1	9606.ENSP00000364003	9606.ENSP00000495360	0	0	0	0	0	0.783	0.800	0.834	0.992
APC	CDC42	9606.ENSP00000257430	9606.ENSP00000497733	0	0	0	0	0.043	0.628	0	0.648	0.864
APC	LRP6	9606.ENSP00000257430	9606.ENSP00000261349	0	0	0	0	0.042	0	0.720	0.578	0.877
APC	LRP5	9606.ENSP00000257430	9606.ENSP00000294304	0	0	0	0	0	0	0.720	0.668	0.903
APC	CDH1	9606.ENSP00000257430	9606.ENSP00000261769	0	0	0	0	0	0	0.720	0.726	0.920
APC	PTPN13	9606.ENSP00000257430	9606.ENSP00000394794	0	0	0	0	0.059	0.783	0	0.682	0.929
APC	CTNNA1	9606.ENSP00000257430	9606.ENSP00000304669	0	0	0	0	0.042	0.837	0.720	0.504	0.975
APC	AMER1	9606.ENSP00000257430	9606.ENSP00000364003	0	0	0	0	0	0.971	0.800	0.732	0.998
APC	AXIN1	9606.ENSP00000257430	9606.ENSP00000262320	0	0	0	0	0.054	0.994	0.900	0.996	0.999
APC	CTNNB1	9606.ENSP00000257430	9606.ENSP00000495360	0	0	0	0	0.099	0.999	0.900	0.996	0.999
APC	AXIN2	9606.ENSP00000257430	9606.ENSP00000302625	0	0	0	0	0.054	0.567	0.900	0.993	0.999
APH1A	NOTCH3	9606.ENSP00000358105	9606.ENSP00000263388	0	0	0	0	0	0.053	0.650	0.614	0.860
APH1A	NOTCH1	9606.ENSP00000358105	9606.ENSP00000498587	0	0	0	0	0.072	0.800	0.650	0.727	0.979
AR	FOXA1	9606.ENSP00000363822	9606.ENSP00000250448	0	0	0	0	0.083	0.761	0	0.987	0.996
AR	H3-3B	9606.ENSP00000363822	9606.ENSP00000254810	0	0	0	0	0	0.042	0.500	0.690	0.839
AR	CREBBP	9606.ENSP00000363822	9606.ENSP00000262367	0	0	0	0	0.042	0.794	0	0.815	0.960
AR	EP300	9606.ENSP00000363822	9606.ENSP00000263253	0	0	0	0	0.043	0.843	0	0.710	0.952
AR	BRD4	9606.ENSP00000363822	9606.ENSP00000263377	0	0	0	0	0	0.585	0	0.929	0.969
AR	RB1	9606.ENSP00000363822	9606.ENSP00000267163	0	0	0	0	0	0.629	0.500	0.397	0.878
AR	NCOR1	9606.ENSP00000363822	9606.ENSP00000268712	0	0	0	0	0.043	0.883	0.500	0.868	0.991
AR	TP53	9606.ENSP00000363822	9606.ENSP00000269305	0	0	0	0	0	0.439	0	0.838	0.905
AR	EGFR	9606.ENSP00000363822	9606.ENSP00000275493	0	0	0	0	0	0.536	0	0.720	0.864
AR	PRKACA	9606.ENSP00000363822	9606.ENSP00000309591	0	0	0	0	0.048	0	0.900	0.415	0.939
AR	KLK2	9606.ENSP00000363822	9606.ENSP00000313581	0	0	0	0	0.042	0.166	0.500	0.823	0.919
AR	KDM5D	9606.ENSP00000363822	9606.ENSP00000322408	0	0	0	0	0	0.294	0	0.840	0.882
AR	SMAD3	9606.ENSP00000363822	9606.ENSP00000332973	0	0	0	0	0	0.626	0	0.879	0.953
AR	SMAD4	9606.ENSP00000363822	9606.ENSP00000341551	0	0	0	0	0	0.294	0	0.809	0.859
AR	SMARCA4	9606.ENSP00000363822	9606.ENSP00000343896	0	0	0	0	0	0.703	0	0.593	0.874
AR	RUNX2	9606.ENSP00000363822	9606.ENSP00000360493	0	0	0	0	0.056	0.071	0.700	0.602	0.881
AR	PTEN	9606.ENSP00000363822	9606.ENSP00000361021	0	0	0	0	0	0.295	0	0.853	0.892
AR	HDAC1	9606.ENSP00000363822	9606.ENSP00000362649	0	0	0	0	0	0.789	0	0.835	0.964
AR	KDM4C	9606.ENSP00000363822	9606.ENSP00000370710	0	0	0	0	0	0.132	0.500	0.625	0.823
AR	HIF1A	9606.ENSP00000363822	9606.ENSP00000437955	0	0	0	0	0.067	0.525	0	0.733	0.871
AR	BRCA1	9606.ENSP00000363822	9606.ENSP00000418960	0	0	0	0	0	0.612	0	0.773	0.908
AR	FOXO1	9606.ENSP00000363822	9606.ENSP00000368880	0	0	0	0	0	0.516	0	0.843	0.921
AR	NCOR2	9606.ENSP00000363822	9606.ENSP00000384018	0	0	0	0	0	0.848	0.500	0.659	0.971
AR	ESR1	9606.ENSP00000363822	9606.ENSP00000405330	0	0	0	0.651	0.172	0	0	0.978	0.981
AR	CTNNB1	9606.ENSP00000363822	9606.ENSP00000495360	0	0	0	0	0.052	0.888	0	0.968	0.996
AR	NCOA2	9606.ENSP00000363822	9606.ENSP00000399968	0	0	0	0	0.047	0.989	0.500	0.906	0.999
ARHGAP35	RASA1	9606.ENSP00000500409	9606.ENSP00000274376	0	0	0	0	0.049	0.973	0.900	0.993	0.999
ARHGAP35	RHOA	9606.ENSP00000500409	9606.ENSP00000400175	0	0	0	0	0.042	0.843	0.900	0.922	0.998
ARHGAP35	GTF2I	9606.ENSP00000500409	9606.ENSP00000460070	0	0	0	0	0.082	0	0	0.829	0.836
ARHGAP35	CDC42	9606.ENSP00000500409	9606.ENSP00000497733	0	0	0	0	0.044	0.505	0.400	0.629	0.880
ARHGEF12	GNAQ	9606.ENSP00000380942	9606.ENSP00000286548	0	0	0	0	0.064	0.292	0.900	0.912	0.993
ARHGEF12	CDC42	9606.ENSP00000380942	9606.ENSP00000497733	0	0	0	0	0.091	0.245	0.400	0.698	0.859
ARHGEF12	ARHGEF28	9606.ENSP00000380942	9606.ENSP00000441913	0	0	0	0.559	0.097	0.098	0.900	0.314	0.936
ARHGEF12	RHOA	9606.ENSP00000380942	9606.ENSP00000400175	0	0	0	0	0.098	0.983	0.900	0.990	0.999
ARHGEF28	GNAQ	9606.ENSP00000441913	9606.ENSP00000286548	0	0	0	0	0	0	0.900	0.231	0.919
ARHGEF28	ARHGEF12	9606.ENSP00000441913	9606.ENSP00000380942	0	0	0	0.559	0.097	0.098	0.900	0.314	0.936
ARHGEF28	RHOA	9606.ENSP00000441913	9606.ENSP00000400175	0	0	0	0	0.067	0.623	0.900	0.741	0.989
ARID1A	MSH2	9606.ENSP00000320485	9606.ENSP00000233146	0	0	0	0	0.181	0	0	0.970	0.974
ARID1A	H3-3B	9606.ENSP00000320485	9606.ENSP00000254810	0	0	0	0	0.058	0.800	0	0.434	0.884
ARID1A	KMT2C	9606.ENSP00000320485	9606.ENSP00000262189	0	0	0	0	0.214	0	0	0.784	0.823
ARID1A	CREBBP	9606.ENSP00000320485	9606.ENSP00000262367	0	0	0	0	0.334	0.094	0	0.770	0.849
ARID1A	EP300	9606.ENSP00000320485	9606.ENSP00000263253	0	0	0	0	0.416	0.094	0	0.748	0.855
ARID1A	BRD4	9606.ENSP00000320485	9606.ENSP00000263377	0	0	0	0	0.535	0	0	0.625	0.818
ARID1A	PIK3CA	9606.ENSP00000320485	9606.ENSP00000263967	0	0	0	0	0.067	0	0	0.911	0.913
ARID1A	TP53	9606.ENSP00000320485	9606.ENSP00000269305	0	0	0	0	0.067	0.292	0	0.945	0.961
ARID1A	KMT2D	9606.ENSP00000320485	9606.ENSP00000301067	0	0	0	0	0.292	0	0	0.747	0.813
ARID1A	BRCA1	9606.ENSP00000320485	9606.ENSP00000418960	0	0	0	0	0.049	0.439	0	0.657	0.801
ARID1A	ACTB	9606.ENSP00000320485	9606.ENSP00000494750	0	0	0	0	0.064	0.883	0.800	0.825	0.995
ARID1A	ARID2	9606.ENSP00000320485	9606.ENSP00000335044	0	0	0	0.546	0.168	0.324	0.720	0.989	0.998
ARID1A	ARID1B	9606.ENSP00000320485	9606.ENSP00000490491	0	0	0	0.927	0.437	0.846	0.900	0.983	0.999
ARID1A	SMARCA4	9606.ENSP00000320485	9606.ENSP00000343896	0	0	0	0	0.250	0.998	0.900	0.996	0.999
ARID1A	SMARCB1	9606.ENSP00000320485	9606.ENSP00000340883	0	0	0	0	0.076	0.991	0.900	0.996	0.999
ARID1A	SMARCA2	9606.ENSP00000320485	9606.ENSP00000371638	0	0	0	0	0.105	0.948	0.900	0.995	0.999
ARID1A	PBRM1	9606.ENSP00000320485	9606.ENSP00000386593	0	0	0	0	0.183	0.556	0.720	0.997	0.999
ARID1B	ARID1A	9606.ENSP00000490491	9606.ENSP00000320485	0	0	0	0.927	0.437	0.846	0.900	0.983	0.999
ARID1B	ARID2	9606.ENSP00000490491	9606.ENSP00000335044	0	0	0	0.547	0.267	0.324	0.720	0.984	0.997
ARID1B	SMARCB1	9606.ENSP00000490491	9606.ENSP00000340883	0	0	0	0	0.049	0.921	0.900	0.995	0.999
ARID1B	SMARCA4	9606.ENSP00000490491	9606.ENSP00000343896	0	0	0	0	0.105	0.944	0.900	0.996	0.999
ARID1B	SMARCA2	9606.ENSP00000490491	9606.ENSP00000371638	0	0	0	0	0.100	0.899	0.900	0.980	0.999
ARID1B	PBRM1	9606.ENSP00000490491	9606.ENSP00000386593	0	0	0	0	0.253	0.359	0.720	0.993	0.998
ARID1B	ACTB	9606.ENSP00000490491	9606.ENSP00000494750	0	0	0	0	0.049	0.218	0.800	0.691	0.947
ARID2	ARID1A	9606.ENSP00000335044	9606.ENSP00000320485	0	0	0	0.546	0.168	0.324	0.720	0.989	0.998
ARID2	H3C8	9606.ENSP00000335044	9606.ENSP00000484638	0	0	0	0	0	0.800	0	0	0.800
ARID2	H3C1	9606.ENSP00000335044	9606.ENSP00000480826	0	0	0	0	0	0.840	0	0	0.840
ARID2	ACTB	9606.ENSP00000335044	9606.ENSP00000494750	0	0	0	0	0	0.806	0.800	0.610	0.983
ARID2	SMARCA2	9606.ENSP00000335044	9606.ENSP00000371638	0	0	0	0	0.133	0.711	0.720	0.925	0.994
ARID2	ARID1B	9606.ENSP00000335044	9606.ENSP00000490491	0	0	0	0.547	0.267	0.324	0.720	0.984	0.997
ARID2	PBRM1	9606.ENSP00000335044	9606.ENSP00000386593	0	0	0	0	0.643	0.985	0.800	0.999	0.999
ARID2	SMARCB1	9606.ENSP00000335044	9606.ENSP00000340883	0	0	0	0	0.058	0.982	0.720	0.995	0.999
ARID2	SMARCA4	9606.ENSP00000335044	9606.ENSP00000343896	0	0	0	0	0.156	0.986	0.720	0.996	0.999
ARID4B	RB1	9606.ENSP00000264183	9606.ENSP00000267163	0	0	0	0	0.055	0.827	0	0.051	0.831
ARID4B	KDM5A	9606.ENSP00000264183	9606.ENSP00000382688	0	0	0	0	0.515	0.094	0	0.735	0.873
ARID4B	ING1	9606.ENSP00000264183	9606.ENSP00000364929	0	0	0	0	0.074	0.588	0.540	0.876	0.975
ARID4B	HDAC1	9606.ENSP00000264183	9606.ENSP00000362649	0	0	0	0	0.042	0.789	0.540	0.912	0.990
ARNT	VHL	9606.ENSP00000351407	9606.ENSP00000256474	0	0	0	0	0.109	0.225	0	0.901	0.925
ARNT	CREBBP	9606.ENSP00000351407	9606.ENSP00000262367	0	0	0	0	0.107	0.095	0.800	0.829	0.968
ARNT	EP300	9606.ENSP00000351407	9606.ENSP00000263253	0	0	0	0	0.147	0.535	0.800	0.992	0.999
ARNT	TRIP11	9606.ENSP00000351407	9606.ENSP00000267622	0	0	0	0	0.055	0.731	0	0.553	0.877
ARNT	ESR1	9606.ENSP00000351407	9606.ENSP00000405330	0	0	0	0	0	0.582	0	0.703	0.870
ARNT	ELOC	9606.ENSP00000351407	9606.ENSP00000478121	0	0	0	0	0.055	0.227	0	0.855	0.885
ARNT	HIF1A	9606.ENSP00000351407	9606.ENSP00000437955	0	0	0	0.584	0.093	0.999	0.900	0.990	0.999
ASPSCR1	CLTC	9606.ENSP00000306625	9606.ENSP00000479606	0	0	0	0	0.049	0	0	0.820	0.821
ASPSCR1	SFPQ	9606.ENSP00000306625	9606.ENSP00000349748	0	0	0	0	0.049	0	0	0.824	0.825
ASPSCR1	TFE3	9606.ENSP00000306625	9606.ENSP00000314129	0	0	0	0	0.042	0	0	0.985	0.985
ASXL1	FLT3	9606.ENSP00000364839	9606.ENSP00000241453	0	0	0	0	0	0	0	0.861	0.861
ASXL1	DNMT3A	9606.ENSP00000364839	9606.ENSP00000264709	0	0	0	0	0.042	0.091	0	0.936	0.939
ASXL1	NPM1	9606.ENSP00000364839	9606.ENSP00000296930	0	0	0	0	0.090	0.292	0	0.852	0.897
ASXL1	SUZ12	9606.ENSP00000364839	9606.ENSP00000316578	0	0	0	0	0.049	0.292	0.900	0.936	0.995
ASXL1	EED	9606.ENSP00000364839	9606.ENSP00000338186	0	0	0	0	0.049	0.292	0.900	0.210	0.939
ASXL1	KDM6A	9606.ENSP00000364839	9606.ENSP00000367203	0	0	0	0	0.060	0.380	0	0.729	0.828
ASXL1	ETV6	9606.ENSP00000364839	9606.ENSP00000379658	0	0	0	0	0.042	0.047	0	0.832	0.833
ASXL1	SETBP1	9606.ENSP00000364839	9606.ENSP00000497406	0	0	0	0	0.042	0.071	0	0.876	0.880
ASXL1	SRSF2	9606.ENSP00000364839	9606.ENSP00000376276	0	0	0	0	0.056	0	0	0.888	0.889
ASXL1	EZH1	9606.ENSP00000364839	9606.ENSP00000404658	0	0	0	0	0.103	0.071	0.900	0.203	0.924
ASXL1	TET2	9606.ENSP00000364839	9606.ENSP00000442788	0	0	0	0	0.049	0	0	0.975	0.975
ASXL1	BAP1	9606.ENSP00000364839	9606.ENSP00000417132	0	0	0	0	0.083	0.922	0.900	0.990	0.999
ATIC	SEC31A	9606.ENSP00000236959	9606.ENSP00000378721	0	0	0	0	0.068	0	0.500	0.610	0.802
ATIC	EML4	9606.ENSP00000236959	9606.ENSP00000320663	0	0	0	0	0.049	0	0.606	0.525	0.807
ATIC	CLTC	9606.ENSP00000236959	9606.ENSP00000479606	0	0.323	0	0	0.058	0	0.500	0.624	0.864
ATIC	NPM1	9606.ENSP00000236959	9606.ENSP00000296930	0	0	0	0	0.261	0	0.500	0.701	0.879
ATIC	GMPS	9606.ENSP00000236959	9606.ENSP00000419851	0.231	0	0	0	0.486	0	0	0.817	0.921
ATIC	ALK	9606.ENSP00000236959	9606.ENSP00000373700	0	0	0	0	0	0.059	0.500	0.867	0.932
ATIC	CANT1	9606.ENSP00000236959	9606.ENSP00000307674	0	0	0	0	0.049	0	0.900	0.444	0.942
ATM	ERCC1	9606.ENSP00000278616	9606.ENSP00000013807	0	0	0	0	0	0	0.900	0.769	0.975
ATM	MLH1	9606.ENSP00000278616	9606.ENSP00000231790	0	0	0	0	0.055	0.287	0.540	0.991	0.997
ATM	MSH2	9606.ENSP00000278616	9606.ENSP00000233146	0	0	0	0	0.066	0.324	0.900	0.994	0.999
ATM	MSH6	9606.ENSP00000278616	9606.ENSP00000234420	0	0	0	0	0.073	0.324	0.900	0.993	0.999
ATM	CDK4	9606.ENSP00000278616	9606.ENSP00000257904	0	0	0	0	0	0.054	0.800	0.696	0.937
ATM	BRIP1	9606.ENSP00000278616	9606.ENSP00000259008	0	0	0	0	0.042	0	0.800	0.678	0.933
ATM	PALB2	9606.ENSP00000278616	9606.ENSP00000261584	0	0	0	0	0	0	0.540	0.886	0.945
ATM	EP300	9606.ENSP00000278616	9606.ENSP00000263253	0	0	0	0	0.074	0	0	0.900	0.904
ATM	MSH3	9606.ENSP00000278616	9606.ENSP00000265081	0	0	0	0	0.090	0.091	0.720	0.765	0.938
ATM	NBN	9606.ENSP00000278616	9606.ENSP00000265433	0	0	0	0	0.049	0.989	0.900	0.935	0.999
ATM	TP53	9606.ENSP00000278616	9606.ENSP00000269305	0	0	0	0	0.103	0.928	0.900	0.975	0.999
ATM	SLX4	9606.ENSP00000278616	9606.ENSP00000294008	0	0	0	0	0	0	0.500	0.619	0.801
ATM	FANCG	9606.ENSP00000278616	9606.ENSP00000367910	0	0	0	0	0	0	0	0.806	0.806
ATM	SMC3	9606.ENSP00000278616	9606.ENSP00000354720	0	0	0	0	0.069	0.331	0	0.714	0.806
ATM	TERT	9606.ENSP00000278616	9606.ENSP00000309572	0	0	0	0	0	0.410	0	0.717	0.825
ATM	CDKN2A	9606.ENSP00000278616	9606.ENSP00000418915	0	0	0	0	0.042	0.053	0	0.845	0.847
ATM	RECQL4	9606.ENSP00000278616	9606.ENSP00000482313	0	0	0	0	0.106	0.300	0	0.792	0.858
ATM	ERCC3	9606.ENSP00000278616	9606.ENSP00000285398	0	0	0	0	0.106	0	0.540	0.694	0.863
ATM	PMS1	9606.ENSP00000278616	9606.ENSP00000406490	0	0	0	0	0.111	0	0.540	0.692	0.863
ATM	PARP1	9606.ENSP00000278616	9606.ENSP00000355759	0	0	0	0	0.056	0.292	0	0.828	0.875
ATM	SMC1A	9606.ENSP00000278616	9606.ENSP00000323421	0	0	0	0	0.069	0.537	0	0.765	0.890
ATM	STK11	9606.ENSP00000278616	9606.ENSP00000324856	0	0	0	0	0.074	0.292	0	0.846	0.890
ATM	ATRX	9606.ENSP00000278616	9606.ENSP00000362441	0	0	0	0	0.251	0.053	0	0.866	0.897
ATM	PTEN	9606.ENSP00000278616	9606.ENSP00000361021	0	0	0	0	0.087	0	0	0.892	0.897
ATM	ERCC2	9606.ENSP00000278616	9606.ENSP00000375809	0	0	0	0	0.049	0	0.500	0.834	0.914
ATM	RAD51C	9606.ENSP00000278616	9606.ENSP00000336701	0	0	0	0	0	0.134	0.500	0.832	0.921
ATM	RAD52	9606.ENSP00000278616	9606.ENSP00000351284	0	0	0	0	0.053	0.463	0.500	0.791	0.940
ATM	FANCI	9606.ENSP00000278616	9606.ENSP00000310842	0	0	0	0	0.042	0.300	0.540	0.847	0.946
ATM	HDAC1	9606.ENSP00000278616	9606.ENSP00000362649	0	0	0	0	0.076	0.331	0	0.923	0.948
ATM	WRN	9606.ENSP00000278616	9606.ENSP00000298139	0	0	0	0	0.144	0.271	0.500	0.873	0.955
ATM	POLD1	9606.ENSP00000278616	9606.ENSP00000472445	0	0	0	0	0.057	0	0.900	0.613	0.960
ATM	XPC	9606.ENSP00000278616	9606.ENSP00000285021	0	0	0	0	0.067	0.469	0.900	0.341	0.962
ATM	ERCC4	9606.ENSP00000278616	9606.ENSP00000310520	0	0	0	0	0.060	0	0.900	0.664	0.965
ATM	ERCC5	9606.ENSP00000278616	9606.ENSP00000498881	0	0	0	0	0.098	0.176	0.900	0.706	0.975
ATM	ATMIN	9606.ENSP00000278616	9606.ENSP00000299575	0	0	0	0	0.042	0.510	0	0.961	0.980
ATM	ABL1	9606.ENSP00000278616	9606.ENSP00000361423	0	0	0	0	0	0.820	0.750	0.774	0.988
ATM	FANCD2	9606.ENSP00000278616	9606.ENSP00000287647	0	0	0	0	0.044	0.321	0.540	0.967	0.989
ATM	RAD50	9606.ENSP00000278616	9606.ENSP00000368100	0	0	0	0	0.105	0.730	0.900	0.635	0.990
ATM	BLM	9606.ENSP00000278616	9606.ENSP00000347232	0	0	0	0	0.108	0.726	0.800	0.846	0.991
ATM	BRCA2	9606.ENSP00000278616	9606.ENSP00000369497	0	0	0	0	0.048	0.313	0.800	0.971	0.995
ATM	RAD51	9606.ENSP00000278616	9606.ENSP00000493712	0	0	0	0	0	0.485	0.800	0.958	0.995
ATM	BRCA1	9606.ENSP00000278616	9606.ENSP00000418960	0	0	0	0	0.042	0.847	0.900	0.999	0.999
ATM	CHEK2	9606.ENSP00000278616	9606.ENSP00000372023	0	0	0	0	0.044	0.836	0.500	0.999	0.999
ATM	MRE11	9606.ENSP00000278616	9606.ENSP00000325863	0	0	0	0	0.236	0.907	0.900	0.941	0.999
ATM	ATR	9606.ENSP00000278616	9606.ENSP00000343741	0	0	0	0.564	0.213	0.974	0.900	0.745	0.999
ATM	TP53BP1	9606.ENSP00000278616	9606.ENSP00000371475	0	0	0	0	0.042	0.874	0.500	0.995	0.999
ATMIN	ATM	9606.ENSP00000299575	9606.ENSP00000278616	0	0	0	0	0.042	0.510	0	0.961	0.980
ATMIN	CHEK2	9606.ENSP00000299575	9606.ENSP00000372023	0	0	0	0	0	0.071	0	0.842	0.846
ATP2B3	CACNA1D	9606.ENSP00000263519	9606.ENSP00000288139	0	0	0	0	0.103	0.091	0	0.807	0.829
ATP2B3	PRKACA	9606.ENSP00000263519	9606.ENSP00000309591	0	0	0	0	0.118	0.046	0.900	0.293	0.932
ATP6AP1	ATP6V1B2	9606.ENSP00000358777	9606.ENSP00000276390	0	0	0	0	0.706	0.928	0.540	0.618	0.995
ATP6AP1	PRKCB	9606.ENSP00000358777	9606.ENSP00000496129	0	0	0	0	0.042	0	0.900	0.069	0.903
ATP6V1B2	ATP6AP1	9606.ENSP00000276390	9606.ENSP00000358777	0	0	0	0	0.706	0.928	0.540	0.618	0.995
ATR	MSH2	9606.ENSP00000343741	9606.ENSP00000233146	0	0	0	0	0.292	0.775	0	0.481	0.910
ATR	MSH6	9606.ENSP00000343741	9606.ENSP00000234420	0	0	0	0	0.163	0.622	0	0.489	0.824
ATR	NBN	9606.ENSP00000343741	9606.ENSP00000265433	0	0	0	0	0.095	0.724	0.500	0.749	0.964
ATR	FANCM	9606.ENSP00000343741	9606.ENSP00000267430	0	0	0	0	0.138	0.454	0.900	0.605	0.978
ATR	TP53	9606.ENSP00000343741	9606.ENSP00000269305	0	0	0	0	0	0.838	0.900	0.781	0.996
ATR	ATM	9606.ENSP00000343741	9606.ENSP00000278616	0	0	0	0.564	0.213	0.974	0.900	0.745	0.999
ATR	FANCD2	9606.ENSP00000343741	9606.ENSP00000287647	0	0	0	0	0.102	0.621	0.500	0.639	0.930
ATR	WRN	9606.ENSP00000343741	9606.ENSP00000298139	0	0	0	0	0.227	0.796	0.500	0.623	0.966
ATR	FANCI	9606.ENSP00000343741	9606.ENSP00000310842	0	0	0	0	0.056	0.292	0.900	0.475	0.960
ATR	PPP2R2A	9606.ENSP00000343741	9606.ENSP00000325074	0	0	0	0	0.081	0.840	0	0.100	0.856
ATR	MRE11	9606.ENSP00000343741	9606.ENSP00000325863	0	0	0	0	0.131	0.830	0.500	0.626	0.968
ATR	RAD51C	9606.ENSP00000343741	9606.ENSP00000336701	0	0	0	0	0.062	0.314	0.500	0.562	0.840
ATR	BRCA2	9606.ENSP00000343741	9606.ENSP00000369497	0	0	0	0	0.105	0	0.500	0.654	0.831
ATR	RECQL4	9606.ENSP00000343741	9606.ENSP00000482313	0	0	0	0	0.113	0.765	0	0.532	0.894
ATR	RAD50	9606.ENSP00000343741	9606.ENSP00000368100	0	0	0	0	0.171	0.508	0.500	0.590	0.905
ATR	FANCG	9606.ENSP00000343741	9606.ENSP00000367910	0	0	0	0	0.049	0	0.900	0.220	0.919
ATR	RAD51	9606.ENSP00000343741	9606.ENSP00000493712	0	0	0	0	0.056	0.473	0.500	0.796	0.942
ATR	FANCA	9606.ENSP00000343741	9606.ENSP00000373952	0	0	0	0	0.068	0.292	0.900	0.376	0.953
ATR	RAD52	9606.ENSP00000343741	9606.ENSP00000351284	0	0	0	0	0.056	0.585	0.500	0.800	0.955
ATR	BLM	9606.ENSP00000343741	9606.ENSP00000347232	0	0	0	0	0.141	0.826	0.500	0.558	0.962
ATR	TP53BP1	9606.ENSP00000343741	9606.ENSP00000371475	0	0	0	0	0.055	0.884	0	0.792	0.975
ATR	BRCA1	9606.ENSP00000343741	9606.ENSP00000418960	0	0	0	0	0.106	0.838	0.900	0.812	0.996
ATR	CHEK2	9606.ENSP00000343741	9606.ENSP00000372023	0	0	0	0	0.049	0.970	0	0.955	0.998
ATRX	H3-3B	9606.ENSP00000362441	9606.ENSP00000254810	0	0	0	0	0.054	0.984	0.500	0.981	0.999
ATRX	BRD4	9606.ENSP00000362441	9606.ENSP00000263377	0	0	0	0	0.062	0.753	0	0.315	0.827
ATRX	TP53	9606.ENSP00000362441	9606.ENSP00000269305	0	0	0	0	0	0.510	0	0.962	0.981
ATRX	ATM	9606.ENSP00000362441	9606.ENSP00000278616	0	0	0	0	0.251	0.053	0	0.866	0.897
ATRX	WRN	9606.ENSP00000362441	9606.ENSP00000298139	0.048	0	0	0	0.057	0.399	0	0.752	0.848
ATRX	MRE11	9606.ENSP00000362441	9606.ENSP00000325863	0.057	0	0	0	0.169	0.652	0	0.519	0.851
ATRX	H3C13	9606.ENSP00000362441	9606.ENSP00000333277	0	0	0	0	0.049	0.911	0	0.913	0.992
ATRX	MEN1	9606.ENSP00000362441	9606.ENSP00000337088	0	0	0	0	0.091	0.295	0	0.800	0.861
ATRX	RAD52	9606.ENSP00000362441	9606.ENSP00000351284	0	0	0	0	0.047	0.129	0	0.992	0.993
ATRX	DNMT1	9606.ENSP00000362441	9606.ENSP00000352516	0	0	0	0	0.081	0.071	0	0.800	0.814
ATRX	BRCA1	9606.ENSP00000362441	9606.ENSP00000418960	0	0	0	0	0.049	0	0	0.856	0.858
ATRX	BRCA2	9606.ENSP00000362441	9606.ENSP00000369497	0	0	0	0	0.056	0.053	0	0.888	0.891
ATRX	H3C8	9606.ENSP00000362441	9606.ENSP00000484638	0	0	0	0	0	0.911	0	0.115	0.918
ATRX	H3C1	9606.ENSP00000362441	9606.ENSP00000480826	0	0	0	0	0	0.961	0	0.129	0.964
ATRX	RAD51	9606.ENSP00000362441	9606.ENSP00000493712	0.042	0	0	0	0	0.886	0	0.998	0.999
ATXN2	FUS	9606.ENSP00000446576	9606.ENSP00000254108	0	0	0	0	0.071	0.095	0	0.917	0.924
ATXN2	ATXN7	9606.ENSP00000446576	9606.ENSP00000295900	0	0	0	0	0.059	0	0	0.912	0.913
ATXN2	LRRK2	9606.ENSP00000446576	9606.ENSP00000298910	0	0	0	0	0	0.314	0	0.770	0.835
ATXN7	ATXN2	9606.ENSP00000295900	9606.ENSP00000446576	0	0	0	0	0.059	0	0	0.912	0.913
ATXN7	TRRAP	9606.ENSP00000295900	9606.ENSP00000352925	0	0	0	0	0.042	0.990	0.800	0.661	0.999
AXIN1	TSC2	9606.ENSP00000262320	9606.ENSP00000219476	0	0	0	0	0.090	0.292	0	0.724	0.806
AXIN1	APC	9606.ENSP00000262320	9606.ENSP00000257430	0	0	0	0	0.054	0.994	0.900	0.996	0.999
AXIN1	LRP6	9606.ENSP00000262320	9606.ENSP00000261349	0	0	0	0	0	0.851	0.500	0.999	0.999
AXIN1	ESR1	9606.ENSP00000262320	9606.ENSP00000405330	0	0	0	0	0	0	0.750	0.353	0.831
AXIN1	CDH2	9606.ENSP00000262320	9606.ENSP00000269141	0	0	0	0	0.055	0.095	0	0.823	0.835
AXIN1	TP53	9606.ENSP00000262320	9606.ENSP00000269305	0	0	0	0	0.049	0.639	0	0.746	0.905
AXIN1	MAP3K1	9606.ENSP00000262320	9606.ENSP00000382423	0	0	0	0	0.049	0.788	0	0.720	0.938
AXIN1	STK11	9606.ENSP00000262320	9606.ENSP00000324856	0	0	0	0	0.307	0.079	0	0.990	0.993
AXIN1	CTNNB1	9606.ENSP00000262320	9606.ENSP00000495360	0	0	0	0	0.057	0.982	0.900	0.999	0.999
AXIN1	AXIN2	9606.ENSP00000262320	9606.ENSP00000302625	0	0	0	0.884	0	0.503	0.900	0.984	0.999
AXIN1	AMER1	9606.ENSP00000262320	9606.ENSP00000364003	0	0	0	0	0.103	0.800	0.800	0.995	0.999
AXIN1	LRP5	9606.ENSP00000262320	9606.ENSP00000294304	0	0	0	0	0.074	0.658	0.500	0.999	0.999
AXIN2	APC	9606.ENSP00000302625	9606.ENSP00000257430	0	0	0	0	0.054	0.567	0.900	0.993	0.999
AXIN2	AXIN1	9606.ENSP00000302625	9606.ENSP00000262320	0	0	0	0.884	0	0.503	0.900	0.984	0.999
AXIN2	LRP5	9606.ENSP00000302625	9606.ENSP00000294304	0	0	0	0	0	0.126	0	0.840	0.854
AXIN2	RNF43	9606.ENSP00000302625	9606.ENSP00000463069	0	0	0	0	0.124	0	0	0.787	0.805
AXIN2	CTNNB1	9606.ENSP00000302625	9606.ENSP00000495360	0	0	0	0	0.057	0.869	0.900	0.993	0.999
AXL	PIK3R1	9606.ENSP00000301178	9606.ENSP00000428056	0	0	0	0	0	0.581	0.500	0.518	0.890
AXL	PLCG2	9606.ENSP00000301178	9606.ENSP00000482457	0	0	0	0	0	0	0.900	0.220	0.918
BAP1	SUZ12	9606.ENSP00000417132	9606.ENSP00000316578	0	0	0	0	0	0	0.900	0.167	0.913
BAP1	EED	9606.ENSP00000417132	9606.ENSP00000338186	0	0	0	0	0.055	0	0.900	0.077	0.905
BAP1	ASXL1	9606.ENSP00000417132	9606.ENSP00000364839	0	0	0	0	0.083	0.922	0.900	0.990	0.999
BAP1	EZH1	9606.ENSP00000417132	9606.ENSP00000404658	0	0	0	0	0.105	0	0.900	0.046	0.907
BAP1	BRCA1	9606.ENSP00000417132	9606.ENSP00000418960	0	0	0	0	0	0.292	0.500	0.987	0.995
BCL2	H3-3B	9606.ENSP00000381185	9606.ENSP00000254810	0	0	0	0	0.078	0.050	0.500	0.599	0.801
BCL2	CDK4	9606.ENSP00000381185	9606.ENSP00000257904	0	0	0	0	0.047	0.209	0	0.775	0.815
BCL2	EP300	9606.ENSP00000381185	9606.ENSP00000263253	0	0	0	0	0.049	0	0.500	0.747	0.869
BCL2	TP53	9606.ENSP00000381185	9606.ENSP00000269305	0	0	0	0	0.103	0.869	0.900	0.999	0.999
BCL2	ERBB2	9606.ENSP00000381185	9606.ENSP00000269571	0	0	0	0	0.048	0	0	0.848	0.849
BCL2	EGFR	9606.ENSP00000381185	9606.ENSP00000275493	0	0	0	0	0.048	0	0	0.838	0.839
BCL2	PPP2R2A	9606.ENSP00000381185	9606.ENSP00000325074	0	0	0	0	0.074	0	0.900	0.220	0.921
BCL2	H3C13	9606.ENSP00000381185	9606.ENSP00000333277	0	0	0	0	0.067	0.050	0.500	0.618	0.808
BCL2	PARP1	9606.ENSP00000381185	9606.ENSP00000355759	0	0	0	0	0.112	0.292	0	0.879	0.917
BCL2	XIAP	9606.ENSP00000381185	9606.ENSP00000360242	0	0	0	0	0.048	0.299	0	0.933	0.951
BCL2	PTEN	9606.ENSP00000381185	9606.ENSP00000361021	0	0	0	0	0.049	0.057	0	0.810	0.815
BCL2	KEAP1	9606.ENSP00000381185	9606.ENSP00000377245	0	0	0	0	0	0.292	0	0.892	0.920
BCL2	BRCA1	9606.ENSP00000381185	9606.ENSP00000418960	0	0	0	0	0	0.201	0	0.760	0.800
BCL2	ACTB	9606.ENSP00000381185	9606.ENSP00000494750	0	0	0	0	0	0.071	0	0.881	0.885
BCL2	RAF1	9606.ENSP00000381185	9606.ENSP00000401888	0	0	0	0	0.051	0.625	0	0.723	0.892
BCL2	ESR1	9606.ENSP00000381185	9606.ENSP00000405330	0	0	0	0	0.083	0.045	0.500	0.794	0.897
BCL2	HIF1A	9606.ENSP00000381185	9606.ENSP00000437955	0	0	0	0	0	0.510	0	0.895	0.946
BCL9L	TLE3	9606.ENSP00000335320	9606.ENSP00000452871	0	0	0	0	0.047	0	0.900	0.110	0.907
BCL9L	CTNNB1	9606.ENSP00000335320	9606.ENSP00000495360	0	0	0	0	0	0.292	0.900	0.908	0.992
BCOR	KDM2B	9606.ENSP00000367705	9606.ENSP00000366271	0	0	0	0	0.099	0.851	0	0.903	0.986
BCOR	BRCA1	9606.ENSP00000367705	9606.ENSP00000418960	0	0	0	0	0.049	0.065	0.900	0.055	0.904
BCOR	MLLT3	9606.ENSP00000367705	9606.ENSP00000369695	0	0	0	0	0	0.978	0	0.759	0.994
BCORL1	KDM2B	9606.ENSP00000437775	9606.ENSP00000366271	0	0	0	0	0.067	0.943	0	0.797	0.988
BCR	KIT	9606.ENSP00000303507	9606.ENSP00000288135	0	0	0	0	0.057	0.677	0	0.418	0.807
BCR	STAT5B	9606.ENSP00000303507	9606.ENSP00000293328	0	0	0	0	0.138	0	0.900	0.321	0.936
BCR	STAT5A	9606.ENSP00000303507	9606.ENSP00000341208	0	0	0	0	0	0	0.900	0.273	0.924
BCR	ABL1	9606.ENSP00000303507	9606.ENSP00000361423	0	0	0	0	0.083	0.737	0.900	0.869	0.996
BIRC6	XIAP	9606.ENSP00000393596	9606.ENSP00000360242	0	0	0	0.573	0.180	0.091	0	0.832	0.864
BLM	FANCE	9606.ENSP00000347232	9606.ENSP00000229769	0	0	0	0	0.084	0	0	0.805	0.814
BLM	MLH1	9606.ENSP00000347232	9606.ENSP00000231790	0.045	0	0	0	0.135	0.996	0.500	0.807	0.999
BLM	MSH2	9606.ENSP00000347232	9606.ENSP00000233146	0.047	0	0	0	0.291	0.638	0	0.664	0.907
BLM	MSH6	9606.ENSP00000347232	9606.ENSP00000234420	0.047	0	0	0	0.228	0.716	0	0.883	0.972
BLM	CDK4	9606.ENSP00000347232	9606.ENSP00000257904	0	0	0	0	0.085	0.130	0.800	0.150	0.846
BLM	BRIP1	9606.ENSP00000347232	9606.ENSP00000259008	0.047	0	0	0	0.234	0.510	0.500	0.763	0.950
BLM	NBN	9606.ENSP00000347232	9606.ENSP00000265433	0	0	0	0	0.060	0.522	0.500	0.708	0.925
BLM	FANCM	9606.ENSP00000347232	9606.ENSP00000267430	0	0	0	0	0.181	0.999	0.900	0.839	0.999
BLM	TP53	9606.ENSP00000347232	9606.ENSP00000269305	0	0	0	0	0.059	0.844	0.400	0.324	0.932
BLM	ATM	9606.ENSP00000347232	9606.ENSP00000278616	0	0	0	0	0.108	0.726	0.800	0.846	0.991
BLM	FANCD2	9606.ENSP00000347232	9606.ENSP00000287647	0	0	0	0	0.329	0.542	0	0.800	0.933
BLM	WRN	9606.ENSP00000347232	9606.ENSP00000298139	0	0	0.160	0.584	0.126	0.292	0.500	0.358	0.802
BLM	ERCC4	9606.ENSP00000347232	9606.ENSP00000310520	0	0	0	0	0.074	0.452	0.400	0.476	0.819
BLM	MRE11	9606.ENSP00000347232	9606.ENSP00000325863	0.054	0	0	0	0.227	0.853	0.500	0.517	0.969
BLM	RAD51C	9606.ENSP00000347232	9606.ENSP00000336701	0.042	0	0	0	0.157	0.426	0.500	0.485	0.859
BLM	ATR	9606.ENSP00000347232	9606.ENSP00000343741	0	0	0	0	0.141	0.826	0.500	0.558	0.962
BLM	RTEL1	9606.ENSP00000347232	9606.ENSP00000353332	0.047	0	0	0	0.090	0	0.400	0.716	0.832
BLM	RAD50	9606.ENSP00000347232	9606.ENSP00000368100	0.052	0	0	0	0.103	0.724	0.500	0.423	0.920
BLM	BRCA2	9606.ENSP00000347232	9606.ENSP00000369497	0	0	0	0	0.342	0	0.800	0.551	0.935
BLM	RAD52	9606.ENSP00000347232	9606.ENSP00000351284	0	0	0	0	0.063	0.763	0.500	0.672	0.958
BLM	BRCA1	9606.ENSP00000347232	9606.ENSP00000418960	0	0	0	0	0.437	0.691	0.500	0.742	0.974
BLM	TP53BP1	9606.ENSP00000347232	9606.ENSP00000371475	0	0	0	0	0.099	0.918	0	0.725	0.978
BLM	RAD51	9606.ENSP00000347232	9606.ENSP00000493712	0.042	0	0	0	0.437	0.970	0.500	0.891	0.998
BLM	FANCA	9606.ENSP00000347232	9606.ENSP00000373952	0	0	0	0	0.344	0.994	0	0.835	0.999
BLM	FANCG	9606.ENSP00000347232	9606.ENSP00000367910	0	0	0	0	0.203	0.994	0	0.809	0.999
BRAF	TSC2	9606.ENSP00000419060	9606.ENSP00000219476	0	0	0	0	0	0.046	0	0.831	0.832
BRAF	MLH1	9606.ENSP00000419060	9606.ENSP00000231790	0	0	0	0	0	0	0	0.876	0.876
BRAF	MSH6	9606.ENSP00000419060	9606.ENSP00000234420	0	0	0	0	0	0.045	0	0.805	0.806
BRAF	PIK3CA	9606.ENSP00000419060	9606.ENSP00000263967	0	0	0	0	0.128	0.190	0	0.931	0.947
BRAF	TP53	9606.ENSP00000419060	9606.ENSP00000269305	0	0	0	0	0.076	0	0	0.883	0.887
BRAF	TERT	9606.ENSP00000419060	9606.ENSP00000309572	0	0	0	0	0.059	0.190	0	0.776	0.815
BRAF	PRKACA	9606.ENSP00000419060	9606.ENSP00000309591	0	0	0	0.596	0.054	0.088	0.900	0.204	0.922
BRAF	TRIM24	9606.ENSP00000419060	9606.ENSP00000340507	0	0	0	0	0.074	0.053	0.500	0.676	0.839
BRAF	NF1	9606.ENSP00000419060	9606.ENSP00000351015	0	0	0	0	0.067	0.092	0	0.895	0.903
BRAF	PTEN	9606.ENSP00000419060	9606.ENSP00000361021	0	0	0	0	0.094	0.206	0	0.927	0.943
BRAF	KSR2	9606.ENSP00000419060	9606.ENSP00000389715	0	0	0	0.646	0	0.379	0.500	0.476	0.823
BRAF	RAF1	9606.ENSP00000419060	9606.ENSP00000401888	0	0	0.066	0.945	0	0.927	0.900	0.983	0.999
BRAF	KIAA1549	9606.ENSP00000419060	9606.ENSP00000416040	0	0	0	0	0.048	0.092	0.500	0.907	0.954
BRAF	CDKN2A	9606.ENSP00000419060	9606.ENSP00000418915	0	0	0	0	0	0.095	0	0.886	0.892
BRAF	PTPN11	9606.ENSP00000419060	9606.ENSP00000489597	0	0	0	0	0.049	0.098	0	0.852	0.862
BRAF	PRKCB	9606.ENSP00000419060	9606.ENSP00000496129	0	0	0	0.578	0	0.050	0.900	0.126	0.909
BRCA1	ERCC1	9606.ENSP00000418960	9606.ENSP00000013807	0	0	0	0	0.055	0.439	0.540	0.747	0.930
BRCA1	FANCE	9606.ENSP00000418960	9606.ENSP00000229769	0	0	0	0	0.085	0.439	0	0.857	0.920
BRCA1	MLH1	9606.ENSP00000418960	9606.ENSP00000231790	0	0	0	0	0.087	0.835	0.540	0.930	0.994
BRCA1	MSH2	9606.ENSP00000418960	9606.ENSP00000233146	0	0	0	0	0.227	0.725	0.540	0.946	0.994
BRCA1	MSH6	9606.ENSP00000418960	9606.ENSP00000234420	0	0	0	0	0.236	0.611	0.540	0.977	0.996
BRCA1	CDK4	9606.ENSP00000418960	9606.ENSP00000257904	0	0	0	0	0.127	0.625	0.800	0.633	0.972
BRCA1	BRIP1	9606.ENSP00000418960	9606.ENSP00000259008	0	0	0	0	0.380	0.999	0.900	0.997	0.999
BRCA1	PALB2	9606.ENSP00000418960	9606.ENSP00000261584	0	0	0	0	0.097	0.944	0.900	0.999	0.999
BRCA1	CREBBP	9606.ENSP00000418960	9606.ENSP00000262367	0	0	0	0	0.061	0.833	0	0.814	0.968
BRCA1	EP300	9606.ENSP00000418960	9606.ENSP00000263253	0	0	0	0	0.068	0.820	0	0.928	0.986
BRCA1	MSH3	9606.ENSP00000418960	9606.ENSP00000265081	0	0	0	0	0.084	0.313	0.540	0.725	0.910
BRCA1	NBN	9606.ENSP00000418960	9606.ENSP00000265433	0	0	0	0	0.068	0.868	0.540	0.902	0.993
BRCA1	RB1	9606.ENSP00000418960	9606.ENSP00000267163	0	0	0	0	0.070	0.727	0	0.485	0.858
BRCA1	FANCM	9606.ENSP00000418960	9606.ENSP00000267430	0	0	0	0	0.163	0.439	0	0.835	0.916
BRCA1	TP53	9606.ENSP00000418960	9606.ENSP00000269305	0	0	0	0	0.067	0.895	0.500	0.999	0.999
BRCA1	ERBB2	9606.ENSP00000418960	9606.ENSP00000269571	0	0	0	0	0	0	0	0.918	0.918
BRCA1	EGFR	9606.ENSP00000418960	9606.ENSP00000275493	0	0	0	0	0	0.103	0	0.786	0.800
BRCA1	ATM	9606.ENSP00000418960	9606.ENSP00000278616	0	0	0	0	0.042	0.847	0.900	0.999	0.999
BRCA1	BUB1B	9606.ENSP00000418960	9606.ENSP00000287598	0	0	0	0	0.408	0	0.720	0.473	0.905
BRCA1	FANCD2	9606.ENSP00000418960	9606.ENSP00000287647	0	0	0	0	0.472	0.779	0.540	0.998	0.999
BRCA1	SLX4	9606.ENSP00000418960	9606.ENSP00000294008	0	0	0	0	0.067	0.439	0.500	0.681	0.905
BRCA1	RAD21	9606.ENSP00000418960	9606.ENSP00000297338	0	0	0	0	0.102	0.164	0.500	0.627	0.841
BRCA1	WRN	9606.ENSP00000418960	9606.ENSP00000298139	0	0	0	0	0.079	0.702	0.500	0.891	0.983
BRCA1	ERCC4	9606.ENSP00000418960	9606.ENSP00000310520	0	0	0	0	0.102	0.439	0.540	0.674	0.914
BRCA1	FANCI	9606.ENSP00000418960	9606.ENSP00000310842	0	0	0	0	0.510	0.439	0.540	0.952	0.993
BRCA1	ARID1A	9606.ENSP00000418960	9606.ENSP00000320485	0	0	0	0	0.049	0.439	0	0.657	0.801
BRCA1	POLE	9606.ENSP00000418960	9606.ENSP00000322570	0	0	0	0	0.370	0.439	0.400	0.662	0.919
BRCA1	SMC1A	9606.ENSP00000418960	9606.ENSP00000323421	0	0	0	0	0.161	0.401	0.500	0.754	0.930
BRCA1	PGR	9606.ENSP00000418960	9606.ENSP00000325120	0	0	0	0	0	0.512	0	0.928	0.963
BRCA1	MRE11	9606.ENSP00000418960	9606.ENSP00000325863	0	0	0	0	0.174	0.994	0.540	0.973	0.999
BRCA1	SMAD3	9606.ENSP00000418960	9606.ENSP00000332973	0	0	0	0	0	0.510	0	0.740	0.867
BRCA1	RAD51C	9606.ENSP00000418960	9606.ENSP00000336701	0	0	0	0	0.211	0.045	0.500	0.953	0.980
BRCA1	ATR	9606.ENSP00000418960	9606.ENSP00000343741	0	0	0	0	0.106	0.838	0.900	0.812	0.996
BRCA1	SMARCA4	9606.ENSP00000418960	9606.ENSP00000343896	0	0	0	0	0.056	0.628	0	0.957	0.983
BRCA1	BLM	9606.ENSP00000418960	9606.ENSP00000347232	0	0	0	0	0.437	0.691	0.500	0.742	0.974
BRCA1	NF1	9606.ENSP00000418960	9606.ENSP00000351015	0	0	0	0	0.074	0.095	0	0.864	0.876
BRCA1	RAD52	9606.ENSP00000418960	9606.ENSP00000351284	0	0	0	0	0.050	0.421	0.500	0.961	0.987
BRCA1	RTEL1	9606.ENSP00000418960	9606.ENSP00000353332	0	0	0	0	0.131	0	0.400	0.738	0.852
BRCA1	PARP1	9606.ENSP00000418960	9606.ENSP00000355759	0	0	0	0	0.085	0.596	0	0.935	0.974
BRCA1	PTEN	9606.ENSP00000418960	9606.ENSP00000361021	0	0	0	0	0.067	0	0	0.816	0.821
BRCA1	ABL1	9606.ENSP00000418960	9606.ENSP00000361423	0	0	0	0	0	0.483	0.500	0.847	0.956
BRCA1	ATRX	9606.ENSP00000418960	9606.ENSP00000362441	0	0	0	0	0.049	0	0	0.856	0.858
BRCA1	HDAC1	9606.ENSP00000418960	9606.ENSP00000362649	0	0	0	0	0.055	0.510	0	0.917	0.958
BRCA1	AR	9606.ENSP00000418960	9606.ENSP00000363822	0	0	0	0	0	0.612	0	0.773	0.908
BRCA1	BCOR	9606.ENSP00000418960	9606.ENSP00000367705	0	0	0	0	0.049	0.065	0.900	0.055	0.904
BRCA1	FANCG	9606.ENSP00000418960	9606.ENSP00000367910	0	0	0	0	0.141	0.439	0	0.884	0.939
BRCA1	RAD50	9606.ENSP00000418960	9606.ENSP00000368100	0	0	0	0	0.072	0.994	0.540	0.762	0.999
BRCA1	BRCA2	9606.ENSP00000418960	9606.ENSP00000369497	0	0	0	0	0.383	0.896	0.900	0.999	0.999
BRCA1	ABRAXAS1	9606.ENSP00000418960	9606.ENSP00000369857	0	0	0	0	0.056	0.994	0.900	0.997	0.999
BRCA1	TP53BP1	9606.ENSP00000418960	9606.ENSP00000371475	0	0	0	0	0.050	0.826	0.500	0.999	0.999
BRCA1	CHEK2	9606.ENSP00000418960	9606.ENSP00000372023	0	0	0	0	0.218	0.842	0.500	0.997	0.999
BRCA1	FANCA	9606.ENSP00000418960	9606.ENSP00000373952	0	0	0	0	0.328	0.702	0	0.977	0.995
BRCA1	ERCC2	9606.ENSP00000418960	9606.ENSP00000375809	0	0	0	0	0.073	0	0.500	0.762	0.880
BRCA1	BCL2	9606.ENSP00000418960	9606.ENSP00000381185	0	0	0	0	0	0.201	0	0.760	0.800
BRCA1	FANCL	9606.ENSP00000418960	9606.ENSP00000385021	0	0	0	0	0.108	0.439	0	0.689	0.830
BRCA1	NCOA2	9606.ENSP00000418960	9606.ENSP00000399968	0	0	0	0	0.043	0.510	0	0.651	0.822
BRCA1	ESR1	9606.ENSP00000418960	9606.ENSP00000405330	0	0	0	0	0	0.904	0	0.995	0.999
BRCA1	PMS1	9606.ENSP00000418960	9606.ENSP00000406490	0	0	0	0	0.080	0	0.540	0.752	0.886
BRCA1	TOP2A	9606.ENSP00000418960	9606.ENSP00000411532	0	0	0	0	0.381	0.401	0	0.593	0.836
BRCA1	BAP1	9606.ENSP00000418960	9606.ENSP00000417132	0	0	0	0	0	0.292	0.500	0.987	0.995
BRCA1	CDKN2A	9606.ENSP00000418960	9606.ENSP00000418915	0	0	0	0	0.045	0.309	0	0.766	0.832
BRCA1	EMSY	9606.ENSP00000418960	9606.ENSP00000433205	0	0	0	0	0.072	0.439	0	0.691	0.825
BRCA1	ERCC5	9606.ENSP00000418960	9606.ENSP00000498881	0	0	0	0	0.074	0.292	0.540	0.739	0.911
BRCA1	POLD1	9606.ENSP00000418960	9606.ENSP00000472445	0	0	0	0	0.189	0.421	0.540	0.743	0.937
BRCA1	DROSHA	9606.ENSP00000418960	9606.ENSP00000425979	0	0	0	0	0.105	0	0	0.940	0.944
BRCA1	RAD51	9606.ENSP00000418960	9606.ENSP00000493712	0	0	0	0	0.501	0.923	0.800	0.999	0.999
BRCA2	ERCC1	9606.ENSP00000369497	9606.ENSP00000013807	0	0	0	0	0	0	0.540	0.743	0.877
BRCA2	FANCE	9606.ENSP00000369497	9606.ENSP00000229769	0	0	0	0	0.049	0.292	0	0.862	0.899
BRCA2	MLH1	9606.ENSP00000369497	9606.ENSP00000231790	0	0	0	0	0.044	0	0.540	0.905	0.954
BRCA2	MSH2	9606.ENSP00000369497	9606.ENSP00000233146	0	0	0	0	0.160	0	0.540	0.925	0.968
BRCA2	MSH6	9606.ENSP00000369497	9606.ENSP00000234420	0	0	0	0	0.142	0	0.540	0.924	0.967
BRCA2	PARP2	9606.ENSP00000369497	9606.ENSP00000250416	0	0	0	0	0.049	0.225	0.400	0.730	0.865
BRCA2	CDK4	9606.ENSP00000369497	9606.ENSP00000257904	0	0	0	0	0.059	0.046	0.800	0.720	0.943
BRCA2	BRIP1	9606.ENSP00000369497	9606.ENSP00000259008	0	0	0	0	0.435	0.292	0.900	0.975	0.998
BRCA2	PALB2	9606.ENSP00000369497	9606.ENSP00000261584	0	0	0	0	0.166	0.997	0.900	0.999	0.999
BRCA2	PIK3CA	9606.ENSP00000369497	9606.ENSP00000263967	0	0	0	0	0.047	0	0	0.811	0.812
BRCA2	POLQ	9606.ENSP00000369497	9606.ENSP00000264233	0	0	0	0	0.302	0	0.400	0.570	0.804
BRCA2	MSH3	9606.ENSP00000369497	9606.ENSP00000265081	0	0	0	0	0.140	0	0.540	0.626	0.839
BRCA2	NBN	9606.ENSP00000369497	9606.ENSP00000265433	0	0	0	0	0.116	0	0.500	0.795	0.901
BRCA2	FANCM	9606.ENSP00000369497	9606.ENSP00000267430	0	0	0	0	0.152	0	0	0.929	0.937
BRCA2	TP53	9606.ENSP00000369497	9606.ENSP00000269305	0	0	0	0	0.066	0.828	0	0.974	0.995
BRCA2	ERBB2	9606.ENSP00000369497	9606.ENSP00000269571	0	0	0	0	0	0	0	0.873	0.873
BRCA2	ATM	9606.ENSP00000369497	9606.ENSP00000278616	0	0	0	0	0.048	0.313	0.800	0.971	0.995
BRCA2	BUB1B	9606.ENSP00000369497	9606.ENSP00000287598	0	0	0	0	0.274	0.625	0.720	0.467	0.953
BRCA2	FANCD2	9606.ENSP00000369497	9606.ENSP00000287647	0	0	0	0	0.217	0.842	0.900	0.999	0.999
BRCA2	SLX4	9606.ENSP00000369497	9606.ENSP00000294008	0	0	0	0	0	0	0.500	0.768	0.879
BRCA2	NPM1	9606.ENSP00000369497	9606.ENSP00000296930	0	0	0	0	0.086	0.292	0	0.796	0.856
BRCA2	WRN	9606.ENSP00000369497	9606.ENSP00000298139	0	0	0	0	0.142	0	0.500	0.761	0.888
BRCA2	ERCC4	9606.ENSP00000369497	9606.ENSP00000310520	0	0	0	0	0.090	0	0.540	0.675	0.852
BRCA2	FANCI	9606.ENSP00000369497	9606.ENSP00000310842	0	0	0	0	0.295	0.230	0.540	0.987	0.996
BRCA2	POLE	9606.ENSP00000369497	9606.ENSP00000322570	0	0	0	0	0.220	0	0.400	0.703	0.849
BRCA2	STK11	9606.ENSP00000369497	9606.ENSP00000324856	0	0	0	0	0	0	0	0.830	0.830
BRCA2	MRE11	9606.ENSP00000369497	9606.ENSP00000325863	0	0	0	0	0.126	0	0.500	0.932	0.967
BRCA2	RAD51C	9606.ENSP00000369497	9606.ENSP00000336701	0	0	0	0	0.067	0.635	0.900	0.976	0.999
BRCA2	ATR	9606.ENSP00000369497	9606.ENSP00000343741	0	0	0	0	0.105	0	0.500	0.654	0.831
BRCA2	BLM	9606.ENSP00000369497	9606.ENSP00000347232	0	0	0	0	0.342	0	0.800	0.551	0.935
BRCA2	RAD52	9606.ENSP00000369497	9606.ENSP00000351284	0	0	0	0	0.056	0.225	0	0.991	0.993
BRCA2	PARP1	9606.ENSP00000369497	9606.ENSP00000355759	0	0	0	0	0.060	0.621	0.400	0.942	0.985
BRCA2	PTEN	9606.ENSP00000369497	9606.ENSP00000361021	0	0	0	0	0	0	0	0.877	0.877
BRCA2	ATRX	9606.ENSP00000369497	9606.ENSP00000362441	0	0	0	0	0.056	0.053	0	0.888	0.891
BRCA2	FANCG	9606.ENSP00000369497	9606.ENSP00000367910	0	0	0	0	0.067	0.735	0	0.990	0.997
BRCA2	CDKN2A	9606.ENSP00000369497	9606.ENSP00000418915	0	0	0	0	0.043	0	0	0.805	0.806
BRCA2	PMS1	9606.ENSP00000369497	9606.ENSP00000406490	0	0	0	0	0.056	0.142	0.540	0.629	0.843
BRCA2	POLD1	9606.ENSP00000369497	9606.ENSP00000472445	0	0	0	0	0.134	0	0.540	0.761	0.896
BRCA2	FANCL	9606.ENSP00000369497	9606.ENSP00000385021	0	0	0	0	0.067	0	0	0.899	0.902
BRCA2	FANCB	9606.ENSP00000369497	9606.ENSP00000498215	0	0	0	0	0.216	0	0	0.890	0.910
BRCA2	ERCC5	9606.ENSP00000369497	9606.ENSP00000498881	0	0	0	0	0.056	0.292	0.540	0.750	0.913
BRCA2	TP53BP1	9606.ENSP00000369497	9606.ENSP00000371475	0	0	0	0	0	0.571	0.360	0.740	0.922
BRCA2	FANCA	9606.ENSP00000369497	9606.ENSP00000373952	0	0	0	0	0.186	0	0	0.962	0.968
BRCA2	CHEK2	9606.ENSP00000369497	9606.ENSP00000372023	0	0	0	0	0.100	0.532	0	0.968	0.985
BRCA2	EMSY	9606.ENSP00000369497	9606.ENSP00000433205	0	0	0	0	0.056	0.292	0	0.996	0.997
BRCA2	RAD51	9606.ENSP00000369497	9606.ENSP00000493712	0	0	0	0	0.280	0.996	0.900	0.999	0.999
BRCA2	BRCA1	9606.ENSP00000369497	9606.ENSP00000418960	0	0	0	0	0.383	0.896	0.900	0.999	0.999
BRD4	CRBN	9606.ENSP00000263377	9606.ENSP00000231948	0	0	0	0	0	0.900	0	0.794	0.978
BRD4	H3-3B	9606.ENSP00000263377	9606.ENSP00000254810	0	0	0	0	0.079	0.580	0	0.989	0.995
BRD4	VHL	9606.ENSP00000263377	9606.ENSP00000256474	0	0	0	0	0.049	0.926	0	0.203	0.939
BRD4	EP300	9606.ENSP00000263377	9606.ENSP00000263253	0	0	0	0.549	0.326	0.787	0	0.927	0.988
BRD4	ARID1A	9606.ENSP00000263377	9606.ENSP00000320485	0	0	0	0	0.535	0	0	0.625	0.818
BRD4	NUMA1	9606.ENSP00000263377	9606.ENSP00000377298	0	0	0	0	0.089	0.786	0	0.166	0.823
BRD4	ATRX	9606.ENSP00000263377	9606.ENSP00000362441	0	0	0	0	0.062	0.753	0	0.315	0.827
BRD4	H3C1	9606.ENSP00000263377	9606.ENSP00000480826	0	0	0	0	0.054	0.814	0	0.113	0.831
BRD4	SMC1A	9606.ENSP00000263377	9606.ENSP00000323421	0	0	0	0	0.111	0.644	0	0.578	0.855
BRD4	KMT2A	9606.ENSP00000263377	9606.ENSP00000436786	0	0	0	0	0.170	0.631	0	0.611	0.870
BRD4	TOP2A	9606.ENSP00000263377	9606.ENSP00000411532	0	0	0	0	0.049	0.743	0	0.513	0.870
BRD4	DOT1L	9606.ENSP00000263377	9606.ENSP00000381657	0	0	0	0	0.070	0	0	0.868	0.873
BRD4	MYCN	9606.ENSP00000263377	9606.ENSP00000281043	0	0	0	0	0.055	0	0	0.889	0.890
BRD4	ELOC	9606.ENSP00000263377	9606.ENSP00000478121	0	0	0	0	0.062	0.897	0	0.249	0.921
BRD4	HDAC1	9606.ENSP00000263377	9606.ENSP00000362649	0	0	0	0	0.098	0.791	0	0.775	0.954
BRD4	SMARCA4	9606.ENSP00000263377	9606.ENSP00000343896	0	0	0	0	0.117	0.797	0	0.783	0.957
BRD4	AR	9606.ENSP00000263377	9606.ENSP00000363822	0	0	0	0	0	0.585	0	0.929	0.969
BRD4	NUTM1	9606.ENSP00000263377	9606.ENSP00000444896	0	0	0	0	0	0	0	0.981	0.981
BRD4	CHD4	9606.ENSP00000263377	9606.ENSP00000440542	0	0	0	0	0.231	0.849	0	0.915	0.989
BRD4	TP53	9606.ENSP00000263377	9606.ENSP00000269305	0	0	0	0	0.049	0.735	0	0.966	0.990
BRD4	H3C13	9606.ENSP00000263377	9606.ENSP00000333277	0	0	0	0	0.079	0.393	0	0.988	0.993
BRD4	NSD3	9606.ENSP00000263377	9606.ENSP00000313983	0	0	0	0	0.120	0.986	0	0.983	0.999
BRIP1	FANCE	9606.ENSP00000259008	9606.ENSP00000229769	0.041	0	0	0	0.049	0	0	0.894	0.895
BRIP1	MLH1	9606.ENSP00000259008	9606.ENSP00000231790	0	0	0	0	0.088	0.994	0.900	0.950	0.999
BRIP1	POLD1	9606.ENSP00000259008	9606.ENSP00000472445	0.042	0	0	0	0.127	0.071	0.500	0.565	0.800
BRIP1	ERCC4	9606.ENSP00000259008	9606.ENSP00000310520	0	0	0	0	0.123	0	0.400	0.685	0.820
BRIP1	ERCC3	9606.ENSP00000259008	9606.ENSP00000285398	0	0	0	0	0.069	0.576	0	0.689	0.866
BRIP1	FANCG	9606.ENSP00000259008	9606.ENSP00000367910	0	0	0	0	0.118	0	0	0.875	0.885
BRIP1	FANCA	9606.ENSP00000259008	9606.ENSP00000373952	0	0	0	0	0.190	0	0	0.890	0.907
BRIP1	SLX4	9606.ENSP00000259008	9606.ENSP00000294008	0.069	0	0	0	0.109	0	0.500	0.803	0.907
BRIP1	FANCL	9606.ENSP00000259008	9606.ENSP00000385021	0	0	0	0	0.068	0	0	0.910	0.912
BRIP1	WRN	9606.ENSP00000259008	9606.ENSP00000298139	0.047	0	0	0	0.108	0	0.500	0.825	0.915
BRIP1	FANCB	9606.ENSP00000259008	9606.ENSP00000498215	0	0	0	0	0.090	0	0	0.917	0.921
BRIP1	ATM	9606.ENSP00000259008	9606.ENSP00000278616	0	0	0	0	0.042	0	0.800	0.678	0.933
BRIP1	RAD51C	9606.ENSP00000259008	9606.ENSP00000336701	0.057	0	0	0	0.155	0	0.500	0.869	0.941
BRIP1	BLM	9606.ENSP00000259008	9606.ENSP00000347232	0.047	0	0	0	0.234	0.510	0.500	0.763	0.950
BRIP1	RAD51	9606.ENSP00000259008	9606.ENSP00000493712	0.057	0	0	0	0.276	0	0.500	0.875	0.951
BRIP1	FANCM	9606.ENSP00000259008	9606.ENSP00000267430	0	0	0	0	0.154	0.091	0	0.964	0.969
BRIP1	FANCI	9606.ENSP00000259008	9606.ENSP00000310842	0	0	0	0	0.256	0	0	0.993	0.994
BRIP1	FANCD2	9606.ENSP00000259008	9606.ENSP00000287647	0	0	0	0	0.209	0.515	0	0.993	0.997
BRIP1	BRCA2	9606.ENSP00000259008	9606.ENSP00000369497	0	0	0	0	0.435	0.292	0.900	0.975	0.998
BRIP1	PALB2	9606.ENSP00000259008	9606.ENSP00000261584	0	0	0	0	0.149	0.292	0.900	0.980	0.998
BRIP1	MRE11	9606.ENSP00000259008	9606.ENSP00000325863	0	0	0	0	0.117	0.994	0.500	0.497	0.998
BRIP1	NBN	9606.ENSP00000259008	9606.ENSP00000265433	0	0	0	0	0.063	0.994	0.500	0.548	0.998
BRIP1	BRCA1	9606.ENSP00000259008	9606.ENSP00000418960	0	0	0	0	0.380	0.999	0.900	0.997	0.999
BTK	PIK3R2	9606.ENSP00000483570	9606.ENSP00000222254	0	0	0	0.551	0.049	0.093	0.900	0.242	0.925
BTK	CRBN	9606.ENSP00000483570	9606.ENSP00000231948	0	0	0	0	0	0	0	0.836	0.836
BTK	TRAF2	9606.ENSP00000483570	9606.ENSP00000247668	0	0	0	0	0.069	0.090	0.900	0.116	0.915
BTK	PIK3R3	9606.ENSP00000483570	9606.ENSP00000262741	0	0	0	0.567	0	0.241	0.900	0.126	0.927
BTK	PIK3CA	9606.ENSP00000483570	9606.ENSP00000263967	0	0	0	0	0.057	0.069	0.900	0.461	0.946
BTK	GNAQ	9606.ENSP00000483570	9606.ENSP00000286548	0	0	0	0	0.075	0.292	0.500	0.512	0.818
BTK	STAT5A	9606.ENSP00000483570	9606.ENSP00000341208	0	0	0	0	0.194	0.332	0	0.743	0.850
BTK	SYK	9606.ENSP00000483570	9606.ENSP00000364898	0	0	0	0.652	0.297	0.292	0.900	0.987	0.999
BTK	WAS	9606.ENSP00000483570	9606.ENSP00000365891	0	0	0	0	0.392	0.534	0.400	0.879	0.976
BTK	PIK3CD	9606.ENSP00000483570	9606.ENSP00000366563	0	0	0	0	0.112	0.069	0.900	0.770	0.978
BTK	CD79B	9606.ENSP00000483570	9606.ENSP00000376544	0	0	0	0	0.280	0	0.400	0.927	0.965
BTK	PIK3R1	9606.ENSP00000483570	9606.ENSP00000428056	0	0	0	0.551	0.044	0.093	0.900	0.466	0.947
BTK	LYN	9606.ENSP00000483570	9606.ENSP00000428924	0	0	0.098	0.857	0.175	0.292	0.900	0.961	0.997
BTK	GTF2I	9606.ENSP00000483570	9606.ENSP00000460070	0	0	0	0	0.042	0.820	0	0.886	0.978
BTK	PLCG2	9606.ENSP00000483570	9606.ENSP00000482457	0	0	0	0	0.302	0.512	0.900	0.997	0.999
BTK	PIK3CB	9606.ENSP00000483570	9606.ENSP00000501150	0	0	0	0	0.057	0.069	0.900	0.433	0.943
BUB1B	NUF2	9606.ENSP00000287598	9606.ENSP00000271452	0	0	0	0	0.853	0.189	0.500	0.717	0.980
BUB1B	FANCI	9606.ENSP00000287598	9606.ENSP00000310842	0	0	0	0	0.588	0	0	0.577	0.818
BUB1B	NUP98	9606.ENSP00000287598	9606.ENSP00000316032	0	0	0	0	0.097	0	0.500	0.660	0.833
BUB1B	BRCA1	9606.ENSP00000287598	9606.ENSP00000418960	0	0	0	0	0.408	0	0.720	0.473	0.905
BUB1B	MKI67	9606.ENSP00000287598	9606.ENSP00000357643	0	0	0	0	0.863	0.292	0	0.359	0.932
BUB1B	RAD51	9606.ENSP00000287598	9606.ENSP00000493712	0	0	0	0	0.595	0.071	0.720	0.521	0.942
BUB1B	BRCA2	9606.ENSP00000287598	9606.ENSP00000369497	0	0	0	0	0.274	0.625	0.720	0.467	0.953
BUB1B	TOP2A	9606.ENSP00000287598	9606.ENSP00000411532	0	0	0	0	0.925	0	0	0.747	0.980
BUB1B	FZR1	9606.ENSP00000287598	9606.ENSP00000378529	0	0	0	0	0.208	0.758	0.540	0.813	0.981
BUB1B	TRIM33	9606.ENSP00000287598	9606.ENSP00000351250	0	0	0	0	0.062	0.994	0	0.064	0.994
BUB1B	KNL1	9606.ENSP00000287598	9606.ENSP00000335463	0	0	0	0	0.403	0.977	0.500	0.984	0.999
CACNA1D	ATP2B3	9606.ENSP00000288139	9606.ENSP00000263519	0	0	0	0	0.103	0.091	0	0.807	0.829
CACNA1D	PRKCB	9606.ENSP00000288139	9606.ENSP00000496129	0	0	0	0	0	0	0.900	0.366	0.933
CACNA1D	PRKACA	9606.ENSP00000288139	9606.ENSP00000309591	0	0	0	0	0	0	0.900	0.382	0.935
CALR	XBP1	9606.ENSP00000320866	9606.ENSP00000216037	0	0	0	0	0.139	0	0	0.827	0.844
CAMTA1	WWTR1	9606.ENSP00000306522	9606.ENSP00000419465	0	0	0	0	0	0	0	0.864	0.864
CANT1	ATIC	9606.ENSP00000307674	9606.ENSP00000236959	0	0	0	0	0.049	0	0.900	0.444	0.942
CANT1	GMPS	9606.ENSP00000307674	9606.ENSP00000419851	0	0	0	0	0	0	0.900	0.108	0.907
CARD11	NFKBIA	9606.ENSP00000380150	9606.ENSP00000216797	0	0	0	0	0	0.098	0.500	0.691	0.848
CARD11	REL	9606.ENSP00000380150	9606.ENSP00000295025	0	0	0	0	0.047	0.125	0.500	0.582	0.802
CARD11	CD28	9606.ENSP00000380150	9606.ENSP00000324890	0	0	0	0	0.083	0	0	0.895	0.899
CARD11	MAP3K7	9606.ENSP00000380150	9606.ENSP00000358335	0	0	0	0	0.060	0.644	0.500	0.589	0.922
CARD11	CD79B	9606.ENSP00000380150	9606.ENSP00000376544	0	0	0	0	0.228	0	0	0.854	0.883
CARD11	PRKCB	9606.ENSP00000380150	9606.ENSP00000496129	0	0	0	0	0.072	0.317	0.900	0.620	0.972
CBFA2T3	TCF3	9606.ENSP00000268679	9606.ENSP00000262965	0	0	0	0	0.049	0.528	0	0.757	0.881
CBFA2T3	NCOR1	9606.ENSP00000268679	9606.ENSP00000268712	0	0	0	0	0.055	0.510	0	0.680	0.838
CBFA2T3	HDAC1	9606.ENSP00000268679	9606.ENSP00000362649	0	0	0	0	0.055	0.510	0	0.767	0.882
CCNB3	FZR1	9606.ENSP00000365210	9606.ENSP00000378529	0	0	0	0	0.395	0.312	0.650	0.428	0.905
CCNE1	CDK4	9606.ENSP00000262643	9606.ENSP00000257904	0	0	0	0	0.087	0.995	0.800	0.896	0.999
CCNE1	CDKN2A	9606.ENSP00000262643	9606.ENSP00000418915	0	0	0	0	0.072	0.167	0	0.779	0.814
CCNE1	CUL3	9606.ENSP00000262643	9606.ENSP00000264414	0	0	0	0	0	0.748	0	0.301	0.816
CCNE1	PDCD11	9606.ENSP00000262643	9606.ENSP00000358812	0	0	0	0	0.825	0	0	0	0.825
CCNE1	TP53	9606.ENSP00000262643	9606.ENSP00000269305	0	0	0	0	0	0	0.400	0.882	0.926
CCNE1	RB1	9606.ENSP00000262643	9606.ENSP00000267163	0	0	0	0	0.189	0.863	0.900	0.584	0.994
CCNE1	CDK6	9606.ENSP00000262643	9606.ENSP00000265734	0	0	0	0	0.077	0.995	0.800	0.885	0.999
CCT6B	TSC1	9606.ENSP00000327191	9606.ENSP00000298552	0	0	0	0	0.339	0.127	0.900	0.116	0.942
CD28	PIK3R2	9606.ENSP00000324890	9606.ENSP00000222254	0	0	0	0	0	0.292	0.900	0.137	0.933
CD28	PIK3R3	9606.ENSP00000324890	9606.ENSP00000262741	0	0	0	0	0	0	0.900	0.108	0.906
CD28	PIK3CA	9606.ENSP00000324890	9606.ENSP00000263967	0	0	0	0	0.057	0.292	0.900	0.220	0.940
CD28	PTPRC	9606.ENSP00000324890	9606.ENSP00000411355	0	0	0	0	0.172	0	0	0.769	0.800
CD28	CARD11	9606.ENSP00000324890	9606.ENSP00000380150	0	0	0	0	0.083	0	0	0.895	0.899
CD28	PIK3CB	9606.ENSP00000324890	9606.ENSP00000501150	0	0	0	0	0.057	0	0.900	0.200	0.917
CD28	IL10	9606.ENSP00000324890	9606.ENSP00000412237	0	0	0	0	0.098	0	0	0.917	0.922
CD28	PIK3CD	9606.ENSP00000324890	9606.ENSP00000366563	0	0	0	0	0.104	0	0.900	0.415	0.943
CD28	CD58	9606.ENSP00000324890	9606.ENSP00000358501	0	0	0	0	0	0	0	0.967	0.967
CD28	ITK	9606.ENSP00000324890	9606.ENSP00000398655	0	0	0	0	0.449	0	0	0.954	0.973
CD28	PIK3R1	9606.ENSP00000324890	9606.ENSP00000428056	0	0	0	0	0.044	0.923	0.900	0.221	0.993
CD58	CD28	9606.ENSP00000358501	9606.ENSP00000324890	0	0	0	0	0	0	0	0.967	0.967
CD79B	SYK	9606.ENSP00000376544	9606.ENSP00000364898	0	0	0	0	0.200	0.292	0.400	0.993	0.997
CD79B	PIK3CD	9606.ENSP00000376544	9606.ENSP00000366563	0	0	0	0	0.109	0	0.500	0.662	0.836
CD79B	POU2AF1	9606.ENSP00000376544	9606.ENSP00000376786	0	0	0	0	0.636	0	0	0.506	0.812
CD79B	PLCG2	9606.ENSP00000376544	9606.ENSP00000482457	0	0	0	0	0.202	0	0.400	0.665	0.825
CD79B	MS4A1	9606.ENSP00000376544	9606.ENSP00000433277	0	0	0	0	0.710	0	0	0.601	0.879
CD79B	CARD11	9606.ENSP00000376544	9606.ENSP00000380150	0	0	0	0	0.228	0	0	0.854	0.883
CD79B	BTK	9606.ENSP00000376544	9606.ENSP00000483570	0	0	0	0	0.280	0	0.400	0.927	0.965
CD79B	LYN	9606.ENSP00000376544	9606.ENSP00000428924	0	0	0	0	0.108	0	0.900	0.975	0.997
CDC42	PIK3R2	9606.ENSP00000497733	9606.ENSP00000222254	0	0	0	0	0.042	0.175	0.900	0.718	0.974
CDC42	APC	9606.ENSP00000497733	9606.ENSP00000257430	0	0	0	0	0.043	0.628	0	0.648	0.864
CDC42	CDH1	9606.ENSP00000497733	9606.ENSP00000261769	0	0	0	0	0	0.296	0.400	0.697	0.861
CDC42	PIK3R3	9606.ENSP00000497733	9606.ENSP00000262741	0	0	0	0	0.042	0.054	0.900	0.278	0.925
CDC42	KDR	9606.ENSP00000497733	9606.ENSP00000263923	0	0	0	0	0.055	0.071	0.900	0.449	0.945
CDC42	PIK3CA	9606.ENSP00000497733	9606.ENSP00000263967	0	0	0	0	0.073	0.504	0.900	0.664	0.982
CDC42	CDH2	9606.ENSP00000497733	9606.ENSP00000269141	0	0	0	0	0	0.048	0.500	0.720	0.855
CDC42	RASA1	9606.ENSP00000497733	9606.ENSP00000274376	0	0	0	0	0.060	0.092	0	0.928	0.933
CDC42	EGFR	9606.ENSP00000497733	9606.ENSP00000275493	0	0	0	0	0.042	0.211	0.500	0.895	0.955
CDC42	PAK1	9606.ENSP00000497733	9606.ENSP00000278568	0	0	0	0	0.092	0.993	0.900	0.993	0.999
CDC42	PREX2	9606.ENSP00000497733	9606.ENSP00000288368	0	0	0	0	0	0.506	0.400	0.525	0.847
CDC42	RAC1	9606.ENSP00000497733	9606.ENSP00000348461	0	0	0.055	0.969	0.108	0.207	0.700	0.462	0.872
CDC42	PAK3	9606.ENSP00000497733	9606.ENSP00000353864	0	0	0	0	0.086	0.669	0.900	0.869	0.995
CDC42	PTEN	9606.ENSP00000497733	9606.ENSP00000361021	0	0	0	0	0.057	0.099	0.900	0.704	0.971
CDC42	WAS	9606.ENSP00000497733	9606.ENSP00000365891	0	0	0	0	0.077	0.992	0.900	0.999	0.999
CDC42	PIK3CD	9606.ENSP00000497733	9606.ENSP00000366563	0	0	0	0	0.069	0.504	0.900	0.339	0.965
CDC42	ARHGEF12	9606.ENSP00000497733	9606.ENSP00000380942	0	0	0	0	0.091	0.245	0.400	0.698	0.859
CDC42	MAP3K1	9606.ENSP00000497733	9606.ENSP00000382423	0	0	0	0	0.112	0.128	0.900	0.629	0.967
CDC42	RHOA	9606.ENSP00000497733	9606.ENSP00000400175	0	0	0.062	0.948	0.361	0.295	0.900	0.103	0.955
CDC42	FNBP1	9606.ENSP00000497733	9606.ENSP00000413625	0	0	0	0	0.054	0.265	0.400	0.843	0.926
CDC42	ROBO1	9606.ENSP00000497733	9606.ENSP00000420321	0	0	0	0	0.052	0.177	0.500	0.593	0.820
CDC42	PIK3R1	9606.ENSP00000497733	9606.ENSP00000428056	0	0	0	0	0.074	0.683	0.900	0.768	0.992
CDC42	CLIP1	9606.ENSP00000497733	9606.ENSP00000479322	0	0	0	0	0.049	0.294	0.500	0.945	0.979
CDC42	ACTB	9606.ENSP00000497733	9606.ENSP00000494750	0	0	0	0	0.415	0.070	0.900	0.596	0.975
CDC42	CTNNB1	9606.ENSP00000497733	9606.ENSP00000495360	0	0	0	0	0.138	0.178	0.500	0.772	0.908
CDC42	ARHGAP35	9606.ENSP00000497733	9606.ENSP00000500409	0	0	0	0	0.044	0.505	0.400	0.629	0.880
CDC42	PIK3CB	9606.ENSP00000497733	9606.ENSP00000501150	0	0	0	0	0.061	0.954	0.900	0.859	0.999
CDH1	APC	9606.ENSP00000261769	9606.ENSP00000257430	0	0	0	0	0	0	0.720	0.726	0.920
CDH1	ESR1	9606.ENSP00000261769	9606.ENSP00000405330	0	0	0	0	0.045	0	0	0.802	0.803
CDH1	SMAD4	9606.ENSP00000261769	9606.ENSP00000341551	0	0	0	0	0	0.045	0	0.803	0.804
CDH1	RPL5	9606.ENSP00000261769	9606.ENSP00000359345	0	0	0	0	0.048	0.800	0	0.096	0.812
CDH1	RPL22	9606.ENSP00000261769	9606.ENSP00000346088	0	0	0	0	0	0.800	0	0.104	0.813
CDH1	ACTB	9606.ENSP00000261769	9606.ENSP00000494750	0	0	0	0	0.061	0.069	0	0.824	0.833
CDH1	TP53	9606.ENSP00000261769	9606.ENSP00000269305	0	0	0	0	0.049	0	0	0.852	0.853
CDH1	NF2	9606.ENSP00000261769	9606.ENSP00000344666	0	0	0	0	0	0.080	0	0.853	0.859
CDH1	CDC42	9606.ENSP00000261769	9606.ENSP00000497733	0	0	0	0	0	0.296	0.400	0.697	0.861
CDH1	AFDN	9606.ENSP00000261769	9606.ENSP00000355771	0	0	0	0	0.062	0.127	0	0.851	0.867
CDH1	PTEN	9606.ENSP00000261769	9606.ENSP00000361021	0	0	0	0	0.053	0	0	0.929	0.930
CDH1	MET	9606.ENSP00000261769	9606.ENSP00000317272	0	0	0	0	0.050	0.311	0	0.943	0.959
CDH1	ERBB2	9606.ENSP00000261769	9606.ENSP00000269571	0	0	0	0	0.139	0.108	0	0.964	0.970
CDH1	CDH2	9606.ENSP00000261769	9606.ENSP00000269141	0	0	0.055	0.916	0	0	0.720	0.983	0.995
CDH1	CTNNB1	9606.ENSP00000261769	9606.ENSP00000495360	0	0	0	0	0.063	0.999	0.900	0.999	0.999
CDH1	CTNNA1	9606.ENSP00000261769	9606.ENSP00000304669	0	0	0	0	0.050	0.858	0.900	0.979	0.999
CDH1	EGFR	9606.ENSP00000261769	9606.ENSP00000275493	0	0	0	0	0.055	0.815	0	0.995	0.999
CDH11	CTNNA1	9606.ENSP00000268603	9606.ENSP00000304669	0	0	0	0	0.043	0.208	0.540	0.534	0.815
CDH11	CDH2	9606.ENSP00000268603	9606.ENSP00000269141	0	0	0.111	0.828	0.107	0.295	0.540	0.863	0.958
CDH11	CTNNB1	9606.ENSP00000268603	9606.ENSP00000495360	0	0	0	0	0	0.770	0.540	0.946	0.993
CDH2	CDH1	9606.ENSP00000269141	9606.ENSP00000261769	0	0	0.055	0.916	0	0	0.720	0.983	0.995
CDH2	AXIN1	9606.ENSP00000269141	9606.ENSP00000262320	0	0	0	0	0.055	0.095	0	0.823	0.835
CDH2	CREBBP	9606.ENSP00000269141	9606.ENSP00000262367	0	0	0	0	0	0.519	0	0.870	0.934
CDH2	FGF10	9606.ENSP00000269141	9606.ENSP00000264664	0	0	0	0	0.058	0	0	0.880	0.882
CDH2	CDH11	9606.ENSP00000269141	9606.ENSP00000268603	0	0	0.111	0.828	0.107	0.295	0.540	0.863	0.958
CDH2	CDC42	9606.ENSP00000269141	9606.ENSP00000497733	0	0	0	0	0	0.048	0.500	0.720	0.855
CDH2	CTNNA1	9606.ENSP00000269141	9606.ENSP00000304669	0	0	0	0	0	0.836	0.720	0.800	0.990
CDH2	CTNNB1	9606.ENSP00000269141	9606.ENSP00000495360	0	0	0	0	0.061	0.942	0.720	0.999	0.999
CDK4	BCL2	9606.ENSP00000257904	9606.ENSP00000381185	0	0	0	0	0.047	0.209	0	0.775	0.815
CDK4	BLM	9606.ENSP00000257904	9606.ENSP00000347232	0	0	0	0	0.085	0.130	0.800	0.150	0.846
CDK4	PTEN	9606.ENSP00000257904	9606.ENSP00000361021	0	0	0	0	0.078	0.236	0	0.824	0.865
CDK4	SMAD3	9606.ENSP00000257904	9606.ENSP00000332973	0	0	0	0	0.045	0.597	0	0.743	0.892
CDK4	RAD51	9606.ENSP00000257904	9606.ENSP00000493712	0	0	0	0	0.229	0.071	0.800	0.468	0.913
CDK4	ATM	9606.ENSP00000257904	9606.ENSP00000278616	0	0	0	0	0	0.054	0.800	0.696	0.937
CDK4	BRCA2	9606.ENSP00000257904	9606.ENSP00000369497	0	0	0	0	0.059	0.046	0.800	0.720	0.943
CDK4	TP53	9606.ENSP00000257904	9606.ENSP00000269305	0	0	0	0	0.117	0.554	0	0.922	0.966
CDK4	BRCA1	9606.ENSP00000257904	9606.ENSP00000418960	0	0	0	0	0.127	0.625	0.800	0.633	0.972
CDK4	CEBPA	9606.ENSP00000257904	9606.ENSP00000427514	0	0	0	0	0.047	0.646	0.900	0.774	0.991
CDK4	RB1	9606.ENSP00000257904	9606.ENSP00000267163	0	0	0	0	0.077	0.994	0.900	0.984	0.999
CDK4	CDKN2A	9606.ENSP00000257904	9606.ENSP00000418915	0	0	0	0	0.058	0.994	0.900	0.999	0.999
CDK4	CDKN2C	9606.ENSP00000257904	9606.ENSP00000262662	0	0	0	0	0.074	0.994	0.900	0.997	0.999
CDK4	CDK6	9606.ENSP00000257904	9606.ENSP00000265734	0	0	0.055	0.970	0.072	0.720	0.900	0.983	0.999
CDK4	CCNE1	9606.ENSP00000257904	9606.ENSP00000262643	0	0	0	0	0.087	0.995	0.800	0.896	0.999
CDK6	CDK4	9606.ENSP00000265734	9606.ENSP00000257904	0	0	0.055	0.970	0.072	0.720	0.900	0.983	0.999
CDK6	CCNE1	9606.ENSP00000265734	9606.ENSP00000262643	0	0	0	0	0.077	0.995	0.800	0.885	0.999
CDK6	CDKN2C	9606.ENSP00000265734	9606.ENSP00000262662	0	0	0	0	0.080	0.999	0.900	0.997	0.999
CDK6	PTEN	9606.ENSP00000265734	9606.ENSP00000361021	0	0	0	0	0.078	0.126	0	0.773	0.801
CDK6	TP53	9606.ENSP00000265734	9606.ENSP00000269305	0	0	0	0	0.063	0.179	0	0.771	0.808
CDK6	RB1	9606.ENSP00000265734	9606.ENSP00000267163	0	0	0	0	0.095	0.871	0.900	0.840	0.997
CDK6	CDKN2A	9606.ENSP00000265734	9606.ENSP00000418915	0	0	0	0	0.044	0.999	0.900	0.998	0.999
CDKN2A	MLH1	9606.ENSP00000418915	9606.ENSP00000231790	0	0	0	0	0	0	0	0.855	0.855
CDKN2A	H3-3B	9606.ENSP00000418915	9606.ENSP00000254810	0	0	0	0	0.042	0.078	0.500	0.666	0.832
CDKN2A	CDK4	9606.ENSP00000418915	9606.ENSP00000257904	0	0	0	0	0.058	0.994	0.900	0.999	0.999
CDKN2A	CCNE1	9606.ENSP00000418915	9606.ENSP00000262643	0	0	0	0	0.072	0.167	0	0.779	0.814
CDKN2A	CDKN2C	9606.ENSP00000418915	9606.ENSP00000262662	0	0	0	0.821	0.085	0.329	0.500	0.470	0.815
CDKN2A	EP300	9606.ENSP00000418915	9606.ENSP00000263253	0	0	0	0	0.042	0.133	0.500	0.702	0.859
CDKN2A	CDK6	9606.ENSP00000418915	9606.ENSP00000265734	0	0	0	0	0.044	0.999	0.900	0.998	0.999
CDKN2A	RB1	9606.ENSP00000418915	9606.ENSP00000267163	0	0	0	0	0	0.052	0	0.842	0.843
CDKN2A	TP53	9606.ENSP00000418915	9606.ENSP00000269305	0	0	0	0	0	0.874	0.900	0.970	0.999
CDKN2A	EGFR	9606.ENSP00000418915	9606.ENSP00000275493	0	0	0	0	0.069	0.045	0	0.906	0.910
CDKN2A	ATM	9606.ENSP00000418915	9606.ENSP00000278616	0	0	0	0	0.042	0.053	0	0.845	0.847
CDKN2A	NPM1	9606.ENSP00000418915	9606.ENSP00000296930	0	0	0	0	0	0.874	0	0.995	0.999
CDKN2A	TERT	9606.ENSP00000418915	9606.ENSP00000309572	0	0	0	0	0	0.175	0	0.787	0.817
CDKN2A	STK11	9606.ENSP00000418915	9606.ENSP00000324856	0	0	0	0	0	0.186	0	0.793	0.824
CDKN2A	SMAD3	9606.ENSP00000418915	9606.ENSP00000332973	0	0	0	0	0.042	0.046	0	0.805	0.806
CDKN2A	H3C13	9606.ENSP00000418915	9606.ENSP00000333277	0	0	0	0	0.042	0.078	0.500	0.627	0.813
CDKN2A	SMAD4	9606.ENSP00000418915	9606.ENSP00000341551	0	0	0	0	0.042	0.046	0	0.850	0.851
CDKN2A	SMARCA4	9606.ENSP00000418915	9606.ENSP00000343896	0	0	0	0	0.042	0.328	0	0.730	0.811
CDKN2A	PTEN	9606.ENSP00000418915	9606.ENSP00000361021	0	0	0	0	0.053	0.188	0	0.908	0.923
CDKN2A	BRCA2	9606.ENSP00000418915	9606.ENSP00000369497	0	0	0	0	0.043	0	0	0.805	0.806
CDKN2A	BRCA1	9606.ENSP00000418915	9606.ENSP00000418960	0	0	0	0	0.045	0.309	0	0.766	0.832
CDKN2A	BRAF	9606.ENSP00000418915	9606.ENSP00000419060	0	0	0	0	0	0.095	0	0.886	0.892
CDKN2A	CTNNB1	9606.ENSP00000418915	9606.ENSP00000495360	0	0	0	0	0.056	0.053	0.500	0.862	0.930
CDKN2A	HIF1A	9606.ENSP00000418915	9606.ENSP00000437955	0	0	0	0	0	0.426	0	0.927	0.956
CDKN2C	CDK4	9606.ENSP00000262662	9606.ENSP00000257904	0	0	0	0	0.074	0.994	0.900	0.997	0.999
CDKN2C	CDKN2A	9606.ENSP00000262662	9606.ENSP00000418915	0	0	0	0.821	0.085	0.329	0.500	0.470	0.815
CDKN2C	TP53	9606.ENSP00000262662	9606.ENSP00000269305	0	0	0	0	0	0.046	0.900	0.586	0.957
CDKN2C	CDK6	9606.ENSP00000262662	9606.ENSP00000265734	0	0	0	0	0.080	0.999	0.900	0.997	0.999
CEBPA	FLT3	9606.ENSP00000427514	9606.ENSP00000241453	0	0	0	0	0.085	0.046	0.900	0.812	0.981
CEBPA	FOXA1	9606.ENSP00000427514	9606.ENSP00000250448	0	0	0	0	0	0.059	0	0.800	0.804
CEBPA	CDK4	9606.ENSP00000427514	9606.ENSP00000257904	0	0	0	0	0.047	0.646	0.900	0.774	0.991
CEBPA	EP300	9606.ENSP00000427514	9606.ENSP00000263253	0	0	0	0	0.060	0.094	0.500	0.797	0.902
CEBPA	TP53	9606.ENSP00000427514	9606.ENSP00000269305	0	0	0	0	0	0	0	0.930	0.930
CEBPA	NPM1	9606.ENSP00000427514	9606.ENSP00000296930	0	0	0	0	0	0	0	0.813	0.813
CEBPA	EBF1	9606.ENSP00000427514	9606.ENSP00000322898	0	0	0	0	0	0	0.750	0.528	0.876
CEBPA	SMAD3	9606.ENSP00000427514	9606.ENSP00000332973	0	0	0	0	0	0.292	0	0.841	0.882
CEBPA	HDAC1	9606.ENSP00000427514	9606.ENSP00000362649	0	0	0	0	0.048	0.636	0	0.838	0.939
CEBPA	FOXO1	9606.ENSP00000427514	9606.ENSP00000368880	0	0	0	0	0.045	0.094	0	0.974	0.975
CEBPA	HIF1A	9606.ENSP00000427514	9606.ENSP00000437955	0	0	0	0	0.067	0.469	0	0.677	0.826
CHD4	SALL4	9606.ENSP00000440542	9606.ENSP00000217086	0	0	0	0	0.044	0.428	0.500	0.356	0.800
CHD4	IRF1	9606.ENSP00000440542	9606.ENSP00000245414	0	0	0	0	0.046	0.073	0.900	0.107	0.910
CHD4	H3-3B	9606.ENSP00000440542	9606.ENSP00000254810	0	0	0	0	0.063	0.912	0.500	0.884	0.994
CHD4	EP300	9606.ENSP00000440542	9606.ENSP00000263253	0	0	0	0	0.087	0.608	0.400	0.725	0.933
CHD4	BRD4	9606.ENSP00000440542	9606.ENSP00000263377	0	0	0	0	0.231	0.849	0	0.915	0.989
CHD4	IKZF1	9606.ENSP00000440542	9606.ENSP00000331614	0	0	0	0	0.057	0.745	0	0.881	0.969
CHD4	H3C13	9606.ENSP00000440542	9606.ENSP00000333277	0	0	0	0	0.055	0.934	0.500	0.884	0.995
CHD4	SMARCA4	9606.ENSP00000440542	9606.ENSP00000343896	0	0	0.181	0.630	0.505	0.826	0	0.575	0.966
CHD4	DNMT1	9606.ENSP00000440542	9606.ENSP00000352516	0	0	0	0	0.107	0.525	0	0.634	0.831
CHD4	H2AC17	9606.ENSP00000440542	9606.ENSP00000352627	0	0	0	0	0	0.820	0	0.072	0.826
CHD4	PARP1	9606.ENSP00000440542	9606.ENSP00000355759	0	0	0	0	0.065	0.698	0	0.423	0.823
CHD4	HDAC1	9606.ENSP00000440542	9606.ENSP00000362649	0	0	0	0	0.365	0.934	0.900	0.996	0.999
CHD4	TRIM27	9606.ENSP00000440542	9606.ENSP00000366404	0	0	0	0	0.069	0.304	0	0.863	0.903
CHD4	H3C8	9606.ENSP00000440542	9606.ENSP00000484638	0	0	0	0	0	0.911	0	0.083	0.915
CHD4	H3C1	9606.ENSP00000440542	9606.ENSP00000480826	0	0	0	0	0	0.984	0	0.083	0.985
CHEK2	MLH1	9606.ENSP00000372023	9606.ENSP00000231790	0	0	0	0	0.095	0	0	0.824	0.834
CHEK2	MSH2	9606.ENSP00000372023	9606.ENSP00000233146	0	0	0	0	0.183	0.536	0	0.841	0.934
CHEK2	MSH6	9606.ENSP00000372023	9606.ENSP00000234420	0	0	0	0	0.183	0.075	0	0.866	0.890
CHEK2	PALB2	9606.ENSP00000372023	9606.ENSP00000261584	0	0	0	0	0.068	0	0	0.919	0.921
CHEK2	NBN	9606.ENSP00000372023	9606.ENSP00000265433	0	0	0	0	0	0.336	0.500	0.822	0.935
CHEK2	FANCM	9606.ENSP00000372023	9606.ENSP00000267430	0	0	0	0	0.076	0.319	0	0.729	0.814
CHEK2	TP53	9606.ENSP00000372023	9606.ENSP00000269305	0	0	0	0	0.072	0.833	0.750	0.992	0.999
CHEK2	ATM	9606.ENSP00000372023	9606.ENSP00000278616	0	0	0	0	0.044	0.836	0.500	0.999	0.999
CHEK2	FANCD2	9606.ENSP00000372023	9606.ENSP00000287647	0	0	0	0	0.140	0	0	0.849	0.865
CHEK2	WRN	9606.ENSP00000372023	9606.ENSP00000298139	0	0	0	0	0.102	0.451	0	0.671	0.824
CHEK2	ATMIN	9606.ENSP00000372023	9606.ENSP00000299575	0	0	0	0	0	0.071	0	0.842	0.846
CHEK2	PPP2R2A	9606.ENSP00000372023	9606.ENSP00000325074	0	0	0	0	0	0.762	0	0.374	0.844
CHEK2	MRE11	9606.ENSP00000372023	9606.ENSP00000325863	0	0	0	0	0.085	0.088	0.500	0.789	0.900
CHEK2	RAD51C	9606.ENSP00000372023	9606.ENSP00000336701	0	0	0	0	0.196	0.258	0	0.826	0.887
CHEK2	ATR	9606.ENSP00000372023	9606.ENSP00000343741	0	0	0	0	0.049	0.970	0	0.955	0.998
CHEK2	RAD52	9606.ENSP00000372023	9606.ENSP00000351284	0	0	0	0	0.074	0.304	0	0.845	0.891
CHEK2	PTEN	9606.ENSP00000372023	9606.ENSP00000361021	0	0.008	0	0	0	0.082	0	0.802	0.810
CHEK2	BRCA2	9606.ENSP00000372023	9606.ENSP00000369497	0	0	0	0	0.100	0.532	0	0.968	0.985
CHEK2	TP53BP1	9606.ENSP00000372023	9606.ENSP00000371475	0	0	0	0	0.049	0.883	0.500	0.951	0.996
CHEK2	RECQL4	9606.ENSP00000372023	9606.ENSP00000482313	0	0	0	0	0.121	0.370	0	0.735	0.840
CHEK2	RAD51	9606.ENSP00000372023	9606.ENSP00000493712	0	0	0	0	0.273	0.252	0	0.882	0.930
CHEK2	BRCA1	9606.ENSP00000372023	9606.ENSP00000418960	0	0	0	0	0.218	0.842	0.500	0.997	0.999
CLIP1	RAC1	9606.ENSP00000479322	9606.ENSP00000348461	0	0	0	0	0.068	0.294	0.500	0.472	0.803
CLIP1	MTOR	9606.ENSP00000479322	9606.ENSP00000354558	0	0	0	0	0.094	0.345	0.900	0.206	0.946
CLIP1	DCTN1	9606.ENSP00000479322	9606.ENSP00000354791	0	0	0	0.550	0.056	0.981	0	0.954	0.999
CLIP1	CDC42	9606.ENSP00000479322	9606.ENSP00000497733	0	0	0	0	0.049	0.294	0.500	0.945	0.979
CLTC	ATIC	9606.ENSP00000479606	9606.ENSP00000236959	0	0.323	0	0	0.058	0	0.500	0.624	0.864
CLTC	RANBP2	9606.ENSP00000479606	9606.ENSP00000283195	0	0	0	0	0.160	0.191	0.500	0.544	0.824
CLTC	NPM1	9606.ENSP00000479606	9606.ENSP00000296930	0	0	0	0	0.068	0.292	0.400	0.641	0.838
CLTC	ASPSCR1	9606.ENSP00000479606	9606.ENSP00000306625	0	0	0	0	0.049	0	0	0.820	0.821
CLTC	ALK	9606.ENSP00000479606	9606.ENSP00000373700	0	0	0	0	0	0	0.400	0.693	0.808
CLTC	DNM2	9606.ENSP00000479606	9606.ENSP00000373905	0	0	0	0	0.121	0.299	0.500	0.746	0.911
CLTC	SEC31A	9606.ENSP00000479606	9606.ENSP00000378721	0	0	0	0	0.100	0	0.500	0.609	0.808
CNTRL	NIN	9606.ENSP00000362962	9606.ENSP00000371472	0	0	0	0	0.172	0.209	0.720	0.962	0.992
COL18A1	KDR	9606.ENSP00000352798	9606.ENSP00000263923	0	0	0	0	0.080	0.292	0	0.944	0.960
COL1A1	COL2A1	9606.ENSP00000225964	9606.ENSP00000369889	0	0	0.054	0.971	0.042	0.075	0.720	0.521	0.867
COL1A1	ELN	9606.ENSP00000225964	9606.ENSP00000351807	0	0	0	0	0.213	0	0	0.849	0.876
COL1A1	RUNX2	9606.ENSP00000225964	9606.ENSP00000360493	0	0	0	0	0.061	0	0.750	0.826	0.955
COL2A1	COL1A1	9606.ENSP00000369889	9606.ENSP00000225964	0	0	0.054	0.971	0.042	0.075	0.720	0.521	0.867
CRBN	SALL4	9606.ENSP00000231948	9606.ENSP00000217086	0	0	0	0	0	0.785	0	0.527	0.894
CRBN	BTK	9606.ENSP00000231948	9606.ENSP00000483570	0	0	0	0	0	0	0	0.836	0.836
CRBN	TUSC3	9606.ENSP00000231948	9606.ENSP00000424544	0	0	0	0	0	0.900	0	0.223	0.918
CRBN	BRD4	9606.ENSP00000231948	9606.ENSP00000263377	0	0	0	0	0	0.900	0	0.794	0.978
CRBN	IKZF1	9606.ENSP00000231948	9606.ENSP00000331614	0	0	0	0	0.042	0.988	0	0.997	0.999
CRBN	CUL4A	9606.ENSP00000231948	9606.ENSP00000364589	0	0	0	0	0.049	0.923	0.900	0.998	0.999
CRBN	IKZF3	9606.ENSP00000231948	9606.ENSP00000344544	0	0	0	0	0	0.820	0	0.997	0.999
CREB3L2	FUS	9606.ENSP00000329140	9606.ENSP00000254108	0	0	0	0	0	0	0	0.888	0.888
CREB3L2	CREBBP	9606.ENSP00000329140	9606.ENSP00000262367	0	0	0	0	0.051	0.073	0.900	0.216	0.921
CREB3L2	EP300	9606.ENSP00000329140	9606.ENSP00000263253	0	0	0	0	0.064	0.073	0.900	0.212	0.922
CREBBP	H3-3B	9606.ENSP00000262367	9606.ENSP00000254810	0	0	0	0	0.067	0.902	0.500	0.716	0.985
CREBBP	NOTCH2	9606.ENSP00000262367	9606.ENSP00000256646	0	0	0	0	0.049	0.065	0.500	0.639	0.818
CREBBP	KMT2C	9606.ENSP00000262367	9606.ENSP00000262189	0	0	0	0	0.249	0.110	0	0.755	0.822
CREBBP	GATA3	9606.ENSP00000262367	9606.ENSP00000368632	0	0	0	0	0	0.346	0	0.707	0.801
CREBBP	SETD2	9606.ENSP00000262367	9606.ENSP00000386759	0	0	0	0	0.327	0.091	0	0.706	0.805
CREBBP	KDM6A	9606.ENSP00000262367	9606.ENSP00000367203	0	0	0	0	0.187	0.102	0	0.762	0.811
CREBBP	NUP98	9606.ENSP00000262367	9606.ENSP00000316032	0	0	0	0	0.157	0.510	0	0.588	0.815
CREBBP	PML	9606.ENSP00000262367	9606.ENSP00000268058	0	0	0	0	0.060	0.783	0	0.230	0.829
CREBBP	EBF1	9606.ENSP00000262367	9606.ENSP00000322898	0	0	0	0	0	0.311	0.500	0.557	0.834
CREBBP	PRKACA	9606.ENSP00000262367	9606.ENSP00000309591	0	0	0	0	0.042	0	0.650	0.549	0.835
CREBBP	ARID1A	9606.ENSP00000262367	9606.ENSP00000320485	0	0	0	0	0.334	0.094	0	0.770	0.849
CREBBP	KMT2D	9606.ENSP00000262367	9606.ENSP00000301067	0	0	0	0	0.236	0.110	0	0.824	0.870
CREBBP	NCOR2	9606.ENSP00000262367	9606.ENSP00000384018	0	0	0	0	0.259	0.304	0.500	0.563	0.872
CREBBP	H3C8	9606.ENSP00000262367	9606.ENSP00000484638	0	0	0	0	0	0.902	0	0.088	0.907
CREBBP	TCF3	9606.ENSP00000262367	9606.ENSP00000262965	0	0	0	0	0.059	0.822	0	0.547	0.917
CREBBP	SMAD4	9606.ENSP00000262367	9606.ENSP00000341551	0	0	0	0	0.191	0.316	0	0.862	0.917
CREBBP	CREB3L2	9606.ENSP00000262367	9606.ENSP00000329140	0	0	0	0	0.051	0.073	0.900	0.216	0.921
CREBBP	STAT5B	9606.ENSP00000262367	9606.ENSP00000293328	0	0	0	0	0.098	0.294	0.650	0.740	0.934
CREBBP	CDH2	9606.ENSP00000262367	9606.ENSP00000269141	0	0	0	0	0	0.519	0	0.870	0.934
CREBBP	TCF12	9606.ENSP00000262367	9606.ENSP00000388940	0	0	0	0	0.044	0.927	0	0.158	0.937
CREBBP	KAT6A	9606.ENSP00000262367	9606.ENSP00000265713	0	0	0	0	0.322	0.510	0	0.833	0.939
CREBBP	SMARCA4	9606.ENSP00000262367	9606.ENSP00000343896	0	0	0	0	0.126	0.491	0	0.884	0.944
CREBBP	NCOR1	9606.ENSP00000262367	9606.ENSP00000268712	0	0	0	0	0.335	0.304	0.500	0.800	0.947
CREBBP	STAT6	9606.ENSP00000262367	9606.ENSP00000300134	0	0	0	0	0.049	0.718	0.650	0.604	0.957
CREBBP	AR	9606.ENSP00000262367	9606.ENSP00000363822	0	0	0	0	0.042	0.794	0	0.815	0.960
CREBBP	HDAC1	9606.ENSP00000262367	9606.ENSP00000362649	0	0	0	0	0.099	0.537	0.500	0.833	0.960
CREBBP	ARNT	9606.ENSP00000262367	9606.ENSP00000351407	0	0	0	0	0.107	0.095	0.800	0.829	0.968
CREBBP	BRCA1	9606.ENSP00000262367	9606.ENSP00000418960	0	0	0	0	0.061	0.833	0	0.814	0.968
CREBBP	STAT5A	9606.ENSP00000262367	9606.ENSP00000341208	0	0	0	0	0.043	0.294	0.650	0.909	0.975
CREBBP	RXRA	9606.ENSP00000262367	9606.ENSP00000419692	0	0	0	0	0.081	0.859	0.650	0.563	0.977
CREBBP	H3C13	9606.ENSP00000262367	9606.ENSP00000333277	0	0	0	0	0.060	0.902	0.500	0.602	0.979
CREBBP	H3C1	9606.ENSP00000262367	9606.ENSP00000480826	0	0	0	0	0.042	0.988	0	0.088	0.989
CREBBP	ESR1	9606.ENSP00000262367	9606.ENSP00000405330	0	0	0	0	0.062	0.844	0.500	0.921	0.993
CREBBP	FOXO1	9606.ENSP00000262367	9606.ENSP00000368880	0	0	0	0	0.081	0.810	0.900	0.676	0.993
CREBBP	KMT2A	9606.ENSP00000262367	9606.ENSP00000436786	0	0	0	0	0.151	0.981	0	0.727	0.995
CREBBP	SMAD3	9606.ENSP00000262367	9606.ENSP00000332973	0	0	0	0	0.087	0.872	0	0.964	0.995
CREBBP	NCOA2	9606.ENSP00000262367	9606.ENSP00000399968	0	0	0	0	0.133	0.796	0.800	0.945	0.997
CREBBP	STAT2	9606.ENSP00000262367	9606.ENSP00000315768	0	0	0	0	0.049	0.960	0.650	0.844	0.997
CREBBP	CTNNB1	9606.ENSP00000262367	9606.ENSP00000495360	0	0	0	0	0.049	0.886	0.900	0.992	0.999
CREBBP	HIF1A	9606.ENSP00000262367	9606.ENSP00000437955	0	0	0	0	0.061	0.991	0.900	0.990	0.999
CREBBP	TP53	9606.ENSP00000262367	9606.ENSP00000269305	0	0	0	0	0	0.998	0.900	0.996	0.999
CREBBP	EP300	9606.ENSP00000262367	9606.ENSP00000263253	0	0	0.062	0.956	0.839	0.782	0.900	0.983	0.999
CRLF2	P2RY8	9606.ENSP00000370978	9606.ENSP00000370697	0	0	0	0	0	0	0	0.953	0.953
CRLF2	JAK3	9606.ENSP00000370978	9606.ENSP00000432511	0	0	0	0	0.049	0.128	0.650	0.512	0.839
CRTC1	CRTC3	9606.ENSP00000345001	9606.ENSP00000268184	0	0	0	0.739	0.067	0	0.900	0.507	0.949
CRTC3	CRTC1	9606.ENSP00000268184	9606.ENSP00000345001	0	0	0	0.739	0.067	0	0.900	0.507	0.949
CSF1	FLT3	9606.ENSP00000327513	9606.ENSP00000241453	0	0	0	0	0.056	0.093	0.650	0.707	0.900
CSF1	PDGFRA	9606.ENSP00000327513	9606.ENSP00000257290	0	0	0	0	0.081	0.093	0.650	0.591	0.864
CSF1	KDR	9606.ENSP00000327513	9606.ENSP00000263923	0	0	0	0	0.061	0.093	0.650	0.618	0.871
CSF1	EGFR	9606.ENSP00000327513	9606.ENSP00000275493	0	0	0	0	0.072	0	0.650	0.834	0.941
CSF1	FLT1	9606.ENSP00000327513	9606.ENSP00000282397	0	0	0	0	0.075	0.093	0.650	0.598	0.866
CSF1	CSF1R	9606.ENSP00000327513	9606.ENSP00000286301	0	0	0	0	0.106	0.986	0.900	0.999	0.999
CSF1	KIT	9606.ENSP00000327513	9606.ENSP00000288135	0	0	0	0	0.074	0.125	0.650	0.746	0.918
CSF1	IL10	9606.ENSP00000327513	9606.ENSP00000412237	0	0	0	0	0.047	0	0.400	0.792	0.870
CSF1	NTRK1	9606.ENSP00000327513	9606.ENSP00000431418	0	0	0	0	0.042	0	0.650	0.762	0.913
CSF1R	PIK3CA	9606.ENSP00000286301	9606.ENSP00000263967	0	0	0	0	0.106	0.325	0.500	0.478	0.821
CSF1R	FGF10	9606.ENSP00000286301	9606.ENSP00000264664	0	0	0	0	0.044	0.168	0.650	0.367	0.800
CSF1R	IGF1	9606.ENSP00000286301	9606.ENSP00000376637	0	0	0	0	0.086	0	0.650	0.470	0.815
CSF1R	PTPRC	9606.ENSP00000286301	9606.ENSP00000411355	0	0	0	0	0.332	0.051	0	0.736	0.818
CSF1R	PTPN11	9606.ENSP00000286301	9606.ENSP00000489597	0	0	0	0	0.140	0.051	0.500	0.693	0.858
CSF1R	PIK3R1	9606.ENSP00000286301	9606.ENSP00000428056	0	0	0	0	0.072	0.696	0.500	0.532	0.925
CSF1R	CSF1	9606.ENSP00000286301	9606.ENSP00000327513	0	0	0	0	0.106	0.986	0.900	0.999	0.999
CTC1	TERT	9606.ENSP00000498499	9606.ENSP00000309572	0	0	0	0	0	0	0.540	0.732	0.871
CTC1	RTEL1	9606.ENSP00000498499	9606.ENSP00000353332	0	0	0	0	0.049	0	0	0.874	0.875
CTCF	STAG2	9606.ENSP00000494538	9606.ENSP00000218089	0	0	0	0	0.185	0.602	0	0.952	0.983
CTCF	DDX5	9606.ENSP00000494538	9606.ENSP00000225792	0	0	0	0	0.141	0.314	0	0.725	0.823
CTCF	H3-3B	9606.ENSP00000494538	9606.ENSP00000254810	0	0	0	0	0.096	0.099	0.500	0.675	0.850
CTCF	EP300	9606.ENSP00000494538	9606.ENSP00000263253	0	0	0	0	0.223	0.330	0.800	0.654	0.959
CTCF	NCOR1	9606.ENSP00000494538	9606.ENSP00000268712	0	0	0	0	0.178	0.125	0.800	0.378	0.898
CTCF	TP53	9606.ENSP00000494538	9606.ENSP00000269305	0	0	0	0	0.070	0.046	0	0.824	0.830
CTCF	NPM1	9606.ENSP00000494538	9606.ENSP00000296930	0	0	0	0	0.097	0.714	0	0.913	0.975
CTCF	RAD21	9606.ENSP00000494538	9606.ENSP00000297338	0	0	0	0	0.196	0.603	0	0.997	0.999
CTCF	SUZ12	9606.ENSP00000494538	9606.ENSP00000316578	0	0	0	0	0.264	0.651	0.500	0.911	0.987
CTCF	SMC1A	9606.ENSP00000494538	9606.ENSP00000323421	0	0	0	0	0.190	0.522	0	0.913	0.963
CTCF	H3C13	9606.ENSP00000494538	9606.ENSP00000333277	0	0	0	0	0.096	0.099	0.500	0.688	0.856
CTCF	SMC3	9606.ENSP00000494538	9606.ENSP00000354720	0	0	0	0	0.180	0.310	0	0.983	0.989
CTCF	PARP1	9606.ENSP00000494538	9606.ENSP00000355759	0	0	0	0	0.059	0.688	0	0.762	0.924
CTCF	STAG1	9606.ENSP00000494538	9606.ENSP00000372689	0	0	0	0	0.140	0.439	0	0.740	0.864
CTNNA1	APC	9606.ENSP00000304669	9606.ENSP00000257430	0	0	0	0	0.042	0.837	0.720	0.504	0.975
CTNNA1	CDH1	9606.ENSP00000304669	9606.ENSP00000261769	0	0	0	0	0.050	0.858	0.900	0.979	0.999
CTNNA1	CDH11	9606.ENSP00000304669	9606.ENSP00000268603	0	0	0	0	0.043	0.208	0.540	0.534	0.815
CTNNA1	CDH2	9606.ENSP00000304669	9606.ENSP00000269141	0	0	0	0	0	0.836	0.720	0.800	0.990
CTNNA1	EGFR	9606.ENSP00000304669	9606.ENSP00000275493	0	0	0	0	0.126	0.627	0	0.511	0.826
CTNNA1	ACTB	9606.ENSP00000304669	9606.ENSP00000494750	0	0	0	0	0.072	0.108	0.900	0.550	0.957
CTNNA1	AFDN	9606.ENSP00000304669	9606.ENSP00000355771	0	0	0	0	0.064	0.520	0.900	0.690	0.984
CTNNA1	CTNNB1	9606.ENSP00000304669	9606.ENSP00000495360	0	0	0	0	0.138	0.965	0.900	0.996	0.999
CTNNB1	DDX5	9606.ENSP00000495360	9606.ENSP00000225792	0.042	0	0	0	0.127	0.388	0	0.804	0.886
CTNNB1	H3-3B	9606.ENSP00000495360	9606.ENSP00000254810	0	0	0	0	0.076	0.061	0.500	0.669	0.837
CTNNB1	APC	9606.ENSP00000495360	9606.ENSP00000257430	0	0	0	0	0.099	0.999	0.900	0.996	0.999
CTNNB1	LRP6	9606.ENSP00000495360	9606.ENSP00000261349	0	0	0	0	0	0.532	0.720	0.948	0.992
CTNNB1	CDH1	9606.ENSP00000495360	9606.ENSP00000261769	0	0	0	0	0.063	0.999	0.900	0.999	0.999
CTNNB1	AXIN1	9606.ENSP00000495360	9606.ENSP00000262320	0	0	0	0	0.057	0.982	0.900	0.999	0.999
CTNNB1	CREBBP	9606.ENSP00000495360	9606.ENSP00000262367	0	0	0	0	0.049	0.886	0.900	0.992	0.999
CTNNB1	SETD1A	9606.ENSP00000495360	9606.ENSP00000262519	0	0	0	0	0.067	0.051	0	0.945	0.947
CTNNB1	SLC9A3R1	9606.ENSP00000495360	9606.ENSP00000262613	0	0	0	0	0.055	0.300	0	0.866	0.903
CTNNB1	TCF3	9606.ENSP00000495360	9606.ENSP00000262965	0	0	0	0	0.052	0.115	0.900	0.559	0.958
CTNNB1	EP300	9606.ENSP00000495360	9606.ENSP00000263253	0	0	0	0	0.049	0.899	0.900	0.992	0.999
CTNNB1	KDR	9606.ENSP00000495360	9606.ENSP00000263923	0	0	0	0	0.095	0	0.800	0.981	0.996
CTNNB1	PIK3CA	9606.ENSP00000495360	9606.ENSP00000263967	0	0	0	0	0.049	0.130	0	0.890	0.901
CTNNB1	CDH11	9606.ENSP00000495360	9606.ENSP00000268603	0	0	0	0	0	0.770	0.540	0.946	0.993
CTNNB1	CDH2	9606.ENSP00000495360	9606.ENSP00000269141	0	0	0	0	0.061	0.942	0.720	0.999	0.999
CTNNB1	TP53	9606.ENSP00000495360	9606.ENSP00000269305	0	0	0	0	0.049	0	0	0.927	0.927
CTNNB1	ERBB2	9606.ENSP00000495360	9606.ENSP00000269571	0	0	0	0	0	0.662	0.900	0.954	0.998
CTNNB1	EGFR	9606.ENSP00000495360	9606.ENSP00000275493	0	0	0	0	0.064	0.718	0.900	0.940	0.998
CTNNB1	LRP5	9606.ENSP00000495360	9606.ENSP00000294304	0	0	0	0	0	0.325	0.720	0.964	0.992
CTNNB1	LRRK2	9606.ENSP00000495360	9606.ENSP00000298910	0	0	0	0	0.074	0.334	0.720	0.432	0.889
CTNNB1	KMT2D	9606.ENSP00000495360	9606.ENSP00000301067	0	0	0	0	0.044	0.510	0.800	0.401	0.936
CTNNB1	AXIN2	9606.ENSP00000495360	9606.ENSP00000302625	0	0	0	0	0.057	0.869	0.900	0.993	0.999
CTNNB1	CTNNA1	9606.ENSP00000495360	9606.ENSP00000304669	0	0	0	0	0.138	0.965	0.900	0.996	0.999
CTNNB1	TERT	9606.ENSP00000495360	9606.ENSP00000309572	0	0	0	0	0	0.301	0.900	0.937	0.995
CTNNB1	PRKACA	9606.ENSP00000495360	9606.ENSP00000309591	0	0	0	0	0.044	0	0.900	0.588	0.957
CTNNB1	MET	9606.ENSP00000495360	9606.ENSP00000317272	0	0	0	0	0.042	0.364	0.900	0.792	0.985
CTNNB1	SOX2	9606.ENSP00000495360	9606.ENSP00000323588	0	0	0	0	0	0.627	0.500	0.957	0.991
CTNNB1	SMAD3	9606.ENSP00000495360	9606.ENSP00000332973	0	0	0	0	0.074	0.768	0.800	0.980	0.999
CTNNB1	H3C13	9606.ENSP00000495360	9606.ENSP00000333277	0	0	0	0	0.074	0.061	0.500	0.663	0.834
CTNNB1	PTPRB	9606.ENSP00000495360	9606.ENSP00000334928	0	0	0	0	0	0.168	0.900	0.637	0.967
CTNNB1	BCL9L	9606.ENSP00000495360	9606.ENSP00000335320	0	0	0	0	0	0.292	0.900	0.908	0.992
CTNNB1	MEN1	9606.ENSP00000495360	9606.ENSP00000337088	0	0	0	0	0.056	0.625	0.800	0.733	0.978
CTNNB1	MEF2C	9606.ENSP00000495360	9606.ENSP00000340874	0	0	0	0	0.055	0	0.500	0.882	0.939
CTNNB1	SMAD4	9606.ENSP00000495360	9606.ENSP00000341551	0	0	0	0	0.107	0.308	0.500	0.994	0.998
CTNNB1	SMARCA4	9606.ENSP00000495360	9606.ENSP00000343896	0	0	0	0	0.062	0.644	0.500	0.991	0.998
CTNNB1	NF2	9606.ENSP00000495360	9606.ENSP00000344666	0	0	0	0	0.055	0.095	0	0.881	0.889
CTNNB1	MAGI2	9606.ENSP00000495360	9606.ENSP00000346151	0	0	0	0	0	0.359	0.900	0.809	0.986
CTNNB1	TGFBR2	9606.ENSP00000495360	9606.ENSP00000351905	0	0	0	0	0.092	0.334	0	0.698	0.802
CTNNB1	DNMT1	9606.ENSP00000495360	9606.ENSP00000352516	0	0	0	0	0.042	0.510	0.114	0.612	0.817
CTNNB1	TRRAP	9606.ENSP00000495360	9606.ENSP00000352925	0	0	0	0	0.062	0.633	0.500	0.815	0.964
CTNNB1	PTPN14	9606.ENSP00000495360	9606.ENSP00000355923	0	0	0	0	0	0.297	0	0.855	0.894
CTNNB1	SUFU	9606.ENSP00000495360	9606.ENSP00000358918	0	0	0	0	0.083	0	0	0.809	0.817
CTNNB1	RUNX2	9606.ENSP00000495360	9606.ENSP00000360493	0	0	0	0	0	0.130	0	0.782	0.802
CTNNB1	PTEN	9606.ENSP00000495360	9606.ENSP00000361021	0	0	0	0	0.069	0.527	0	0.881	0.943
CTNNB1	ABL1	9606.ENSP00000495360	9606.ENSP00000361423	0	0	0	0	0.095	0.539	0.500	0.785	0.949
CTNNB1	HDAC1	9606.ENSP00000495360	9606.ENSP00000362649	0	0	0	0	0.078	0.789	0.500	0.872	0.985
CTNNB1	MED12	9606.ENSP00000495360	9606.ENSP00000363193	0	0	0	0	0.042	0.091	0	0.846	0.854
CTNNB1	AR	9606.ENSP00000495360	9606.ENSP00000363822	0	0	0	0	0.052	0.888	0	0.968	0.996
CTNNB1	AMER1	9606.ENSP00000495360	9606.ENSP00000364003	0	0	0	0	0	0.783	0.800	0.834	0.992
CTNNB1	FOXO1	9606.ENSP00000495360	9606.ENSP00000368880	0	0	0	0	0	0.113	0	0.983	0.985
CTNNB1	MITF	9606.ENSP00000495360	9606.ENSP00000391803	0	0	0	0	0.048	0	0	0.812	0.813
CTNNB1	RHOA	9606.ENSP00000495360	9606.ENSP00000400175	0	0	0	0	0.127	0.210	0	0.842	0.882
CTNNB1	ESR1	9606.ENSP00000495360	9606.ENSP00000405330	0	0	0	0	0.052	0.301	0	0.952	0.965
CTNNB1	FAT1	9606.ENSP00000495360	9606.ENSP00000406229	0	0	0	0	0.067	0.071	0	0.929	0.933
CTNNB1	CDKN2A	9606.ENSP00000495360	9606.ENSP00000418915	0	0	0	0	0.056	0.053	0.500	0.862	0.930
CTNNB1	WWTR1	9606.ENSP00000495360	9606.ENSP00000419465	0	0	0	0	0.063	0.512	0	0.633	0.817
CTNNB1	PIK3R1	9606.ENSP00000495360	9606.ENSP00000428056	0	0	0	0	0.075	0.683	0	0.555	0.858
CTNNB1	HIF1A	9606.ENSP00000495360	9606.ENSP00000437955	0	0	0	0	0.260	0.785	0	0.989	0.998
CTNNB1	TLE3	9606.ENSP00000495360	9606.ENSP00000452871	0	0	0	0	0.045	0.313	0.900	0.360	0.952
CTNNB1	MUC1	9606.ENSP00000495360	9606.ENSP00000484824	0	0	0	0	0	0.835	0	0.993	0.998
CTNNB1	PTPN11	9606.ENSP00000495360	9606.ENSP00000489597	0	0	0	0	0.055	0.297	0	0.864	0.902
CTNNB1	DDX3X	9606.ENSP00000495360	9606.ENSP00000494040	0.042	0	0	0	0.106	0.151	0	0.800	0.835
CTNNB1	ACTB	9606.ENSP00000495360	9606.ENSP00000494750	0	0	0	0	0.077	0.294	0	0.802	0.860
CTNNB1	CDC42	9606.ENSP00000495360	9606.ENSP00000497733	0	0	0	0	0.138	0.178	0.500	0.772	0.908
CTNNB1	NOTCH1	9606.ENSP00000495360	9606.ENSP00000498587	0	0	0	0	0.083	0.328	0.500	0.931	0.976
CTR9	ELL2	9606.ENSP00000355013	9606.ENSP00000237853	0	0	0	0	0.043	0.162	0.900	0.238	0.930
CTR9	ELL	9606.ENSP00000355013	9606.ENSP00000262809	0	0	0	0	0.060	0.164	0.900	0.217	0.930
CTR9	AFF4	9606.ENSP00000355013	9606.ENSP00000265343	0	0	0	0	0.060	0.234	0.900	0.415	0.952
CTR9	H3C13	9606.ENSP00000355013	9606.ENSP00000333277	0	0	0	0	0.068	0.850	0	0.392	0.908
CTR9	ERCC6	9606.ENSP00000355013	9606.ENSP00000348089	0	0	0	0	0.062	0.806	0.900	0.255	0.984
CTR9	H2AC17	9606.ENSP00000355013	9606.ENSP00000352627	0	0	0	0	0	0.836	0	0	0.836
CTR9	CUL4A	9606.ENSP00000355013	9606.ENSP00000364589	0	0	0	0	0.085	0.800	0	0.233	0.847
CTR9	MLLT3	9606.ENSP00000355013	9606.ENSP00000369695	0	0	0	0	0.042	0	0.900	0.246	0.921
CTR9	AFF1	9606.ENSP00000355013	9606.ENSP00000378578	0	0	0	0	0.067	0.113	0.900	0.217	0.926
CTR9	ELOC	9606.ENSP00000355013	9606.ENSP00000478121	0	0	0	0	0.067	0.329	0.900	0.049	0.932
CTR9	TCEA1	9606.ENSP00000355013	9606.ENSP00000428426	0	0	0	0	0.273	0.863	0	0.589	0.955
CUL3	CCNE1	9606.ENSP00000264414	9606.ENSP00000262643	0	0	0	0	0	0.748	0	0.301	0.816
CUL3	RHOA	9606.ENSP00000264414	9606.ENSP00000400175	0	0	0	0	0.060	0.628	0	0.626	0.858
CUL3	ZBTB16	9606.ENSP00000264414	9606.ENSP00000338157	0	0	0	0	0.044	0.074	0.400	0.875	0.925
CUL3	SUFU	9606.ENSP00000264414	9606.ENSP00000358918	0	0	0	0	0.049	0	0.900	0.514	0.949
CUL3	CUL4A	9606.ENSP00000264414	9606.ENSP00000364589	0	0	0.068	0.870	0.095	0.042	0	0.965	0.968
CUL3	KEAP1	9606.ENSP00000264414	9606.ENSP00000377245	0	0	0	0	0.044	0.999	0.900	0.998	0.999
CUL4A	CRBN	9606.ENSP00000364589	9606.ENSP00000231948	0	0	0	0	0.049	0.923	0.900	0.998	0.999
CUL4A	CUL3	9606.ENSP00000364589	9606.ENSP00000264414	0	0	0.068	0.870	0.095	0.042	0	0.965	0.968
CUL4A	TP53	9606.ENSP00000364589	9606.ENSP00000269305	0	0	0	0	0	0.510	0	0.771	0.882
CUL4A	ERCC6	9606.ENSP00000364589	9606.ENSP00000348089	0	0	0	0	0	0.855	0.500	0.423	0.954
CUL4A	CTR9	9606.ENSP00000364589	9606.ENSP00000355013	0	0	0	0	0.085	0.800	0	0.233	0.847
CUX1	SOX2	9606.ENSP00000353401	9606.ENSP00000323588	0	0	0	0	0	0.692	0	0.388	0.804
CXCR4	GNAQ	9606.ENSP00000386884	9606.ENSP00000286548	0	0	0	0	0.089	0.115	0.900	0.598	0.963
CXCR4	KIT	9606.ENSP00000386884	9606.ENSP00000288135	0	0	0	0	0.097	0	0	0.823	0.833
CXCR4	SLIT2	9606.ENSP00000386884	9606.ENSP00000422591	0	0	0	0	0	0	0.500	0.699	0.843
CXCR4	JAK3	9606.ENSP00000386884	9606.ENSP00000432511	0	0	0	0	0.099	0.292	0.650	0.662	0.914
CXCR4	HIF1A	9606.ENSP00000386884	9606.ENSP00000437955	0	0	0	0	0.076	0.226	0	0.891	0.915
CXCR4	PTPRC	9606.ENSP00000386884	9606.ENSP00000411355	0	0	0	0	0.268	0.292	0	0.881	0.933
CYP17A1	HSD3B1	9606.ENSP00000358903	9606.ENSP00000358421	0	0	0	0	0.068	0.108	0.913	0.948	0.995
DCTN1	ALK	9606.ENSP00000354791	9606.ENSP00000373700	0	0	0	0	0	0.071	0.500	0.618	0.807
DCTN1	NIN	9606.ENSP00000354791	9606.ENSP00000371472	0	0	0	0	0.049	0.597	0.720	0.705	0.964
DCTN1	ACTB	9606.ENSP00000354791	9606.ENSP00000494750	0	0	0	0	0.056	0.865	0	0.792	0.971
DCTN1	CLIP1	9606.ENSP00000354791	9606.ENSP00000479322	0	0	0	0.550	0.056	0.981	0	0.954	0.999
DDX10	DHX15	9606.ENSP00000314348	9606.ENSP00000336741	0	0	0	0	0.408	0.122	0	0.662	0.809
DDX10	NUP98	9606.ENSP00000314348	9606.ENSP00000316032	0	0	0	0	0.066	0.092	0	0.825	0.839
DDX10	PDCD11	9606.ENSP00000314348	9606.ENSP00000358812	0	0	0	0	0.838	0.139	0	0.824	0.973
DDX3X	AGO2	9606.ENSP00000494040	9606.ENSP00000220592	0	0	0	0	0.060	0.229	0	0.848	0.880
DDX3X	DDX5	9606.ENSP00000494040	9606.ENSP00000225792	0	0	0.127	0.820	0.375	0.113	0	0.810	0.896
DDX3X	KDM5D	9606.ENSP00000494040	9606.ENSP00000322408	0	0	0	0	0.106	0.171	0	0.760	0.807
DDX3X	KDM6A	9606.ENSP00000494040	9606.ENSP00000367203	0	0	0	0	0.278	0.236	0	0.739	0.843
DDX3X	EIF4E	9606.ENSP00000494040	9606.ENSP00000425561	0	0	0	0	0.134	0.791	0	0.978	0.995
DDX3X	CTNNB1	9606.ENSP00000494040	9606.ENSP00000495360	0.042	0	0	0	0.106	0.151	0	0.800	0.835
DDX5	AGO2	9606.ENSP00000225792	9606.ENSP00000220592	0	0	0	0	0.055	0.334	0	0.864	0.907
DDX5	CTCF	9606.ENSP00000225792	9606.ENSP00000494538	0	0	0	0	0.141	0.314	0	0.725	0.823
DDX5	DHX15	9606.ENSP00000225792	9606.ENSP00000336741	0	0	0	0	0.488	0.424	0	0.588	0.868
DDX5	FUS	9606.ENSP00000225792	9606.ENSP00000254108	0	0	0	0	0.153	0.630	0	0.625	0.872
DDX5	CTNNB1	9606.ENSP00000225792	9606.ENSP00000495360	0.042	0	0	0	0.127	0.388	0	0.804	0.886
DDX5	DDX3X	9606.ENSP00000225792	9606.ENSP00000494040	0	0	0.127	0.820	0.375	0.113	0	0.810	0.896
DDX5	SF3B1	9606.ENSP00000225792	9606.ENSP00000335321	0	0	0	0	0.822	0.348	0	0.219	0.901
DDX5	EP300	9606.ENSP00000225792	9606.ENSP00000263253	0	0	0	0	0.085	0.631	0.500	0.566	0.917
DDX5	HDAC1	9606.ENSP00000225792	9606.ENSP00000362649	0	0	0	0	0.230	0.785	0	0.690	0.944
DDX5	SMAD3	9606.ENSP00000225792	9606.ENSP00000332973	0	0	0	0	0.054	0.524	0	0.926	0.963
DDX5	ESR1	9606.ENSP00000225792	9606.ENSP00000405330	0	0	0	0	0	0.771	0.500	0.784	0.973
DDX5	TP53	9606.ENSP00000225792	9606.ENSP00000269305	0	0	0	0	0	0.780	0	0.987	0.997
DDX5	DROSHA	9606.ENSP00000225792	9606.ENSP00000425979	0	0	0	0	0.154	0.753	0.800	0.998	0.999
DEK	SF3B1	9606.ENSP00000498653	9606.ENSP00000335321	0	0	0	0	0.183	0	0.800	0.598	0.928
DEK	ERCC6	9606.ENSP00000498653	9606.ENSP00000348089	0	0	0	0	0	0.050	0.720	0.489	0.852
DEK	NUP214	9606.ENSP00000498653	9606.ENSP00000352400	0	0	0	0	0.097	0	0	0.928	0.932
DHX15	DDX5	9606.ENSP00000336741	9606.ENSP00000225792	0	0	0	0	0.488	0.424	0	0.588	0.868
DHX15	DDX10	9606.ENSP00000336741	9606.ENSP00000314348	0	0	0	0	0.408	0.122	0	0.662	0.809
DHX15	SF3B1	9606.ENSP00000336741	9606.ENSP00000335321	0	0	0	0	0.515	0.840	0.720	0.493	0.987
DHX15	SRSF2	9606.ENSP00000336741	9606.ENSP00000376276	0	0	0	0	0.485	0	0	0.825	0.906
DHX15	PDCD11	9606.ENSP00000336741	9606.ENSP00000358812	0.061	0	0	0	0.696	0.257	0	0.754	0.941
DHX15	PRPF8	9606.ENSP00000336741	9606.ENSP00000460348	0	0	0	0	0.323	0.992	0	0.401	0.996
DICER1	AGO2	9606.ENSP00000437256	9606.ENSP00000220592	0	0	0	0	0.133	0.966	0.900	0.999	0.999
DICER1	FUS	9606.ENSP00000437256	9606.ENSP00000254108	0	0	0	0	0.054	0.328	0	0.780	0.848
DICER1	EIF4E	9606.ENSP00000437256	9606.ENSP00000425561	0	0	0	0	0.056	0.070	0.900	0.486	0.948
DICER1	DROSHA	9606.ENSP00000437256	9606.ENSP00000425979	0	0	0	0.548	0.111	0	0.720	0.973	0.992
DKK2	DKK4	9606.ENSP00000285311	9606.ENSP00000220812	0	0	0	0.853	0.058	0	0.900	0.160	0.913
DKK2	LRP6	9606.ENSP00000285311	9606.ENSP00000261349	0	0	0	0	0	0.471	0.900	0.997	0.999
DKK2	LRP5	9606.ENSP00000285311	9606.ENSP00000294304	0	0	0	0	0	0.183	0.900	0.997	0.999
DKK4	DKK2	9606.ENSP00000220812	9606.ENSP00000285311	0	0	0	0.853	0.058	0	0.900	0.160	0.913
DKK4	LRP5	9606.ENSP00000220812	9606.ENSP00000294304	0	0	0	0	0	0.393	0.900	0.996	0.999
DKK4	LRP6	9606.ENSP00000220812	9606.ENSP00000261349	0	0	0	0	0	0.133	0.900	0.994	0.999
DLL3	NOTCH1	9606.ENSP00000205143	9606.ENSP00000498587	0	0	0	0.632	0	0	0.900	0.987	0.998
DLL3	NOTCH3	9606.ENSP00000205143	9606.ENSP00000263388	0	0	0	0.633	0	0	0.900	0.981	0.998
DLL3	NOTCH2	9606.ENSP00000205143	9606.ENSP00000256646	0	0	0	0.648	0	0	0.900	0.988	0.998
DLL3	NOTCH4	9606.ENSP00000205143	9606.ENSP00000364163	0	0	0	0.630	0.042	0	0.900	0.988	0.998
DNM2	CLTC	9606.ENSP00000373905	9606.ENSP00000479606	0	0	0	0	0.121	0.299	0.500	0.746	0.911
DNMT1	MBD4	9606.ENSP00000352516	9606.ENSP00000249910	0	0	0	0	0.049	0	0	0.925	0.925
DNMT1	H3-3B	9606.ENSP00000352516	9606.ENSP00000254810	0	0	0	0	0.054	0.116	0.500	0.973	0.987
DNMT1	DNMT3A	9606.ENSP00000352516	9606.ENSP00000264709	0	0	0	0	0.069	0.633	0.900	0.995	0.999
DNMT1	NCOR1	9606.ENSP00000352516	9606.ENSP00000268712	0	0	0	0	0.067	0.292	0	0.860	0.899
DNMT1	TP53	9606.ENSP00000352516	9606.ENSP00000269305	0	0	0	0	0.059	0.597	0	0.994	0.997
DNMT1	SETDB1	9606.ENSP00000352516	9606.ENSP00000271640	0	0	0	0	0.062	0.087	0	0.959	0.962
DNMT1	SUZ12	9606.ENSP00000352516	9606.ENSP00000316578	0	0	0	0	0.074	0.311	0.500	0.754	0.911
DNMT1	H3C13	9606.ENSP00000352516	9606.ENSP00000333277	0	0	0	0	0.054	0.907	0.500	0.973	0.998
DNMT1	EED	9606.ENSP00000352516	9606.ENSP00000338186	0	0	0	0	0.058	0.524	0.500	0.691	0.921
DNMT1	ATRX	9606.ENSP00000352516	9606.ENSP00000362441	0	0	0	0	0.081	0.071	0	0.800	0.814
DNMT1	CTNNB1	9606.ENSP00000352516	9606.ENSP00000495360	0	0	0	0	0.042	0.510	0.114	0.612	0.817
DNMT1	KDM6A	9606.ENSP00000352516	9606.ENSP00000367203	0	0	0	0	0	0.045	0	0.828	0.829
DNMT1	CHD4	9606.ENSP00000352516	9606.ENSP00000440542	0	0	0	0	0.107	0.525	0	0.634	0.831
DNMT1	TET2	9606.ENSP00000352516	9606.ENSP00000442788	0	0	0	0	0	0	0	0.874	0.874
DNMT1	TET3	9606.ENSP00000352516	9606.ENSP00000386869	0	0	0	0	0	0	0	0.881	0.881
DNMT1	TET1	9606.ENSP00000352516	9606.ENSP00000362748	0	0	0	0	0.061	0	0	0.900	0.902
DNMT1	H3C8	9606.ENSP00000352516	9606.ENSP00000484638	0	0	0	0	0.047	0.907	0	0.116	0.915
DNMT1	PARP1	9606.ENSP00000352516	9606.ENSP00000355759	0	0	0	0	0.326	0.634	0	0.822	0.952
DNMT1	H3C1	9606.ENSP00000352516	9606.ENSP00000480826	0	0	0	0	0.047	0.957	0	0.116	0.961
DNMT1	HDAC1	9606.ENSP00000352516	9606.ENSP00000362649	0	0	0	0	0.146	0.885	0.800	0.998	0.999
DNMT3A	FLT3	9606.ENSP00000264709	9606.ENSP00000241453	0	0	0	0	0.042	0	0	0.851	0.851
DNMT3A	MBD4	9606.ENSP00000264709	9606.ENSP00000249910	0	0	0	0	0.065	0.067	0	0.896	0.901
DNMT3A	H3-3B	9606.ENSP00000264709	9606.ENSP00000254810	0	0	0	0	0.099	0.940	0.500	0.987	0.999
DNMT3A	TET3	9606.ENSP00000264709	9606.ENSP00000386869	0	0	0	0	0.049	0	0	0.801	0.802
DNMT3A	EED	9606.ENSP00000264709	9606.ENSP00000338186	0	0	0	0	0.056	0.301	0.500	0.477	0.804
DNMT3A	TP53	9606.ENSP00000264709	9606.ENSP00000269305	0	0	0	0	0.049	0	0	0.833	0.835
DNMT3A	TET1	9606.ENSP00000264709	9606.ENSP00000362748	0	0	0	0	0.067	0	0	0.882	0.886
DNMT3A	H3C8	9606.ENSP00000264709	9606.ENSP00000484638	0	0	0	0	0.094	0.902	0	0.065	0.910
DNMT3A	TLE3	9606.ENSP00000264709	9606.ENSP00000452871	0	0	0	0	0.054	0	0	0.913	0.914
DNMT3A	ASXL1	9606.ENSP00000264709	9606.ENSP00000364839	0	0	0	0	0.042	0.091	0	0.936	0.939
DNMT3A	TET2	9606.ENSP00000264709	9606.ENSP00000442788	0	0	0	0	0.056	0.292	0	0.926	0.946
DNMT3A	TCL1A	9606.ENSP00000264709	9606.ENSP00000451506	0	0	0	0	0.048	0.784	0	0.789	0.952
DNMT3A	SMARCA4	9606.ENSP00000264709	9606.ENSP00000343896	0	0	0	0	0.069	0.059	0.500	0.915	0.957
DNMT3A	H3C1	9606.ENSP00000264709	9606.ENSP00000480826	0	0	0	0	0.094	0.961	0	0.065	0.964
DNMT3A	SETDB1	9606.ENSP00000264709	9606.ENSP00000271640	0	0	0	0	0.058	0.305	0	0.995	0.996
DNMT3A	HDAC1	9606.ENSP00000264709	9606.ENSP00000362649	0	0	0	0	0.075	0.515	0	0.994	0.997
DNMT3A	H3C13	9606.ENSP00000264709	9606.ENSP00000333277	0	0	0	0	0.098	0.902	0.500	0.987	0.999
DNMT3A	DNMT1	9606.ENSP00000264709	9606.ENSP00000352516	0	0	0	0	0.069	0.633	0.900	0.995	0.999
DOT1L	H3-3B	9606.ENSP00000381657	9606.ENSP00000254810	0	0	0	0	0.096	0.269	0	0.847	0.890
DOT1L	SETD1A	9606.ENSP00000381657	9606.ENSP00000262519	0	0	0	0	0.215	0.295	0	0.852	0.911
DOT1L	BRD4	9606.ENSP00000381657	9606.ENSP00000263377	0	0	0	0	0.070	0	0	0.868	0.873
DOT1L	MLLT10	9606.ENSP00000381657	9606.ENSP00000307411	0	0	0	0	0	0.978	0	0.993	0.999
DOT1L	H3C13	9606.ENSP00000381657	9606.ENSP00000333277	0	0	0	0	0.096	0.943	0.750	0.836	0.997
DOT1L	H2AC17	9606.ENSP00000381657	9606.ENSP00000352627	0	0	0	0	0	0.915	0	0.068	0.917
DOT1L	MLLT3	9606.ENSP00000381657	9606.ENSP00000369695	0	0	0	0	0	0.873	0	0.989	0.998
DOT1L	AFF1	9606.ENSP00000381657	9606.ENSP00000378578	0	0	0	0	0.049	0.292	0	0.933	0.951
DOT1L	SETD2	9606.ENSP00000381657	9606.ENSP00000386759	0	0	0	0	0.122	0.189	0	0.769	0.821
DOT1L	KMT2A	9606.ENSP00000381657	9606.ENSP00000436786	0	0	0	0	0.089	0.548	0	0.763	0.894
DOT1L	H3C1	9606.ENSP00000381657	9606.ENSP00000480826	0	0	0	0	0.063	0.923	0	0.130	0.932
DOT1L	H3C8	9606.ENSP00000381657	9606.ENSP00000484638	0	0	0	0	0.063	0.923	0	0.130	0.932
DPYD	GMPS	9606.ENSP00000359211	9606.ENSP00000419851	0.120	0	0	0	0.188	0.077	0.792	0.454	0.911
DROSHA	AGO2	9606.ENSP00000425979	9606.ENSP00000220592	0	0	0	0	0.062	0.405	0.720	0.972	0.995
DROSHA	DDX5	9606.ENSP00000425979	9606.ENSP00000225792	0	0	0	0	0.154	0.753	0.800	0.998	0.999
DROSHA	FUS	9606.ENSP00000425979	9606.ENSP00000254108	0	0	0	0	0.107	0.337	0	0.988	0.992
DROSHA	TP53	9606.ENSP00000425979	9606.ENSP00000269305	0	0	0	0	0	0.510	0	0.992	0.996
DROSHA	SMAD3	9606.ENSP00000425979	9606.ENSP00000332973	0	0	0	0	0.042	0.299	0	0.873	0.907
DROSHA	ESR1	9606.ENSP00000425979	9606.ENSP00000405330	0	0	0	0	0	0	0	0.895	0.895
DROSHA	BRCA1	9606.ENSP00000425979	9606.ENSP00000418960	0	0	0	0	0.105	0	0	0.940	0.944
DROSHA	DICER1	9606.ENSP00000425979	9606.ENSP00000437256	0	0	0	0.548	0.111	0	0.720	0.973	0.992
DTX1	NOTCH2	9606.ENSP00000257600	9606.ENSP00000256646	0	0	0	0	0	0.133	0.650	0.751	0.918
DTX1	NOTCH4	9606.ENSP00000257600	9606.ENSP00000364163	0	0	0	0	0.060	0.071	0.650	0.477	0.818
DTX1	NOTCH3	9606.ENSP00000257600	9606.ENSP00000263388	0	0	0	0	0	0.133	0.650	0.587	0.863
DTX1	NOTCH1	9606.ENSP00000257600	9606.ENSP00000498587	0	0	0	0	0	0.727	0.650	0.850	0.984
EBF1	CREBBP	9606.ENSP00000322898	9606.ENSP00000262367	0	0	0	0	0	0.311	0.500	0.557	0.834
EBF1	TCF3	9606.ENSP00000322898	9606.ENSP00000262965	0	0	0	0	0.064	0	0	0.947	0.948
EBF1	CEBPA	9606.ENSP00000322898	9606.ENSP00000427514	0	0	0	0	0	0	0.750	0.528	0.876
EBF1	IKZF3	9606.ENSP00000322898	9606.ENSP00000344544	0	0	0	0	0.060	0.071	0	0.879	0.885
EBF1	IKZF1	9606.ENSP00000322898	9606.ENSP00000331614	0	0	0	0	0.048	0.071	0	0.929	0.931
EBF1	TET2	9606.ENSP00000322898	9606.ENSP00000442788	0	0	0	0	0.042	0.292	0	0.968	0.976
EED	H3-3B	9606.ENSP00000338186	9606.ENSP00000254810	0	0	0	0	0.060	0.275	0.500	0.890	0.957
EED	DNMT3A	9606.ENSP00000338186	9606.ENSP00000264709	0	0	0	0	0.056	0.301	0.500	0.477	0.804
EED	SUZ12	9606.ENSP00000338186	9606.ENSP00000316578	0	0	0	0	0.176	0.997	0.900	0.999	0.999
EED	H3C13	9606.ENSP00000338186	9606.ENSP00000333277	0	0	0	0	0.054	0.319	0.500	0.890	0.960
EED	KDM6A	9606.ENSP00000338186	9606.ENSP00000367203	0	0	0	0	0.076	0.290	0.500	0.580	0.844
EED	BAP1	9606.ENSP00000338186	9606.ENSP00000417132	0	0	0	0	0.055	0	0.900	0.077	0.905
EED	DNMT1	9606.ENSP00000338186	9606.ENSP00000352516	0	0	0	0	0.058	0.524	0.500	0.691	0.921
EED	ASXL1	9606.ENSP00000338186	9606.ENSP00000364839	0	0	0	0	0.049	0.292	0.900	0.210	0.939
EED	HDAC1	9606.ENSP00000338186	9606.ENSP00000362649	0	0	0	0	0.118	0.763	0.500	0.598	0.952
EED	PHF1	9606.ENSP00000338186	9606.ENSP00000363640	0	0	0	0	0.077	0.889	0.500	0.506	0.971
EED	PHF19	9606.ENSP00000338186	9606.ENSP00000483946	0	0	0	0	0.085	0.884	0.500	0.533	0.972
EED	EZH1	9606.ENSP00000338186	9606.ENSP00000404658	0	0	0	0	0.052	0.997	0.900	0.996	0.999
EGFR	AGO2	9606.ENSP00000275493	9606.ENSP00000220592	0	0	0	0	0.042	0.292	0	0.941	0.956
EGFR	PIK3R2	9606.ENSP00000275493	9606.ENSP00000222254	0	0	0	0	0.044	0.848	0.900	0.623	0.993
EGFR	TRAF2	9606.ENSP00000275493	9606.ENSP00000247668	0	0	0	0	0.044	0.806	0	0.184	0.835
EGFR	PDGFRA	9606.ENSP00000275493	9606.ENSP00000257290	0	0	0	0.566	0.108	0.663	0.900	0.590	0.986
EGFR	CDH1	9606.ENSP00000275493	9606.ENSP00000261769	0	0	0	0	0.055	0.815	0	0.995	0.999
EGFR	SLC9A3R1	9606.ENSP00000275493	9606.ENSP00000262613	0	0	0	0	0	0.045	0	0.854	0.854
EGFR	PIK3R3	9606.ENSP00000275493	9606.ENSP00000262741	0	0	0	0	0	0.810	0.900	0.554	0.990
EGFR	KDR	9606.ENSP00000275493	9606.ENSP00000263923	0	0	0	0.564	0.075	0.139	0	0.774	0.805
EGFR	PIK3CA	9606.ENSP00000275493	9606.ENSP00000263967	0	0	0	0	0	0.790	0.900	0.976	0.999
EGFR	FGF10	9606.ENSP00000275493	9606.ENSP00000264664	0	0	0	0	0.062	0	0.650	0.794	0.926
EGFR	TP53	9606.ENSP00000275493	9606.ENSP00000269305	0	0	0	0	0	0.329	0	0.919	0.943
EGFR	ERBB2	9606.ENSP00000275493	9606.ENSP00000269571	0	0	0.064	0.939	0.080	0.998	0.900	0.983	0.999
EGFR	RASA1	9606.ENSP00000275493	9606.ENSP00000274376	0	0	0	0	0.042	0.716	0	0.901	0.970
EGFR	BRCA1	9606.ENSP00000275493	9606.ENSP00000418960	0	0	0	0	0	0.103	0	0.786	0.800
EGFR	MTOR	9606.ENSP00000275493	9606.ENSP00000354558	0	0	0	0	0.042	0.181	0	0.769	0.802
EGFR	ALB	9606.ENSP00000275493	9606.ENSP00000295897	0	0	0	0	0	0	0	0.808	0.808
EGFR	CTNNA1	9606.ENSP00000275493	9606.ENSP00000304669	0	0	0	0	0.126	0.627	0	0.511	0.826
EGFR	PTPRK	9606.ENSP00000275493	9606.ENSP00000432973	0	0	0	0	0.154	0.289	0.400	0.583	0.829
EGFR	PGR	9606.ENSP00000275493	9606.ENSP00000325120	0	0	0	0	0	0.092	0	0.820	0.830
EGFR	BCL2	9606.ENSP00000275493	9606.ENSP00000381185	0	0	0	0	0.048	0	0	0.838	0.839
EGFR	ACTB	9606.ENSP00000275493	9606.ENSP00000494750	0	0	0	0	0.042	0.402	0	0.741	0.839
EGFR	NF2	9606.ENSP00000275493	9606.ENSP00000344666	0	0	0	0	0.054	0.621	0	0.600	0.844
EGFR	NF1	9606.ENSP00000275493	9606.ENSP00000351015	0	0	0	0	0.055	0.330	0	0.778	0.847
EGFR	RAF1	9606.ENSP00000275493	9606.ENSP00000401888	0	0	0	0.575	0.042	0.645	0	0.590	0.848
EGFR	INPPL1	9606.ENSP00000275493	9606.ENSP00000298229	0	0	0	0	0.042	0.696	0	0.551	0.857
EGFR	LYN	9606.ENSP00000275493	9606.ENSP00000428924	0	0	0	0.674	0.042	0.830	0	0.208	0.859
EGFR	ABL1	9606.ENSP00000275493	9606.ENSP00000361423	0	0	0	0.591	0.067	0.790	0	0.347	0.861
EGFR	AR	9606.ENSP00000275493	9606.ENSP00000363822	0	0	0	0	0	0.536	0	0.720	0.864
EGFR	NOTCH1	9606.ENSP00000275493	9606.ENSP00000498587	0	0	0	0	0.042	0.075	0	0.872	0.877
EGFR	NTRK2	9606.ENSP00000275493	9606.ENSP00000277120	0	0	0	0.591	0.134	0.640	0	0.653	0.882
EGFR	IL10	9606.ENSP00000275493	9606.ENSP00000412237	0	0	0	0	0	0	0.650	0.724	0.899
EGFR	RHOA	9606.ENSP00000275493	9606.ENSP00000400175	0	0	0	0	0.075	0.258	0.500	0.752	0.903
EGFR	EML4	9606.ENSP00000275493	9606.ENSP00000320663	0	0	0	0	0.042	0.049	0	0.904	0.904
EGFR	CDKN2A	9606.ENSP00000275493	9606.ENSP00000418915	0	0	0	0	0.069	0.045	0	0.906	0.910
EGFR	PIK3C2B	9606.ENSP00000275493	9606.ENSP00000356155	0	0	0	0	0.044	0.838	0	0.576	0.928
EGFR	HIF1A	9606.ENSP00000275493	9606.ENSP00000437955	0	0	0	0	0.055	0	0.500	0.873	0.934
EGFR	CSF1	9606.ENSP00000275493	9606.ENSP00000327513	0	0	0	0	0.072	0	0.650	0.834	0.941
EGFR	PIK3CD	9606.ENSP00000275493	9606.ENSP00000366563	0	0	0	0	0.042	0	0.900	0.443	0.942
EGFR	CDC42	9606.ENSP00000275493	9606.ENSP00000497733	0	0	0	0	0.042	0.211	0.500	0.895	0.955
EGFR	JAK3	9606.ENSP00000275493	9606.ENSP00000432511	0	0	0	0.583	0	0.161	0.900	0.522	0.956
EGFR	PTEN	9606.ENSP00000275493	9606.ENSP00000361021	0	0	0	0	0	0.608	0	0.925	0.969
EGFR	ESR1	9606.ENSP00000275493	9606.ENSP00000405330	0	0	0	0	0	0.583	0	0.974	0.988
EGFR	IGF1	9606.ENSP00000275493	9606.ENSP00000376637	0	0	0	0	0	0	0.900	0.919	0.991
EGFR	PLCG2	9606.ENSP00000275493	9606.ENSP00000482457	0	0	0	0	0.042	0.843	0.900	0.614	0.993
EGFR	PIK3CB	9606.ENSP00000275493	9606.ENSP00000501150	0	0	0	0	0	0.622	0.900	0.842	0.993
EGFR	ERBB4	9606.ENSP00000275493	9606.ENSP00000342235	0	0	0.051	0.945	0	0.786	0.400	0.977	0.996
EGFR	MET	9606.ENSP00000275493	9606.ENSP00000317272	0	0	0	0.582	0.250	0.806	0	0.978	0.996
EGFR	STAT5B	9606.ENSP00000275493	9606.ENSP00000293328	0	0	0	0	0	0.787	0.900	0.907	0.997
EGFR	PIK3R1	9606.ENSP00000275493	9606.ENSP00000428056	0	0	0	0	0.042	0.900	0.900	0.901	0.998
EGFR	CTNNB1	9606.ENSP00000275493	9606.ENSP00000495360	0	0	0	0	0.064	0.718	0.900	0.940	0.998
EGFR	STAT5A	9606.ENSP00000275493	9606.ENSP00000341208	0	0	0	0	0	0.836	0.900	0.932	0.998
EGFR	PTPN11	9606.ENSP00000275493	9606.ENSP00000489597	0	0	0	0	0.042	0.995	0.900	0.991	0.999
EGFR	MUC1	9606.ENSP00000275493	9606.ENSP00000484824	0	0	0	0	0.074	0.835	0	0.994	0.999
EIF3E	EIF4E	9606.ENSP00000220849	9606.ENSP00000425561	0	0	0	0	0.097	0.225	0	0.739	0.801
EIF4E	TSC2	9606.ENSP00000425561	9606.ENSP00000219476	0	0	0	0	0.063	0	0	0.858	0.862
EIF4E	AGO2	9606.ENSP00000425561	9606.ENSP00000220592	0	0	0	0	0.049	0.324	0.900	0.883	0.991
EIF4E	EIF3E	9606.ENSP00000425561	9606.ENSP00000220849	0	0	0	0	0.097	0.225	0	0.739	0.801
EIF4E	RPS6KB1	9606.ENSP00000425561	9606.ENSP00000225577	0	0	0	0	0.071	0.292	0	0.979	0.985
EIF4E	RHEB	9606.ENSP00000425561	9606.ENSP00000262187	0	0	0	0	0.101	0.045	0.400	0.816	0.892
EIF4E	PML	9606.ENSP00000425561	9606.ENSP00000268058	0	0	0	0	0.044	0.783	0	0.357	0.854
EIF4E	MTOR	9606.ENSP00000425561	9606.ENSP00000354558	0	0	0	0	0.042	0.356	0.400	0.910	0.962
EIF4E	DICER1	9606.ENSP00000425561	9606.ENSP00000437256	0	0	0	0	0.056	0.070	0.900	0.486	0.948
EIF4E	MKNK1	9606.ENSP00000425561	9606.ENSP00000498083	0	0	0	0	0	0.357	0	0.947	0.965
EIF4E	DDX3X	9606.ENSP00000425561	9606.ENSP00000494040	0	0	0	0	0.134	0.791	0	0.978	0.995
ELL	ELL2	9606.ENSP00000262809	9606.ENSP00000237853	0	0	0	0.929	0.072	0	0.900	0.734	0.973
ELL	EP300	9606.ENSP00000262809	9606.ENSP00000263253	0	0	0	0	0.060	0.292	0.400	0.566	0.803
ELL	AFDN	9606.ENSP00000262809	9606.ENSP00000355771	0	0	0	0	0	0	0	0.808	0.808
ELL	TP53	9606.ENSP00000262809	9606.ENSP00000269305	0	0	0	0	0	0.397	0	0.717	0.822
ELL	KMT2A	9606.ENSP00000262809	9606.ENSP00000436786	0	0	0	0	0	0.292	0	0.792	0.846
ELL	TCEA1	9606.ENSP00000262809	9606.ENSP00000428426	0	0	0	0	0	0.096	0.800	0.504	0.902
ELL	ERCC6	9606.ENSP00000262809	9606.ENSP00000348089	0	0	0	0	0.049	0	0.900	0.082	0.905
ELL	ELOC	9606.ENSP00000262809	9606.ENSP00000478121	0	0	0	0	0	0	0.900	0.102	0.906
ELL	MLLT10	9606.ENSP00000262809	9606.ENSP00000307411	0	0	0	0	0.049	0	0	0.915	0.916
ELL	CTR9	9606.ENSP00000262809	9606.ENSP00000355013	0	0	0	0	0.060	0.164	0.900	0.217	0.930
ELL	AFF1	9606.ENSP00000262809	9606.ENSP00000378578	0	0	0	0	0.113	0.091	0.900	0.998	0.999
ELL	MLLT3	9606.ENSP00000262809	9606.ENSP00000369695	0	0	0	0	0	0.748	0.900	0.998	0.999
ELL	AFF4	9606.ENSP00000262809	9606.ENSP00000265343	0	0	0	0	0.175	0.849	0.900	0.996	0.999
ELL2	ERCC6	9606.ENSP00000237853	9606.ENSP00000348089	0	0	0	0	0.049	0	0.900	0.043	0.901
ELL2	ELOC	9606.ENSP00000237853	9606.ENSP00000478121	0	0	0	0	0.048	0	0.900	0.064	0.903
ELL2	CTR9	9606.ENSP00000237853	9606.ENSP00000355013	0	0	0	0	0.043	0.162	0.900	0.238	0.930
ELL2	ELL	9606.ENSP00000237853	9606.ENSP00000262809	0	0	0	0.929	0.072	0	0.900	0.734	0.973
ELL2	AFF1	9606.ENSP00000237853	9606.ENSP00000378578	0	0	0	0	0.117	0.616	0.900	0.997	0.999
ELL2	AFF4	9606.ENSP00000237853	9606.ENSP00000265343	0	0	0	0	0.142	0.987	0.900	0.996	0.999
ELL2	MLLT3	9606.ENSP00000237853	9606.ENSP00000369695	0	0	0	0	0	0.712	0.900	0.993	0.999
ELMSAN1	HDAC1	9606.ENSP00000286523	9606.ENSP00000362649	0	0	0	0	0.075	0.963	0	0.224	0.971
ELN	COL1A1	9606.ENSP00000351807	9606.ENSP00000225964	0	0	0	0	0.213	0	0	0.849	0.876
ELOC	ELL2	9606.ENSP00000478121	9606.ENSP00000237853	0	0	0	0	0.048	0	0.900	0.064	0.903
ELOC	VHL	9606.ENSP00000478121	9606.ENSP00000256474	0	0	0	0	0.142	0.999	0.800	0.998	0.999
ELOC	ELL	9606.ENSP00000478121	9606.ENSP00000262809	0	0	0	0	0	0	0.900	0.102	0.906
ELOC	BRD4	9606.ENSP00000478121	9606.ENSP00000263377	0	0	0	0	0.062	0.897	0	0.249	0.921
ELOC	AFF4	9606.ENSP00000478121	9606.ENSP00000265343	0	0	0	0	0.049	0	0.900	0.086	0.905
ELOC	POLE	9606.ENSP00000478121	9606.ENSP00000322570	0	0	0	0	0.049	0.800	0	0.048	0.803
ELOC	SMARCA4	9606.ENSP00000478121	9606.ENSP00000343896	0	0	0	0	0.111	0.800	0	0.224	0.850
ELOC	ERCC6	9606.ENSP00000478121	9606.ENSP00000348089	0	0	0	0	0.055	0.260	0.900	0.287	0.943
ELOC	ARNT	9606.ENSP00000478121	9606.ENSP00000351407	0	0	0	0	0.055	0.227	0	0.855	0.885
ELOC	CTR9	9606.ENSP00000478121	9606.ENSP00000355013	0	0	0	0	0.067	0.329	0.900	0.049	0.932
ELOC	MLLT3	9606.ENSP00000478121	9606.ENSP00000369695	0	0	0	0	0.055	0	0.900	0	0.901
ELOC	SMARCA2	9606.ENSP00000478121	9606.ENSP00000371638	0	0	0	0	0.112	0.800	0	0.175	0.840
ELOC	AFF1	9606.ENSP00000478121	9606.ENSP00000378578	0	0	0	0	0.049	0	0.900	0.068	0.903
ELOC	HIF1A	9606.ENSP00000478121	9606.ENSP00000437955	0	0	0	0	0.082	0.969	0.900	0.987	0.999
EML4	PIK3R2	9606.ENSP00000320663	9606.ENSP00000222254	0	0	0	0	0.044	0	0.900	0.116	0.908
EML4	ATIC	9606.ENSP00000320663	9606.ENSP00000236959	0	0	0	0	0.049	0	0.606	0.525	0.807
EML4	PIK3R3	9606.ENSP00000320663	9606.ENSP00000262741	0	0	0	0	0	0	0.900	0	0.900
EML4	PIK3CA	9606.ENSP00000320663	9606.ENSP00000263967	0	0	0	0	0.049	0.072	0.900	0.609	0.960
EML4	EGFR	9606.ENSP00000320663	9606.ENSP00000275493	0	0	0	0	0.042	0.049	0	0.904	0.904
EML4	NPM1	9606.ENSP00000320663	9606.ENSP00000296930	0	0	0	0	0.063	0	0.400	0.757	0.851
EML4	PLCG2	9606.ENSP00000320663	9606.ENSP00000482457	0	0	0	0	0.049	0	0.900	0	0.900
EML4	PIK3CD	9606.ENSP00000320663	9606.ENSP00000366563	0	0	0	0	0.054	0.072	0.900	0.090	0.909
EML4	PIK3CB	9606.ENSP00000320663	9606.ENSP00000501150	0	0	0	0	0.044	0.072	0.900	0.149	0.914
EML4	PIK3R1	9606.ENSP00000320663	9606.ENSP00000428056	0	0	0	0	0.049	0	0.900	0.201	0.917
EML4	ROS1	9606.ENSP00000320663	9606.ENSP00000357494	0	0	0	0	0.074	0.067	0	0.921	0.925
EML4	JAK3	9606.ENSP00000320663	9606.ENSP00000432511	0	0	0	0	0.079	0.067	0.900	0.277	0.929
EML4	ALK	9606.ENSP00000320663	9606.ENSP00000373700	0	0	0	0	0.074	0.067	0.900	0.997	0.999
EMSY	BRCA2	9606.ENSP00000433205	9606.ENSP00000369497	0	0	0	0	0.056	0.292	0	0.996	0.997
EMSY	KDM5A	9606.ENSP00000433205	9606.ENSP00000382688	0	0	0	0	0.192	0.617	0	0.716	0.904
EMSY	BRCA1	9606.ENSP00000433205	9606.ENSP00000418960	0	0	0	0	0.072	0.439	0	0.691	0.825
EP300	DDX5	9606.ENSP00000263253	9606.ENSP00000225792	0	0	0	0	0.085	0.631	0.500	0.566	0.917
EP300	IRF1	9606.ENSP00000263253	9606.ENSP00000245414	0	0	0	0	0.045	0.774	0	0.932	0.984
EP300	FOXA1	9606.ENSP00000263253	9606.ENSP00000250448	0	0	0	0	0.044	0	0.800	0.681	0.933
EP300	H3-3B	9606.ENSP00000263253	9606.ENSP00000254810	0	0	0	0	0.049	0.521	0.500	0.856	0.962
EP300	VHL	9606.ENSP00000263253	9606.ENSP00000256474	0	0	0	0	0.121	0.735	0	0.532	0.881
EP300	NOTCH2	9606.ENSP00000263253	9606.ENSP00000256646	0	0	0	0	0.049	0.065	0.500	0.631	0.814
EP300	KMT2C	9606.ENSP00000263253	9606.ENSP00000262189	0	0	0	0	0.382	0.110	0.500	0.627	0.884
EP300	CREBBP	9606.ENSP00000263253	9606.ENSP00000262367	0	0	0.062	0.956	0.839	0.782	0.900	0.983	0.999
EP300	SETD1A	9606.ENSP00000263253	9606.ENSP00000262519	0	0	0	0	0.193	0.091	0.500	0.649	0.854
EP300	ELL	9606.ENSP00000263253	9606.ENSP00000262809	0	0	0	0	0.060	0.292	0.400	0.566	0.803
EP300	TCF3	9606.ENSP00000263253	9606.ENSP00000262965	0	0	0	0	0.062	0.668	0	0.826	0.941
EP300	MED12	9606.ENSP00000263253	9606.ENSP00000363193	0	0	0	0	0.230	0	0.500	0.535	0.805
EP300	MEF2C	9606.ENSP00000263253	9606.ENSP00000340874	0	0	0	0	0.044	0.525	0	0.607	0.806
EP300	RB1	9606.ENSP00000263253	9606.ENSP00000267163	0	0	0	0	0.049	0.681	0	0.418	0.808
EP300	H3C8	9606.ENSP00000263253	9606.ENSP00000484638	0	0	0	0	0	0.804	0	0.088	0.814
EP300	KMT2A	9606.ENSP00000263253	9606.ENSP00000436786	0	0	0	0	0.288	0.125	0.500	0.521	0.831
EP300	GPS2	9606.ENSP00000263253	9606.ENSP00000379841	0	0	0	0	0.117	0.300	0.500	0.543	0.840
EP300	ZBTB16	9606.ENSP00000263253	9606.ENSP00000338157	0	0	0	0	0.048	0.536	0	0.676	0.844
EP300	PRKACA	9606.ENSP00000263253	9606.ENSP00000309591	0	0	0	0	0.047	0	0.650	0.589	0.851
EP300	PML	9606.ENSP00000263253	9606.ENSP00000268058	0	0	0	0	0.060	0	0.800	0.276	0.852
EP300	ARID1A	9606.ENSP00000263253	9606.ENSP00000320485	0	0	0	0	0.416	0.094	0	0.748	0.855
EP300	TLE3	9606.ENSP00000263253	9606.ENSP00000452871	0	0	0	0	0.131	0.062	0.800	0.220	0.855
EP300	CDKN2A	9606.ENSP00000263253	9606.ENSP00000418915	0	0	0	0	0.042	0.133	0.500	0.702	0.859
EP300	EP400	9606.ENSP00000263253	9606.ENSP00000374212	0	0	0	0	0.570	0.066	0	0.677	0.859
EP300	ERCC6	9606.ENSP00000263253	9606.ENSP00000348089	0	0	0	0	0.073	0.066	0.800	0.289	0.860
EP300	BCL2	9606.ENSP00000263253	9606.ENSP00000381185	0	0	0	0	0.049	0	0.500	0.747	0.869
EP300	ERCC5	9606.ENSP00000263253	9606.ENSP00000498881	0	0	0	0	0.126	0	0.800	0.315	0.869
EP300	NUTM1	9606.ENSP00000263253	9606.ENSP00000444896	0	0	0	0	0	0.516	0	0.755	0.876
EP300	MITF	9606.ENSP00000263253	9606.ENSP00000391803	0	0	0	0	0	0.294	0	0.834	0.877
EP300	NCOR2	9606.ENSP00000263253	9606.ENSP00000384018	0	0	0	0	0.263	0.309	0.500	0.574	0.877
EP300	PARP1	9606.ENSP00000263253	9606.ENSP00000355759	0	0	0	0	0.076	0.786	0	0.447	0.881
EP300	RUNX2	9606.ENSP00000263253	9606.ENSP00000360493	0	0	0	0	0.042	0.627	0	0.704	0.885
EP300	KMT2D	9606.ENSP00000263253	9606.ENSP00000301067	0	0	0	0	0.363	0.110	0.500	0.677	0.896
EP300	CEBPA	9606.ENSP00000263253	9606.ENSP00000427514	0	0	0	0	0.060	0.094	0.500	0.797	0.902
EP300	KDM6A	9606.ENSP00000263253	9606.ENSP00000367203	0	0	0	0	0.251	0.067	0.500	0.753	0.902
EP300	REL	9606.ENSP00000263253	9606.ENSP00000295025	0	0	0	0	0.140	0.649	0	0.706	0.903
EP300	ATM	9606.ENSP00000263253	9606.ENSP00000278616	0	0	0	0	0.074	0	0	0.900	0.904
EP300	STAT5B	9606.ENSP00000263253	9606.ENSP00000293328	0	0	0	0	0.095	0.048	0.650	0.728	0.907
EP300	TCEA1	9606.ENSP00000263253	9606.ENSP00000428426	0	0	0	0	0.047	0.074	0.800	0.558	0.911
EP300	TCF12	9606.ENSP00000263253	9606.ENSP00000388940	0	0	0	0	0.060	0.396	0.800	0.321	0.912
EP300	H3C13	9606.ENSP00000263253	9606.ENSP00000333277	0	0	0	0	0.047	0.064	0.500	0.845	0.922
EP300	CREB3L2	9606.ENSP00000263253	9606.ENSP00000329140	0	0	0	0	0.064	0.073	0.900	0.212	0.922
EP300	MEF2D	9606.ENSP00000263253	9606.ENSP00000271555	0	0	0	0	0.049	0.525	0	0.845	0.923
EP300	CHD4	9606.ENSP00000263253	9606.ENSP00000440542	0	0	0	0	0.087	0.608	0.400	0.725	0.933
EP300	RXRA	9606.ENSP00000263253	9606.ENSP00000419692	0	0	0	0	0.063	0.325	0.650	0.739	0.934
EP300	STAT2	9606.ENSP00000263253	9606.ENSP00000315768	0	0	0	0	0.049	0.626	0.650	0.559	0.937
EP300	NOTCH1	9606.ENSP00000263253	9606.ENSP00000498587	0	0	0	0	0.053	0.634	0.500	0.697	0.940
EP300	STAT6	9606.ENSP00000263253	9606.ENSP00000300134	0	0	0	0	0.049	0.630	0.650	0.609	0.945
EP300	STAT5A	9606.ENSP00000263253	9606.ENSP00000341208	0	0	0	0	0.042	0.623	0.650	0.623	0.946
EP300	AR	9606.ENSP00000263253	9606.ENSP00000363822	0	0	0	0	0.043	0.843	0	0.710	0.952
EP300	KAT6A	9606.ENSP00000263253	9606.ENSP00000265713	0	0	0	0	0.647	0.292	0.500	0.695	0.956
EP300	GATA3	9606.ENSP00000263253	9606.ENSP00000368632	0	0	0	0	0	0.101	0.800	0.794	0.959
EP300	NCOR1	9606.ENSP00000263253	9606.ENSP00000268712	0	0	0	0	0.436	0.313	0.500	0.816	0.959
EP300	CTCF	9606.ENSP00000263253	9606.ENSP00000494538	0	0	0	0	0.223	0.330	0.800	0.654	0.959
EP300	SMARCA4	9606.ENSP00000263253	9606.ENSP00000343896	0	0	0	0	0.085	0.328	0	0.955	0.969
EP300	FOXO1	9606.ENSP00000263253	9606.ENSP00000368880	0	0	0	0	0.105	0.809	0.500	0.838	0.984
EP300	BRCA1	9606.ENSP00000263253	9606.ENSP00000418960	0	0	0	0	0.068	0.820	0	0.928	0.986
EP300	BRD4	9606.ENSP00000263253	9606.ENSP00000263377	0	0	0	0.549	0.326	0.787	0	0.927	0.988
EP300	SMAD4	9606.ENSP00000263253	9606.ENSP00000341551	0	0	0	0	0.204	0.826	0.500	0.924	0.994
EP300	ESR1	9606.ENSP00000263253	9606.ENSP00000405330	0	0	0	0	0	0.926	0.500	0.943	0.997
EP300	H3C1	9606.ENSP00000263253	9606.ENSP00000480826	0	0	0	0	0	0.998	0	0.088	0.998
EP300	NCOA2	9606.ENSP00000263253	9606.ENSP00000399968	0	0	0	0	0.215	0.641	0.800	0.976	0.998
EP300	TP53	9606.ENSP00000263253	9606.ENSP00000269305	0	0	0	0	0.049	0.999	0.900	0.998	0.999
EP300	HIF1A	9606.ENSP00000263253	9606.ENSP00000437955	0	0	0	0	0.082	0.999	0.900	0.996	0.999
EP300	HDAC1	9606.ENSP00000263253	9606.ENSP00000362649	0	0	0	0	0.049	0.806	0.500	0.995	0.999
EP300	SMAD3	9606.ENSP00000263253	9606.ENSP00000332973	0	0	0	0	0.062	0.926	0.500	0.992	0.999
EP300	ARNT	9606.ENSP00000263253	9606.ENSP00000351407	0	0	0	0	0.147	0.535	0.800	0.992	0.999
EP300	CTNNB1	9606.ENSP00000263253	9606.ENSP00000495360	0	0	0	0	0.049	0.899	0.900	0.992	0.999
EP400	EP300	9606.ENSP00000374212	9606.ENSP00000263253	0	0	0	0	0.570	0.066	0	0.677	0.859
EP400	TP53	9606.ENSP00000374212	9606.ENSP00000269305	0	0	0	0	0.048	0.301	0.700	0.571	0.902
EP400	MAX	9606.ENSP00000374212	9606.ENSP00000351490	0	0	0	0	0.060	0.693	0	0.423	0.819
EP400	TRRAP	9606.ENSP00000374212	9606.ENSP00000352925	0	0	0	0	0.374	0.828	0.900	0.994	0.999
EP400	ACTB	9606.ENSP00000374212	9606.ENSP00000494750	0	0	0	0	0.042	0.411	0.900	0.454	0.965
EPHA3	RASA1	9606.ENSP00000337451	9606.ENSP00000274376	0	0	0	0	0.076	0	0.900	0.151	0.914
EPHA3	EPHA7	9606.ENSP00000337451	9606.ENSP00000358309	0	0	0.055	0.967	0.130	0.747	0.400	0.490	0.924
EPHA3	ABL1	9606.ENSP00000337451	9606.ENSP00000361423	0	0	0	0.616	0.074	0.292	0.900	0.441	0.958
EPHA7	RASA1	9606.ENSP00000358309	9606.ENSP00000274376	0	0	0	0	0.074	0	0.900	0.137	0.913
EPHA7	EPHA3	9606.ENSP00000358309	9606.ENSP00000337451	0	0	0.055	0.967	0.130	0.747	0.400	0.490	0.924
EPHA7	ABL1	9606.ENSP00000358309	9606.ENSP00000361423	0	0	0	0.607	0.074	0	0.900	0.336	0.933
ERBB2	PIK3R2	9606.ENSP00000269571	9606.ENSP00000222254	0	0	0	0	0.049	0.794	0.900	0.365	0.985
ERBB2	CDH1	9606.ENSP00000269571	9606.ENSP00000261769	0	0	0	0	0.139	0.108	0	0.964	0.970
ERBB2	PIK3R3	9606.ENSP00000269571	9606.ENSP00000262741	0	0	0	0	0.044	0.440	0.900	0.593	0.975
ERBB2	PIK3CA	9606.ENSP00000269571	9606.ENSP00000263967	0	0	0	0	0	0.115	0.900	0.927	0.992
ERBB2	FGF10	9606.ENSP00000269571	9606.ENSP00000264664	0	0	0	0	0.062	0	0.650	0.514	0.826
ERBB2	TP53	9606.ENSP00000269571	9606.ENSP00000269305	0	0	0	0	0.060	0.172	0	0.924	0.935
ERBB2	RASA1	9606.ENSP00000269571	9606.ENSP00000274376	0	0	0	0	0	0.508	0	0.641	0.815
ERBB2	MET	9606.ENSP00000269571	9606.ENSP00000317272	0	0	0	0.581	0.072	0.617	0	0.604	0.847
ERBB2	BCL2	9606.ENSP00000269571	9606.ENSP00000381185	0	0	0	0	0.048	0	0	0.848	0.849
ERBB2	INSR	9606.ENSP00000269571	9606.ENSP00000303830	0	0	0	0.571	0.058	0.617	0	0.625	0.853
ERBB2	PTEN	9606.ENSP00000269571	9606.ENSP00000361021	0	0	0	0	0	0.070	0	0.864	0.868
ERBB2	BRCA2	9606.ENSP00000269571	9606.ENSP00000369497	0	0	0	0	0	0	0	0.873	0.873
ERBB2	BRCA1	9606.ENSP00000269571	9606.ENSP00000418960	0	0	0	0	0	0	0	0.918	0.918
ERBB2	ACTB	9606.ENSP00000269571	9606.ENSP00000494750	0	0	0	0	0	0.292	0	0.908	0.932
ERBB2	PIK3CD	9606.ENSP00000269571	9606.ENSP00000366563	0	0	0	0	0	0	0.900	0.440	0.941
ERBB2	JAK3	9606.ENSP00000269571	9606.ENSP00000432511	0	0	0	0.583	0	0.091	0.900	0.504	0.951
ERBB2	PTPN11	9606.ENSP00000269571	9606.ENSP00000489597	0	0	0	0	0	0.847	0	0.820	0.971
ERBB2	PIK3CB	9606.ENSP00000269571	9606.ENSP00000501150	0	0	0	0	0	0.162	0.900	0.702	0.972
ERBB2	ESR1	9606.ENSP00000269571	9606.ENSP00000405330	0	0	0	0	0	0.329	0	0.966	0.976
ERBB2	MUC1	9606.ENSP00000269571	9606.ENSP00000484824	0	0	0	0	0.067	0.512	0	0.958	0.979
ERBB2	PLCG2	9606.ENSP00000269571	9606.ENSP00000482457	0	0	0	0	0	0.724	0.900	0.299	0.979
ERBB2	PGR	9606.ENSP00000269571	9606.ENSP00000325120	0	0	0	0	0	0.329	0	0.972	0.980
ERBB2	IGF1	9606.ENSP00000269571	9606.ENSP00000376637	0	0	0	0	0	0	0.900	0.926	0.992
ERBB2	PIK3R1	9606.ENSP00000269571	9606.ENSP00000428056	0	0	0	0	0	0.840	0.900	0.728	0.995
ERBB2	CTNNB1	9606.ENSP00000269571	9606.ENSP00000495360	0	0	0	0	0	0.662	0.900	0.954	0.998
ERBB2	ERBB4	9606.ENSP00000269571	9606.ENSP00000342235	0	0	0.055	0.927	0	0.850	0.900	0.983	0.999
ERBB2	EGFR	9606.ENSP00000269571	9606.ENSP00000275493	0	0	0.064	0.939	0.080	0.998	0.900	0.983	0.999
ERBB4	PIK3R2	9606.ENSP00000342235	9606.ENSP00000222254	0	0	0	0	0	0.654	0.900	0.394	0.977
ERBB4	PIK3R3	9606.ENSP00000342235	9606.ENSP00000262741	0	0	0	0	0.067	0.194	0.900	0.325	0.942
ERBB4	PIK3CA	9606.ENSP00000342235	9606.ENSP00000263967	0	0	0	0	0	0	0.900	0.713	0.970
ERBB4	NCOR1	9606.ENSP00000342235	9606.ENSP00000268712	0	0	0	0	0	0.292	0.500	0.683	0.877
ERBB4	ERBB2	9606.ENSP00000342235	9606.ENSP00000269571	0	0	0.055	0.927	0	0.850	0.900	0.983	0.999
ERBB4	EGFR	9606.ENSP00000342235	9606.ENSP00000275493	0	0	0.051	0.945	0	0.786	0.400	0.977	0.996
ERBB4	STAT5B	9606.ENSP00000342235	9606.ENSP00000293328	0	0	0	0	0	0.628	0.900	0.843	0.993
ERBB4	PGR	9606.ENSP00000342235	9606.ENSP00000325120	0	0	0	0	0.107	0.092	0.750	0.485	0.881
ERBB4	STAT5A	9606.ENSP00000342235	9606.ENSP00000341208	0	0	0	0	0	0.636	0.900	0.892	0.995
ERBB4	PIK3CD	9606.ENSP00000342235	9606.ENSP00000366563	0	0	0	0	0	0	0.900	0.282	0.925
ERBB4	PTPN11	9606.ENSP00000342235	9606.ENSP00000489597	0	0	0	0	0	0.754	0	0.715	0.927
ERBB4	PLCG2	9606.ENSP00000342235	9606.ENSP00000482457	0	0	0	0	0	0.224	0.900	0.270	0.938
ERBB4	PIK3CB	9606.ENSP00000342235	9606.ENSP00000501150	0	0	0	0	0	0	0.900	0.497	0.947
ERBB4	PIK3R1	9606.ENSP00000342235	9606.ENSP00000428056	0	0	0	0	0.060	0.194	0.900	0.398	0.948
ERBB4	ESR1	9606.ENSP00000342235	9606.ENSP00000405330	0	0	0	0	0.074	0.329	0.800	0.723	0.961
ERCC1	PMS1	9606.ENSP00000013807	9606.ENSP00000406490	0	0	0	0	0.049	0.073	0.540	0.585	0.809
ERCC1	TP53BP1	9606.ENSP00000013807	9606.ENSP00000371475	0	0	0	0	0.042	0.330	0.360	0.647	0.835
ERCC1	FANCA	9606.ENSP00000013807	9606.ENSP00000373952	0	0	0	0	0.068	0	0.500	0.689	0.842
ERCC1	WRN	9606.ENSP00000013807	9606.ENSP00000298139	0	0	0	0	0	0	0.400	0.768	0.855
ERCC1	FANCL	9606.ENSP00000013807	9606.ENSP00000385021	0	0	0	0	0	0	0.500	0.729	0.858
ERCC1	FANCG	9606.ENSP00000013807	9606.ENSP00000367910	0	0	0	0	0.049	0.292	0.500	0.649	0.866
ERCC1	PARP1	9606.ENSP00000013807	9606.ENSP00000355759	0	0	0	0	0.049	0	0.500	0.746	0.869
ERCC1	MLH1	9606.ENSP00000013807	9606.ENSP00000231790	0	0	0	0	0.049	0.071	0.540	0.724	0.873
ERCC1	BRCA2	9606.ENSP00000013807	9606.ENSP00000369497	0	0	0	0	0	0	0.540	0.743	0.877
ERCC1	FANCI	9606.ENSP00000013807	9606.ENSP00000310842	0	0	0	0	0	0	0.540	0.808	0.907
ERCC1	RAD51	9606.ENSP00000013807	9606.ENSP00000493712	0	0	0	0	0	0	0.400	0.853	0.908
ERCC1	ERCC6	9606.ENSP00000013807	9606.ENSP00000348089	0	0	0	0	0	0	0	0.926	0.926
ERCC1	BRCA1	9606.ENSP00000013807	9606.ENSP00000418960	0	0	0	0	0.055	0.439	0.540	0.747	0.930
ERCC1	FANCM	9606.ENSP00000013807	9606.ENSP00000267430	0	0	0	0	0.109	0.569	0.500	0.692	0.933
ERCC1	MSH3	9606.ENSP00000013807	9606.ENSP00000265081	0	0	0	0	0	0.181	0.720	0.799	0.950
ERCC1	FANCD2	9606.ENSP00000013807	9606.ENSP00000287647	0	0	0	0	0	0	0.540	0.899	0.951
ERCC1	POLD1	9606.ENSP00000013807	9606.ENSP00000472445	0	0	0	0	0.056	0.092	0.900	0.525	0.953
ERCC1	RAD52	9606.ENSP00000013807	9606.ENSP00000351284	0	0	0	0	0	0.396	0.400	0.935	0.974
ERCC1	MSH6	9606.ENSP00000013807	9606.ENSP00000234420	0	0	0	0	0.049	0.181	0.900	0.708	0.974
ERCC1	ATM	9606.ENSP00000013807	9606.ENSP00000278616	0	0	0	0	0	0	0.900	0.769	0.975
ERCC1	MSH2	9606.ENSP00000013807	9606.ENSP00000233146	0	0	0	0	0	0.607	0.900	0.816	0.992
ERCC1	XPC	9606.ENSP00000013807	9606.ENSP00000285021	0	0	0	0	0.049	0	0.900	0.944	0.994
ERCC1	ERCC3	9606.ENSP00000013807	9606.ENSP00000285398	0	0	0	0	0.074	0	0.540	0.988	0.994
ERCC1	ERCC2	9606.ENSP00000013807	9606.ENSP00000375809	0	0	0	0	0.095	0	0.500	0.993	0.996
ERCC1	ERCC5	9606.ENSP00000013807	9606.ENSP00000498881	0	0	0	0	0.062	0.271	0.900	0.973	0.997
ERCC1	ERCC4	9606.ENSP00000013807	9606.ENSP00000310520	0	0	0	0	0.109	0.999	0.900	0.999	0.999
ERCC1	SLX4	9606.ENSP00000013807	9606.ENSP00000294008	0	0	0	0	0.086	0.899	0.500	0.997	0.999
ERCC2	ERCC1	9606.ENSP00000375809	9606.ENSP00000013807	0	0	0	0	0.095	0	0.500	0.993	0.996
ERCC2	TP53	9606.ENSP00000375809	9606.ENSP00000269305	0	0	0	0	0.060	0.510	0	0.610	0.804
ERCC2	ATM	9606.ENSP00000375809	9606.ENSP00000278616	0	0	0	0	0.049	0	0.500	0.834	0.914
ERCC2	XPC	9606.ENSP00000375809	9606.ENSP00000285021	0	0	0	0	0.075	0.507	0.500	0.715	0.926
ERCC2	ERCC3	9606.ENSP00000375809	9606.ENSP00000285398	0	0	0	0	0.094	0.999	0.900	0.999	0.999
ERCC2	ERCC4	9606.ENSP00000375809	9606.ENSP00000310520	0	0	0	0	0.094	0	0.500	0.975	0.988
ERCC2	H3C13	9606.ENSP00000375809	9606.ENSP00000333277	0	0	0	0	0.049	0.828	0	0.225	0.862
ERCC2	ERCC6	9606.ENSP00000375809	9606.ENSP00000348089	0	0	0	0	0.049	0.314	0.500	0.929	0.973
ERCC2	RAD52	9606.ENSP00000375809	9606.ENSP00000351284	0	0	0	0	0.049	0.512	0	0.644	0.820
ERCC2	PARP1	9606.ENSP00000375809	9606.ENSP00000355759	0	0	0	0	0.086	0	0.500	0.690	0.846
ERCC2	POLD1	9606.ENSP00000375809	9606.ENSP00000472445	0.042	0	0	0	0.168	0.071	0.500	0.581	0.816
ERCC2	RAD51	9606.ENSP00000375809	9606.ENSP00000493712	0.057	0	0	0	0.085	0.292	0	0.825	0.879
ERCC2	BRCA1	9606.ENSP00000375809	9606.ENSP00000418960	0	0	0	0	0.073	0	0.500	0.762	0.880
ERCC2	TCEA1	9606.ENSP00000375809	9606.ENSP00000428426	0	0	0	0	0.056	0.686	0.900	0.655	0.988
ERCC2	ERCC5	9606.ENSP00000375809	9606.ENSP00000498881	0	0	0	0	0.061	0.994	0.500	0.973	0.999
ERCC3	ERCC1	9606.ENSP00000285398	9606.ENSP00000013807	0	0	0	0	0.074	0	0.540	0.988	0.994
ERCC3	MLH1	9606.ENSP00000285398	9606.ENSP00000231790	0.111	0	0	0	0.165	0	0.540	0.555	0.827
ERCC3	MSH2	9606.ENSP00000285398	9606.ENSP00000233146	0	0	0	0	0.128	0.095	0.540	0.585	0.829
ERCC3	MSH6	9606.ENSP00000285398	9606.ENSP00000234420	0	0	0	0	0.120	0.078	0.540	0.625	0.841
ERCC3	BRIP1	9606.ENSP00000285398	9606.ENSP00000259008	0	0	0	0	0.069	0.576	0	0.689	0.866
ERCC3	MSH3	9606.ENSP00000285398	9606.ENSP00000265081	0	0	0	0	0.073	0.078	0.540	0.553	0.800
ERCC3	TP53	9606.ENSP00000285398	9606.ENSP00000269305	0	0	0	0	0	0.681	0	0.725	0.908
ERCC3	ATM	9606.ENSP00000285398	9606.ENSP00000278616	0	0	0	0	0.106	0	0.540	0.694	0.863
ERCC3	XPC	9606.ENSP00000285398	9606.ENSP00000285021	0	0	0	0	0.218	0.747	0.540	0.736	0.972
ERCC3	PARP1	9606.ENSP00000285398	9606.ENSP00000355759	0	0	0	0	0.092	0	0.500	0.623	0.813
ERCC3	H3C13	9606.ENSP00000285398	9606.ENSP00000333277	0	0	0	0	0.057	0.844	0	0.247	0.879
ERCC3	ERCC6	9606.ENSP00000285398	9606.ENSP00000348089	0.057	0	0	0	0.049	0.166	0.500	0.945	0.976
ERCC3	TCEA1	9606.ENSP00000285398	9606.ENSP00000428426	0	0	0	0	0.067	0.623	0.900	0.558	0.982
ERCC3	ERCC4	9606.ENSP00000285398	9606.ENSP00000310520	0.041	0	0	0	0.161	0.107	0.540	0.968	0.987
ERCC3	ERCC2	9606.ENSP00000285398	9606.ENSP00000375809	0	0	0	0	0.094	0.999	0.900	0.999	0.999
ERCC3	ERCC5	9606.ENSP00000285398	9606.ENSP00000498881	0.041	0	0	0	0.092	0.994	0.540	0.961	0.999
ERCC4	ERCC1	9606.ENSP00000310520	9606.ENSP00000013807	0	0	0	0	0.109	0.999	0.900	0.999	0.999
ERCC4	FANCE	9606.ENSP00000310520	9606.ENSP00000229769	0	0	0	0	0.049	0	0.500	0.662	0.825
ERCC4	MLH1	9606.ENSP00000310520	9606.ENSP00000231790	0	0	0	0	0.148	0.092	0.540	0.623	0.848
ERCC4	MSH2	9606.ENSP00000310520	9606.ENSP00000233146	0	0	0	0	0.082	0.590	0.900	0.761	0.989
ERCC4	MSH6	9606.ENSP00000310520	9606.ENSP00000234420	0	0	0	0	0.118	0.176	0.900	0.588	0.966
ERCC4	BRIP1	9606.ENSP00000310520	9606.ENSP00000259008	0	0	0	0	0.123	0	0.400	0.685	0.820
ERCC4	PALB2	9606.ENSP00000310520	9606.ENSP00000261584	0	0	0	0	0.068	0	0.540	0.610	0.818
ERCC4	MSH3	9606.ENSP00000310520	9606.ENSP00000265081	0	0	0	0	0.075	0.176	0.720	0.736	0.936
ERCC4	FANCM	9606.ENSP00000310520	9606.ENSP00000267430	0	0	0	0.550	0.056	0.287	0.500	0.725	0.895
ERCC4	ATM	9606.ENSP00000310520	9606.ENSP00000278616	0	0	0	0	0.060	0	0.900	0.664	0.965
ERCC4	XPC	9606.ENSP00000310520	9606.ENSP00000285021	0	0	0	0	0.065	0.228	0.900	0.798	0.983
ERCC4	ERCC3	9606.ENSP00000310520	9606.ENSP00000285398	0.041	0	0	0	0.161	0.107	0.540	0.968	0.987
ERCC4	FANCD2	9606.ENSP00000310520	9606.ENSP00000287647	0	0	0	0	0.101	0.301	0.540	0.868	0.957
ERCC4	SLX4	9606.ENSP00000310520	9606.ENSP00000294008	0	0	0	0	0.105	0.943	0.500	0.996	0.999
ERCC4	WRN	9606.ENSP00000310520	9606.ENSP00000298139	0	0	0	0	0.068	0.426	0.400	0.624	0.863
ERCC4	MRE11	9606.ENSP00000310520	9606.ENSP00000325863	0	0	0	0	0.067	0.144	0.400	0.647	0.808
ERCC4	RAD51C	9606.ENSP00000310520	9606.ENSP00000336701	0	0	0	0	0.132	0.252	0	0.739	0.816
ERCC4	TP53BP1	9606.ENSP00000310520	9606.ENSP00000371475	0	0	0	0	0.074	0.377	0.360	0.560	0.816
ERCC4	BLM	9606.ENSP00000310520	9606.ENSP00000347232	0	0	0	0	0.074	0.452	0.400	0.476	0.819
ERCC4	FANCB	9606.ENSP00000310520	9606.ENSP00000498215	0	0	0	0	0.047	0	0.500	0.669	0.828
ERCC4	FANCL	9606.ENSP00000310520	9606.ENSP00000385021	0	0	0	0	0	0	0.500	0.698	0.842
ERCC4	BRCA2	9606.ENSP00000310520	9606.ENSP00000369497	0	0	0	0	0.090	0	0.540	0.675	0.852
ERCC4	FANCI	9606.ENSP00000310520	9606.ENSP00000310842	0	0	0	0	0.091	0	0.540	0.734	0.879
ERCC4	FANCG	9606.ENSP00000310520	9606.ENSP00000367910	0	0	0	0	0	0.254	0.500	0.703	0.879
ERCC4	FANCA	9606.ENSP00000310520	9606.ENSP00000373952	0	0	0	0	0.042	0.300	0.500	0.768	0.912
ERCC4	BRCA1	9606.ENSP00000310520	9606.ENSP00000418960	0	0	0	0	0.102	0.439	0.540	0.674	0.914
ERCC4	RAD51	9606.ENSP00000310520	9606.ENSP00000493712	0	0	0	0	0.094	0.619	0.400	0.691	0.927
ERCC4	ERCC6	9606.ENSP00000310520	9606.ENSP00000348089	0	0	0	0	0.105	0.362	0	0.893	0.934
ERCC4	POLD1	9606.ENSP00000310520	9606.ENSP00000472445	0	0	0	0	0.104	0.241	0.900	0.506	0.962
ERCC4	RAD52	9606.ENSP00000310520	9606.ENSP00000351284	0	0	0	0	0.125	0.833	0.400	0.625	0.962
ERCC4	ERCC2	9606.ENSP00000310520	9606.ENSP00000375809	0	0	0	0	0.094	0	0.500	0.975	0.988
ERCC4	ERCC5	9606.ENSP00000310520	9606.ENSP00000498881	0	0	0	0	0.126	0.301	0.900	0.972	0.998
ERCC5	ERCC1	9606.ENSP00000498881	9606.ENSP00000013807	0	0	0	0	0.062	0.271	0.900	0.973	0.997
ERCC5	MLH1	9606.ENSP00000498881	9606.ENSP00000231790	0	0	0	0	0.123	0.183	0.540	0.527	0.823
ERCC5	MSH2	9606.ENSP00000498881	9606.ENSP00000233146	0	0	0	0	0.113	0.191	0.900	0.532	0.962
ERCC5	MSH6	9606.ENSP00000498881	9606.ENSP00000234420	0	0	0	0	0.113	0.191	0.900	0.547	0.963
ERCC5	PALB2	9606.ENSP00000498881	9606.ENSP00000261584	0.044	0	0	0	0.100	0.292	0.540	0.436	0.813
ERCC5	EP300	9606.ENSP00000498881	9606.ENSP00000263253	0	0	0	0	0.126	0	0.800	0.315	0.869
ERCC5	MSH3	9606.ENSP00000498881	9606.ENSP00000265081	0	0	0	0	0.155	0.191	0.720	0.509	0.893
ERCC5	ATM	9606.ENSP00000498881	9606.ENSP00000278616	0	0	0	0	0.098	0.176	0.900	0.706	0.975
ERCC5	XPC	9606.ENSP00000498881	9606.ENSP00000285021	0	0	0	0	0.459	0	0.900	0.516	0.971
ERCC5	ERCC3	9606.ENSP00000498881	9606.ENSP00000285398	0.041	0	0	0	0.092	0.994	0.540	0.961	0.999
ERCC5	ERCC4	9606.ENSP00000498881	9606.ENSP00000310520	0	0	0	0	0.126	0.301	0.900	0.972	0.998
ERCC5	ERCC6	9606.ENSP00000498881	9606.ENSP00000348089	0	0	0	0	0.097	0.994	0.800	0.966	0.999
ERCC5	BRCA2	9606.ENSP00000498881	9606.ENSP00000369497	0	0	0	0	0.056	0.292	0.540	0.750	0.913
ERCC5	ERCC2	9606.ENSP00000498881	9606.ENSP00000375809	0	0	0	0	0.061	0.994	0.500	0.973	0.999
ERCC5	BRCA1	9606.ENSP00000498881	9606.ENSP00000418960	0	0	0	0	0.074	0.292	0.540	0.739	0.911
ERCC5	TCEA1	9606.ENSP00000498881	9606.ENSP00000428426	0	0	0	0	0.049	0.071	0.800	0.166	0.833
ERCC5	POLD1	9606.ENSP00000498881	9606.ENSP00000472445	0	0	0	0	0.155	0.310	0.900	0.486	0.966
ERCC6	ERCC1	9606.ENSP00000348089	9606.ENSP00000013807	0	0	0	0	0	0	0	0.926	0.926
ERCC6	ELL2	9606.ENSP00000348089	9606.ENSP00000237853	0	0	0	0	0.049	0	0.900	0.043	0.901
ERCC6	ELL	9606.ENSP00000348089	9606.ENSP00000262809	0	0	0	0	0.049	0	0.900	0.082	0.905
ERCC6	EP300	9606.ENSP00000348089	9606.ENSP00000263253	0	0	0	0	0.073	0.066	0.800	0.289	0.860
ERCC6	AFF4	9606.ENSP00000348089	9606.ENSP00000265343	0	0	0	0	0.049	0.107	0.900	0.062	0.909
ERCC6	ERCC3	9606.ENSP00000348089	9606.ENSP00000285398	0.057	0	0	0	0.049	0.166	0.500	0.945	0.976
ERCC6	ERCC4	9606.ENSP00000348089	9606.ENSP00000310520	0	0	0	0	0.105	0.362	0	0.893	0.934
ERCC6	DEK	9606.ENSP00000348089	9606.ENSP00000498653	0	0	0	0	0	0.050	0.720	0.489	0.852
ERCC6	AFF1	9606.ENSP00000348089	9606.ENSP00000378578	0	0	0	0	0.060	0.107	0.900	0.062	0.910
ERCC6	MLLT3	9606.ENSP00000348089	9606.ENSP00000369695	0	0	0	0	0.042	0.128	0.900	0.089	0.913
ERCC6	TCEA1	9606.ENSP00000348089	9606.ENSP00000428426	0	0	0	0	0	0.125	0.800	0.648	0.933
ERCC6	ELOC	9606.ENSP00000348089	9606.ENSP00000478121	0	0	0	0	0.055	0.260	0.900	0.287	0.943
ERCC6	CUL4A	9606.ENSP00000348089	9606.ENSP00000364589	0	0	0	0	0	0.855	0.500	0.423	0.954
ERCC6	ERCC2	9606.ENSP00000348089	9606.ENSP00000375809	0	0	0	0	0.049	0.314	0.500	0.929	0.973
ERCC6	CTR9	9606.ENSP00000348089	9606.ENSP00000355013	0	0	0	0	0.062	0.806	0.900	0.255	0.984
ERCC6	ERCC5	9606.ENSP00000348089	9606.ENSP00000498881	0	0	0	0	0.097	0.994	0.800	0.966	0.999
ESCO2	STAG2	9606.ENSP00000306999	9606.ENSP00000218089	0	0	0	0	0.074	0.204	0.400	0.682	0.841
ESCO2	RAD21	9606.ENSP00000306999	9606.ENSP00000297338	0	0	0	0	0.121	0.410	0.400	0.895	0.963
ESCO2	STAG1	9606.ENSP00000306999	9606.ENSP00000372689	0	0	0	0	0.094	0.204	0.400	0.757	0.881
ESCO2	SMC1A	9606.ENSP00000306999	9606.ENSP00000323421	0	0	0	0	0.125	0.416	0.400	0.771	0.920
ESCO2	SMC3	9606.ENSP00000306999	9606.ENSP00000354720	0	0	0	0	0.145	0.878	0.400	0.973	0.998
ESR1	TSC2	9606.ENSP00000405330	9606.ENSP00000219476	0	0	0	0	0	0.518	0	0.638	0.818
ESR1	RPS6KB1	9606.ENSP00000405330	9606.ENSP00000225577	0	0	0	0	0.057	0.053	0.900	0.558	0.955
ESR1	DDX5	9606.ENSP00000405330	9606.ENSP00000225792	0	0	0	0	0	0.771	0.500	0.784	0.973
ESR1	FOXA1	9606.ENSP00000405330	9606.ENSP00000250448	0	0	0	0	0.108	0.626	0.500	0.990	0.998
ESR1	H3-3B	9606.ENSP00000405330	9606.ENSP00000254810	0	0	0	0	0	0.124	0.500	0.614	0.816
ESR1	CDH1	9606.ENSP00000405330	9606.ENSP00000261769	0	0	0	0	0.045	0	0	0.802	0.803
ESR1	AXIN1	9606.ENSP00000405330	9606.ENSP00000262320	0	0	0	0	0	0	0.750	0.353	0.831
ESR1	CREBBP	9606.ENSP00000405330	9606.ENSP00000262367	0	0	0	0	0.062	0.844	0.500	0.921	0.993
ESR1	EP300	9606.ENSP00000405330	9606.ENSP00000263253	0	0	0	0	0	0.926	0.500	0.943	0.997
ESR1	PIK3CA	9606.ENSP00000405330	9606.ENSP00000263967	0	0	0	0	0	0.510	0.400	0.817	0.941
ESR1	NCOR1	9606.ENSP00000405330	9606.ENSP00000268712	0	0	0	0	0	0.799	0.900	0.987	0.999
ESR1	TP53	9606.ENSP00000405330	9606.ENSP00000269305	0	0	0	0	0	0.735	0	0.974	0.992
ESR1	ERBB2	9606.ENSP00000405330	9606.ENSP00000269571	0	0	0	0	0	0.329	0	0.966	0.976
ESR1	EGFR	9606.ENSP00000405330	9606.ENSP00000275493	0	0	0	0	0	0.583	0	0.974	0.988
ESR1	KMT2D	9606.ENSP00000405330	9606.ENSP00000301067	0	0	0	0	0	0.634	0	0.535	0.822
ESR1	PRKACA	9606.ENSP00000405330	9606.ENSP00000309591	0	0	0	0	0	0	0.900	0.581	0.956
ESR1	PGR	9606.ENSP00000405330	9606.ENSP00000325120	0	0	0	0.673	0.240	0.771	0.700	0.560	0.974
ESR1	SMAD3	9606.ENSP00000405330	9606.ENSP00000332973	0	0	0	0	0.042	0.294	0	0.783	0.840
ESR1	H3C13	9606.ENSP00000405330	9606.ENSP00000333277	0	0	0	0	0	0.042	0.500	0.630	0.807
ESR1	MEN1	9606.ENSP00000405330	9606.ENSP00000337088	0	0	0	0	0	0.304	0	0.894	0.923
ESR1	TRIM24	9606.ENSP00000405330	9606.ENSP00000340507	0	0	0	0	0	0.836	0	0.767	0.960
ESR1	SMAD4	9606.ENSP00000405330	9606.ENSP00000341551	0	0	0	0	0	0.045	0	0.832	0.833
ESR1	ERBB4	9606.ENSP00000405330	9606.ENSP00000342235	0	0	0	0	0.074	0.329	0.800	0.723	0.961
ESR1	SMARCA4	9606.ENSP00000405330	9606.ENSP00000343896	0	0	0	0	0	0.487	0	0.737	0.859
ESR1	ARNT	9606.ENSP00000405330	9606.ENSP00000351407	0	0	0	0	0	0.582	0	0.703	0.870
ESR1	RUNX2	9606.ENSP00000405330	9606.ENSP00000360493	0	0	0	0	0.056	0.071	0.750	0.770	0.942
ESR1	PTEN	9606.ENSP00000405330	9606.ENSP00000361021	0	0	0	0	0	0.295	0	0.737	0.807
ESR1	HDAC1	9606.ENSP00000405330	9606.ENSP00000362649	0	0	0	0	0	0.832	0.500	0.987	0.998
ESR1	AR	9606.ENSP00000405330	9606.ENSP00000363822	0	0	0	0.651	0.172	0	0	0.978	0.981
ESR1	GATA3	9606.ENSP00000405330	9606.ENSP00000368632	0	0	0	0	0.102	0.608	0.500	0.910	0.982
ESR1	FOXO1	9606.ENSP00000405330	9606.ENSP00000368880	0	0	0	0	0.042	0.630	0	0.790	0.919
ESR1	IGF1	9606.ENSP00000405330	9606.ENSP00000376637	0	0	0	0	0.062	0	0	0.964	0.964
ESR1	BCL2	9606.ENSP00000405330	9606.ENSP00000381185	0	0	0	0	0.083	0.045	0.500	0.794	0.897
ESR1	NCOR2	9606.ENSP00000405330	9606.ENSP00000384018	0	0	0	0	0.044	0.770	0.500	0.944	0.993
ESR1	NCOA2	9606.ENSP00000405330	9606.ENSP00000399968	0	0	0	0	0	0.992	0.800	0.978	0.999
ESR1	MUC1	9606.ENSP00000405330	9606.ENSP00000484824	0	0	0	0	0.062	0.292	0	0.777	0.839
ESR1	DROSHA	9606.ENSP00000405330	9606.ENSP00000425979	0	0	0	0	0	0	0	0.895	0.895
ESR1	ACTB	9606.ENSP00000405330	9606.ENSP00000494750	0	0	0	0	0	0.571	0	0.882	0.947
ESR1	HIF1A	9606.ENSP00000405330	9606.ENSP00000437955	0	0	0	0	0.067	0.636	0	0.861	0.948
ESR1	CTNNB1	9606.ENSP00000405330	9606.ENSP00000495360	0	0	0	0	0.052	0.301	0	0.952	0.965
ESR1	PIK3R1	9606.ENSP00000405330	9606.ENSP00000428056	0	0	0	0	0	0.708	0.400	0.971	0.994
ESR1	BRCA1	9606.ENSP00000405330	9606.ENSP00000418960	0	0	0	0	0	0.904	0	0.995	0.999
ETV6	IKZF1	9606.ENSP00000379658	9606.ENSP00000331614	0	0	0	0	0.076	0.068	0	0.827	0.838
ETV6	ABL1	9606.ENSP00000379658	9606.ENSP00000361423	0	0	0	0	0.044	0.074	0	0.930	0.932
ETV6	ASXL1	9606.ENSP00000379658	9606.ENSP00000364839	0	0	0	0	0.042	0.047	0	0.832	0.833
ETV6	ABL2	9606.ENSP00000379658	9606.ENSP00000427562	0	0	0	0	0.042	0.074	0	0.858	0.863
EZH1	SUZ12	9606.ENSP00000404658	9606.ENSP00000316578	0	0	0	0	0.080	0.997	0.900	0.996	0.999
EZH1	EED	9606.ENSP00000404658	9606.ENSP00000338186	0	0	0	0	0.052	0.997	0.900	0.996	0.999
EZH1	PHF1	9606.ENSP00000404658	9606.ENSP00000363640	0	0	0	0	0.090	0.797	0	0.704	0.940
EZH1	ASXL1	9606.ENSP00000404658	9606.ENSP00000364839	0	0	0	0	0.103	0.071	0.900	0.203	0.924
EZH1	BAP1	9606.ENSP00000404658	9606.ENSP00000417132	0	0	0	0	0.105	0	0.900	0.046	0.907
EZH1	PHF19	9606.ENSP00000404658	9606.ENSP00000483946	0	0	0	0	0.067	0.827	0.360	0.758	0.971
FANCA	ERCC1	9606.ENSP00000373952	9606.ENSP00000013807	0	0	0	0	0.068	0	0.500	0.689	0.842
FANCA	FANCE	9606.ENSP00000373952	9606.ENSP00000229769	0	0	0	0	0.163	0.998	0.900	0.999	0.999
FANCA	BRIP1	9606.ENSP00000373952	9606.ENSP00000259008	0	0	0	0	0.190	0	0	0.890	0.907
FANCA	PALB2	9606.ENSP00000373952	9606.ENSP00000261584	0	0	0	0	0.182	0	0	0.883	0.900
FANCA	FANCM	9606.ENSP00000373952	9606.ENSP00000267430	0	0	0	0	0.113	0.994	0.900	0.999	0.999
FANCA	FANCD2	9606.ENSP00000373952	9606.ENSP00000287647	0	0	0	0	0.218	0.912	0.900	0.987	0.999
FANCA	SLX4	9606.ENSP00000373952	9606.ENSP00000294008	0	0	0	0	0.079	0	0.500	0.870	0.935
FANCA	WRN	9606.ENSP00000373952	9606.ENSP00000298139	0	0	0	0	0.062	0	0	0.827	0.831
FANCA	ERCC4	9606.ENSP00000373952	9606.ENSP00000310520	0	0	0	0	0.042	0.300	0.500	0.768	0.912
FANCA	FANCI	9606.ENSP00000373952	9606.ENSP00000310842	0	0	0	0	0.295	0.800	0.900	0.974	0.999
FANCA	RAD51C	9606.ENSP00000373952	9606.ENSP00000336701	0	0	0	0	0.099	0	0	0.807	0.819
FANCA	ATR	9606.ENSP00000373952	9606.ENSP00000343741	0	0	0	0	0.068	0.292	0.900	0.376	0.953
FANCA	SMARCA4	9606.ENSP00000373952	9606.ENSP00000343896	0	0	0	0	0.067	0.303	0	0.894	0.925
FANCA	BLM	9606.ENSP00000373952	9606.ENSP00000347232	0	0	0	0	0.344	0.994	0	0.835	0.999
FANCA	FANCG	9606.ENSP00000373952	9606.ENSP00000367910	0	0	0	0	0.625	0.998	0.900	0.999	0.999
FANCA	BRCA2	9606.ENSP00000373952	9606.ENSP00000369497	0	0	0	0	0.186	0	0	0.962	0.968
FANCA	RAD51	9606.ENSP00000373952	9606.ENSP00000493712	0	0	0	0	0.330	0.162	0	0.895	0.936
FANCA	BRCA1	9606.ENSP00000373952	9606.ENSP00000418960	0	0	0	0	0.328	0.702	0	0.977	0.995
FANCA	FANCB	9606.ENSP00000373952	9606.ENSP00000498215	0	0	0	0	0.095	0.998	0.900	0.999	0.999
FANCA	FANCL	9606.ENSP00000373952	9606.ENSP00000385021	0	0	0	0	0.067	0.998	0.900	0.999	0.999
FANCB	FANCE	9606.ENSP00000498215	9606.ENSP00000229769	0	0	0	0	0.060	0.998	0.900	0.999	0.999
FANCB	BRIP1	9606.ENSP00000498215	9606.ENSP00000259008	0	0	0	0	0.090	0	0	0.917	0.921
FANCB	PALB2	9606.ENSP00000498215	9606.ENSP00000261584	0	0	0	0	0.097	0	0	0.858	0.866
FANCB	FANCM	9606.ENSP00000498215	9606.ENSP00000267430	0	0	0	0	0.186	0.994	0.900	0.999	0.999
FANCB	FANCD2	9606.ENSP00000498215	9606.ENSP00000287647	0	0	0	0	0.269	0.800	0.900	0.945	0.999
FANCB	SLX4	9606.ENSP00000498215	9606.ENSP00000294008	0	0	0	0	0.049	0	0.500	0.809	0.901
FANCB	ERCC4	9606.ENSP00000498215	9606.ENSP00000310520	0	0	0	0	0.047	0	0.500	0.669	0.828
FANCB	FANCI	9606.ENSP00000498215	9606.ENSP00000310842	0	0	0	0	0.167	0.800	0.900	0.947	0.999
FANCB	RAD51C	9606.ENSP00000498215	9606.ENSP00000336701	0	0	0	0	0.053	0	0	0.838	0.840
FANCB	FANCG	9606.ENSP00000498215	9606.ENSP00000367910	0	0	0	0	0.082	0.998	0.900	0.999	0.999
FANCB	BRCA2	9606.ENSP00000498215	9606.ENSP00000369497	0	0	0	0	0.216	0	0	0.890	0.910
FANCB	FANCA	9606.ENSP00000498215	9606.ENSP00000373952	0	0	0	0	0.095	0.998	0.900	0.999	0.999
FANCB	FANCL	9606.ENSP00000498215	9606.ENSP00000385021	0	0	0	0	0.062	0.998	0.900	0.999	0.999
FANCD2	ERCC1	9606.ENSP00000287647	9606.ENSP00000013807	0	0	0	0	0	0	0.540	0.899	0.951
FANCD2	FANCE	9606.ENSP00000287647	9606.ENSP00000229769	0	0	0	0	0.064	0.971	0.900	0.970	0.999
FANCD2	MLH1	9606.ENSP00000287647	9606.ENSP00000231790	0	0	0	0	0.115	0.510	0.540	0.874	0.971
FANCD2	MSH2	9606.ENSP00000287647	9606.ENSP00000233146	0	0	0	0	0.178	0.467	0.540	0.813	0.957
FANCD2	MSH6	9606.ENSP00000287647	9606.ENSP00000234420	0	0	0	0	0.189	0.045	0.540	0.688	0.874
FANCD2	BRIP1	9606.ENSP00000287647	9606.ENSP00000259008	0	0	0	0	0.209	0.515	0	0.993	0.997
FANCD2	PALB2	9606.ENSP00000287647	9606.ENSP00000261584	0	0	0	0	0.128	0	0.540	0.981	0.991
FANCD2	NBN	9606.ENSP00000287647	9606.ENSP00000265433	0	0	0	0	0.050	0.525	0	0.711	0.858
FANCD2	FANCM	9606.ENSP00000287647	9606.ENSP00000267430	0	0	0	0	0.147	0	0.900	0.977	0.997
FANCD2	ATM	9606.ENSP00000287647	9606.ENSP00000278616	0	0	0	0	0.044	0.321	0.540	0.967	0.989
FANCD2	TP53BP1	9606.ENSP00000287647	9606.ENSP00000371475	0	0	0	0	0.049	0	0.360	0.707	0.806
FANCD2	CHEK2	9606.ENSP00000287647	9606.ENSP00000372023	0	0	0	0	0.140	0	0	0.849	0.865
FANCD2	WRN	9606.ENSP00000287647	9606.ENSP00000298139	0	0	0	0	0.130	0.091	0	0.850	0.871
FANCD2	MEN1	9606.ENSP00000287647	9606.ENSP00000337088	0	0	0	0	0.049	0.292	0	0.882	0.913
FANCD2	ATR	9606.ENSP00000287647	9606.ENSP00000343741	0	0	0	0	0.102	0.621	0.500	0.639	0.930
FANCD2	BLM	9606.ENSP00000287647	9606.ENSP00000347232	0	0	0	0	0.329	0.542	0	0.800	0.933
FANCD2	RAD51C	9606.ENSP00000287647	9606.ENSP00000336701	0	0	0	0	0.118	0.096	0	0.923	0.934
FANCD2	ERCC4	9606.ENSP00000287647	9606.ENSP00000310520	0	0	0	0	0.101	0.301	0.540	0.868	0.957
FANCD2	SLX4	9606.ENSP00000287647	9606.ENSP00000294008	0	0	0	0	0.098	0.510	0.500	0.971	0.992
FANCD2	RAD51	9606.ENSP00000287647	9606.ENSP00000493712	0	0	0	0	0.305	0.647	0	0.992	0.998
FANCD2	FANCB	9606.ENSP00000287647	9606.ENSP00000498215	0	0	0	0	0.269	0.800	0.900	0.945	0.999
FANCD2	FANCA	9606.ENSP00000287647	9606.ENSP00000373952	0	0	0	0	0.218	0.912	0.900	0.987	0.999
FANCD2	BRCA1	9606.ENSP00000287647	9606.ENSP00000418960	0	0	0	0	0.472	0.779	0.540	0.998	0.999
FANCD2	FANCG	9606.ENSP00000287647	9606.ENSP00000367910	0	0	0	0	0.162	0.854	0.900	0.994	0.999
FANCD2	BRCA2	9606.ENSP00000287647	9606.ENSP00000369497	0	0	0	0	0.217	0.842	0.900	0.999	0.999
FANCD2	FANCI	9606.ENSP00000287647	9606.ENSP00000310842	0	0	0	0	0.561	0.996	0.900	0.999	0.999
FANCD2	FANCL	9606.ENSP00000287647	9606.ENSP00000385021	0	0	0	0	0.063	0.980	0.900	0.988	0.999
FANCE	RAD51C	9606.ENSP00000229769	9606.ENSP00000336701	0	0	0	0	0.064	0	0	0.806	0.811
FANCE	BLM	9606.ENSP00000229769	9606.ENSP00000347232	0	0	0	0	0.084	0	0	0.805	0.814
FANCE	RAD51	9606.ENSP00000229769	9606.ENSP00000493712	0	0	0	0	0.122	0	0	0.805	0.821
FANCE	ERCC4	9606.ENSP00000229769	9606.ENSP00000310520	0	0	0	0	0.049	0	0.500	0.662	0.825
FANCE	RPL22	9606.ENSP00000229769	9606.ENSP00000346088	0	0	0	0	0.379	0.747	0	0.239	0.870
FANCE	SLX4	9606.ENSP00000229769	9606.ENSP00000294008	0.057	0	0	0	0.129	0	0.500	0.743	0.880
FANCE	PALB2	9606.ENSP00000229769	9606.ENSP00000261584	0	0	0	0	0.222	0	0	0.858	0.884
FANCE	BRIP1	9606.ENSP00000229769	9606.ENSP00000259008	0.041	0	0	0	0.049	0	0	0.894	0.895
FANCE	BRCA2	9606.ENSP00000229769	9606.ENSP00000369497	0	0	0	0	0.049	0.292	0	0.862	0.899
FANCE	BRCA1	9606.ENSP00000229769	9606.ENSP00000418960	0	0	0	0	0.085	0.439	0	0.857	0.920
FANCE	PDCD11	9606.ENSP00000229769	9606.ENSP00000358812	0	0	0	0	0.808	0.486	0	0.315	0.926
FANCE	RPL5	9606.ENSP00000229769	9606.ENSP00000359345	0.115	0	0	0	0.830	0.840	0	0.383	0.983
FANCE	FANCM	9606.ENSP00000229769	9606.ENSP00000267430	0	0	0	0	0	0.994	0.900	0.998	0.999
FANCE	FANCB	9606.ENSP00000229769	9606.ENSP00000498215	0	0	0	0	0.060	0.998	0.900	0.999	0.999
FANCE	FANCG	9606.ENSP00000229769	9606.ENSP00000367910	0	0	0	0	0.195	0.955	0.900	0.999	0.999
FANCE	FANCD2	9606.ENSP00000229769	9606.ENSP00000287647	0	0	0	0	0.064	0.971	0.900	0.970	0.999
FANCE	FANCA	9606.ENSP00000229769	9606.ENSP00000373952	0	0	0	0	0.163	0.998	0.900	0.999	0.999
FANCE	FANCI	9606.ENSP00000229769	9606.ENSP00000310842	0	0	0	0	0.080	0.800	0.900	0.955	0.999
FANCE	FANCL	9606.ENSP00000229769	9606.ENSP00000385021	0	0	0	0	0.049	0.800	0.900	0.999	0.999
FANCG	ERCC1	9606.ENSP00000367910	9606.ENSP00000013807	0	0	0	0	0.049	0.292	0.500	0.649	0.866
FANCG	FANCE	9606.ENSP00000367910	9606.ENSP00000229769	0	0	0	0	0.195	0.955	0.900	0.999	0.999
FANCG	BRIP1	9606.ENSP00000367910	9606.ENSP00000259008	0	0	0	0	0.118	0	0	0.875	0.885
FANCG	PALB2	9606.ENSP00000367910	9606.ENSP00000261584	0	0	0	0	0.109	0	0	0.855	0.865
FANCG	FANCM	9606.ENSP00000367910	9606.ENSP00000267430	0	0	0	0	0.062	0.994	0.900	0.998	0.999
FANCG	ATM	9606.ENSP00000367910	9606.ENSP00000278616	0	0	0	0	0	0	0	0.806	0.806
FANCG	FANCD2	9606.ENSP00000367910	9606.ENSP00000287647	0	0	0	0	0.162	0.854	0.900	0.994	0.999
FANCG	SLX4	9606.ENSP00000367910	9606.ENSP00000294008	0	0	0	0	0.149	0	0.500	0.785	0.900
FANCG	ERCC4	9606.ENSP00000367910	9606.ENSP00000310520	0	0	0	0	0	0.254	0.500	0.703	0.879
FANCG	FANCI	9606.ENSP00000367910	9606.ENSP00000310842	0	0	0	0	0.336	0.800	0.900	0.952	0.999
FANCG	RAD51C	9606.ENSP00000367910	9606.ENSP00000336701	0	0	0	0	0.109	0	0	0.909	0.915
FANCG	ATR	9606.ENSP00000367910	9606.ENSP00000343741	0	0	0	0	0.049	0	0.900	0.220	0.919
FANCG	BLM	9606.ENSP00000367910	9606.ENSP00000347232	0	0	0	0	0.203	0.994	0	0.809	0.999
FANCG	RAD51	9606.ENSP00000367910	9606.ENSP00000493712	0	0	0	0	0.242	0	0	0.825	0.862
FANCG	BRCA1	9606.ENSP00000367910	9606.ENSP00000418960	0	0	0	0	0.141	0.439	0	0.884	0.939
FANCG	BRCA2	9606.ENSP00000367910	9606.ENSP00000369497	0	0	0	0	0.067	0.735	0	0.990	0.997
FANCG	FANCL	9606.ENSP00000367910	9606.ENSP00000385021	0	0	0	0	0.134	0.998	0.900	0.999	0.999
FANCG	FANCB	9606.ENSP00000367910	9606.ENSP00000498215	0	0	0	0	0.082	0.998	0.900	0.999	0.999
FANCG	FANCA	9606.ENSP00000367910	9606.ENSP00000373952	0	0	0	0	0.625	0.998	0.900	0.999	0.999
FANCI	ERCC1	9606.ENSP00000310842	9606.ENSP00000013807	0	0	0	0	0	0	0.540	0.808	0.907
FANCI	FANCE	9606.ENSP00000310842	9606.ENSP00000229769	0	0	0	0	0.080	0.800	0.900	0.955	0.999
FANCI	BRIP1	9606.ENSP00000310842	9606.ENSP00000259008	0	0	0	0	0.256	0	0	0.993	0.994
FANCI	PALB2	9606.ENSP00000310842	9606.ENSP00000261584	0	0	0	0	0.153	0	0.540	0.972	0.988
FANCI	FANCM	9606.ENSP00000310842	9606.ENSP00000267430	0	0	0	0	0.188	0.292	0.900	0.983	0.998
FANCI	ATM	9606.ENSP00000310842	9606.ENSP00000278616	0	0	0	0	0.042	0.300	0.540	0.847	0.946
FANCI	BUB1B	9606.ENSP00000310842	9606.ENSP00000287598	0	0	0	0	0.588	0	0	0.577	0.818
FANCI	FANCD2	9606.ENSP00000310842	9606.ENSP00000287647	0	0	0	0	0.561	0.996	0.900	0.999	0.999
FANCI	SLX4	9606.ENSP00000310842	9606.ENSP00000294008	0	0	0	0	0.072	0	0.500	0.935	0.967
FANCI	WRN	9606.ENSP00000310842	9606.ENSP00000298139	0	0	0	0	0.115	0	0	0.789	0.805
FANCI	ERCC4	9606.ENSP00000310842	9606.ENSP00000310520	0	0	0	0	0.091	0	0.540	0.734	0.879
FANCI	RAD51C	9606.ENSP00000310842	9606.ENSP00000336701	0	0	0	0	0.193	0.071	0	0.931	0.944
FANCI	RAD51	9606.ENSP00000310842	9606.ENSP00000493712	0	0	0	0	0.491	0.324	0	0.864	0.949
FANCI	ATR	9606.ENSP00000310842	9606.ENSP00000343741	0	0	0	0	0.056	0.292	0.900	0.475	0.960
FANCI	BRCA1	9606.ENSP00000310842	9606.ENSP00000418960	0	0	0	0	0.510	0.439	0.540	0.952	0.993
FANCI	BRCA2	9606.ENSP00000310842	9606.ENSP00000369497	0	0	0	0	0.295	0.230	0.540	0.987	0.996
FANCI	FANCA	9606.ENSP00000310842	9606.ENSP00000373952	0	0	0	0	0.295	0.800	0.900	0.974	0.999
FANCI	FANCG	9606.ENSP00000310842	9606.ENSP00000367910	0	0	0	0	0.336	0.800	0.900	0.952	0.999
FANCI	FANCL	9606.ENSP00000310842	9606.ENSP00000385021	0	0	0	0	0.110	0.967	0.900	0.987	0.999
FANCI	FANCB	9606.ENSP00000310842	9606.ENSP00000498215	0	0	0	0	0.167	0.800	0.900	0.947	0.999
FANCL	ERCC1	9606.ENSP00000385021	9606.ENSP00000013807	0	0	0	0	0	0	0.500	0.729	0.858
FANCL	FANCE	9606.ENSP00000385021	9606.ENSP00000229769	0	0	0	0	0.049	0.800	0.900	0.999	0.999
FANCL	BRIP1	9606.ENSP00000385021	9606.ENSP00000259008	0	0	0	0	0.068	0	0	0.910	0.912
FANCL	PALB2	9606.ENSP00000385021	9606.ENSP00000261584	0	0	0	0	0.082	0	0	0.878	0.883
FANCL	FANCM	9606.ENSP00000385021	9606.ENSP00000267430	0	0	0	0	0.085	0.994	0.900	0.999	0.999
FANCL	FANCD2	9606.ENSP00000385021	9606.ENSP00000287647	0	0	0	0	0.063	0.980	0.900	0.988	0.999
FANCL	SLX4	9606.ENSP00000385021	9606.ENSP00000294008	0	0	0	0	0	0	0.500	0.808	0.900
FANCL	ERCC4	9606.ENSP00000385021	9606.ENSP00000310520	0	0	0	0	0	0	0.500	0.698	0.842
FANCL	FANCI	9606.ENSP00000385021	9606.ENSP00000310842	0	0	0	0	0.110	0.967	0.900	0.987	0.999
FANCL	RAD51C	9606.ENSP00000385021	9606.ENSP00000336701	0	0	0	0	0.086	0	0	0.916	0.920
FANCL	FANCG	9606.ENSP00000385021	9606.ENSP00000367910	0	0	0	0	0.134	0.998	0.900	0.999	0.999
FANCL	BRCA2	9606.ENSP00000385021	9606.ENSP00000369497	0	0	0	0	0.067	0	0	0.899	0.902
FANCL	FANCA	9606.ENSP00000385021	9606.ENSP00000373952	0	0	0	0	0.067	0.998	0.900	0.999	0.999
FANCL	BRCA1	9606.ENSP00000385021	9606.ENSP00000418960	0	0	0	0	0.108	0.439	0	0.689	0.830
FANCL	FANCB	9606.ENSP00000385021	9606.ENSP00000498215	0	0	0	0	0.062	0.998	0.900	0.999	0.999
FANCM	ERCC1	9606.ENSP00000267430	9606.ENSP00000013807	0	0	0	0	0.109	0.569	0.500	0.692	0.933
FANCM	FANCE	9606.ENSP00000267430	9606.ENSP00000229769	0	0	0	0	0	0.994	0.900	0.998	0.999
FANCM	MSH2	9606.ENSP00000267430	9606.ENSP00000233146	0	0	0	0	0.111	0.495	0	0.666	0.837
FANCM	MSH6	9606.ENSP00000267430	9606.ENSP00000234420	0	0	0	0	0.130	0.754	0	0.690	0.927
FANCM	BRIP1	9606.ENSP00000267430	9606.ENSP00000259008	0	0	0	0	0.154	0.091	0	0.964	0.969
FANCM	PALB2	9606.ENSP00000267430	9606.ENSP00000261584	0	0	0	0	0.138	0	0	0.933	0.940
FANCM	MSH3	9606.ENSP00000267430	9606.ENSP00000265081	0	0	0	0	0.138	0.495	0	0.624	0.822
FANCM	CHEK2	9606.ENSP00000267430	9606.ENSP00000372023	0	0	0	0	0.076	0.319	0	0.729	0.814
FANCM	POLE	9606.ENSP00000267430	9606.ENSP00000322570	0.041	0	0	0	0.056	0.599	0	0.588	0.830
FANCM	POLD1	9606.ENSP00000267430	9606.ENSP00000472445	0.041	0	0	0	0.051	0.599	0	0.592	0.831
FANCM	ERCC4	9606.ENSP00000267430	9606.ENSP00000310520	0	0	0	0.550	0.056	0.287	0.500	0.725	0.895
FANCM	BRCA1	9606.ENSP00000267430	9606.ENSP00000418960	0	0	0	0	0.163	0.439	0	0.835	0.916
FANCM	BRCA2	9606.ENSP00000267430	9606.ENSP00000369497	0	0	0	0	0.152	0	0	0.929	0.937
FANCM	SLX4	9606.ENSP00000267430	9606.ENSP00000294008	0	0	0	0	0.109	0.255	0.500	0.835	0.938
FANCM	RAD51C	9606.ENSP00000267430	9606.ENSP00000336701	0	0	0	0	0.102	0.596	0	0.900	0.960
FANCM	RAD51	9606.ENSP00000267430	9606.ENSP00000493712	0	0	0	0	0.137	0.864	0	0.794	0.973
FANCM	ATR	9606.ENSP00000267430	9606.ENSP00000343741	0	0	0	0	0.138	0.454	0.900	0.605	0.978
FANCM	REV3L	9606.ENSP00000267430	9606.ENSP00000351697	0.041	0	0	0	0.069	0.962	0	0.678	0.987
FANCM	RAD52	9606.ENSP00000267430	9606.ENSP00000351284	0	0	0	0	0.068	0.967	0	0.729	0.990
FANCM	RECQL4	9606.ENSP00000267430	9606.ENSP00000482313	0	0	0	0	0.127	0.967	0	0.731	0.991
FANCM	WRN	9606.ENSP00000267430	9606.ENSP00000298139	0	0	0	0	0.179	0.967	0	0.818	0.994
FANCM	FANCD2	9606.ENSP00000267430	9606.ENSP00000287647	0	0	0	0	0.147	0	0.900	0.977	0.997
FANCM	FANCI	9606.ENSP00000267430	9606.ENSP00000310842	0	0	0	0	0.188	0.292	0.900	0.983	0.998
FANCM	FANCL	9606.ENSP00000267430	9606.ENSP00000385021	0	0	0	0	0.085	0.994	0.900	0.999	0.999
FANCM	FANCG	9606.ENSP00000267430	9606.ENSP00000367910	0	0	0	0	0.062	0.994	0.900	0.998	0.999
FANCM	BLM	9606.ENSP00000267430	9606.ENSP00000347232	0	0	0	0	0.181	0.999	0.900	0.839	0.999
FANCM	FANCA	9606.ENSP00000267430	9606.ENSP00000373952	0	0	0	0	0.113	0.994	0.900	0.999	0.999
FANCM	FANCB	9606.ENSP00000267430	9606.ENSP00000498215	0	0	0	0	0.186	0.994	0.900	0.999	0.999
FAS	TP53	9606.ENSP00000498466	9606.ENSP00000269305	0	0	0	0	0	0.080	0.500	0.756	0.877
FAS	PTPN13	9606.ENSP00000498466	9606.ENSP00000394794	0	0	0	0	0.060	0.625	0	0.923	0.970
FAT1	CTNNB1	9606.ENSP00000406229	9606.ENSP00000495360	0	0	0	0	0.067	0.071	0	0.929	0.933
FGF10	FLT3	9606.ENSP00000264664	9606.ENSP00000241453	0	0	0	0	0.107	0.168	0.650	0.341	0.806
FGF10	PDGFRA	9606.ENSP00000264664	9606.ENSP00000257290	0	0	0	0	0.133	0.168	0.650	0.583	0.880
FGF10	FLT4	9606.ENSP00000264664	9606.ENSP00000261937	0	0	0	0	0.086	0.168	0.650	0.709	0.912
FGF10	KDR	9606.ENSP00000264664	9606.ENSP00000263923	0	0	0	0	0.126	0.168	0.650	0.770	0.933
FGF10	CSF1R	9606.ENSP00000264664	9606.ENSP00000286301	0	0	0	0	0.044	0.168	0.650	0.367	0.800
FGF10	INSR	9606.ENSP00000264664	9606.ENSP00000303830	0	0	0	0	0	0	0.650	0.492	0.814
FGF10	ERBB2	9606.ENSP00000264664	9606.ENSP00000269571	0	0	0	0	0.062	0	0.650	0.514	0.826
FGF10	KIT	9606.ENSP00000264664	9606.ENSP00000288135	0	0	0	0	0.062	0.168	0.650	0.542	0.858
FGF10	FLT1	9606.ENSP00000264664	9606.ENSP00000282397	0	0	0	0	0.088	0.168	0.650	0.593	0.877
FGF10	MET	9606.ENSP00000264664	9606.ENSP00000317272	0	0	0	0	0.067	0	0.650	0.667	0.881
FGF10	CDH2	9606.ENSP00000264664	9606.ENSP00000269141	0	0	0	0	0.058	0	0	0.880	0.882
FGF10	NTRK1	9606.ENSP00000264664	9606.ENSP00000431418	0	0	0	0	0	0	0.650	0.696	0.889
FGF10	EGFR	9606.ENSP00000264664	9606.ENSP00000275493	0	0	0	0	0.062	0	0.650	0.794	0.926
FGF10	FGFR3	9606.ENSP00000264664	9606.ENSP00000339824	0	0	0	0	0	0.296	0.650	0.932	0.981
FGF10	FGFR2	9606.ENSP00000264664	9606.ENSP00000410294	0	0	0	0	0.044	0.983	0.900	0.998	0.999
FGFR2	PIK3R2	9606.ENSP00000410294	9606.ENSP00000222254	0	0	0	0	0	0.207	0.650	0.403	0.819
FGFR2	PIK3CA	9606.ENSP00000410294	9606.ENSP00000263967	0	0	0	0	0	0.087	0.650	0.737	0.908
FGFR2	FGF10	9606.ENSP00000410294	9606.ENSP00000264664	0	0	0	0	0.044	0.983	0.900	0.998	0.999
FGFR2	PGR	9606.ENSP00000410294	9606.ENSP00000325120	0	0	0	0	0.048	0.294	0	0.800	0.854
FGFR2	FGFR3	9606.ENSP00000410294	9606.ENSP00000339824	0	0	0.056	0.965	0.173	0.618	0.900	0.645	0.987
FGFR2	IGF1	9606.ENSP00000410294	9606.ENSP00000376637	0	0	0	0	0.047	0	0.650	0.631	0.866
FGFR2	PTPN11	9606.ENSP00000410294	9606.ENSP00000489597	0	0	0	0	0.060	0.240	0.400	0.593	0.802
FGFR2	PLCG2	9606.ENSP00000410294	9606.ENSP00000482457	0	0	0	0	0	0.091	0.900	0.105	0.911
FGFR2	PIK3R1	9606.ENSP00000410294	9606.ENSP00000428056	0	0	0	0	0.042	0.416	0.650	0.659	0.924
FGFR3	PIK3R2	9606.ENSP00000339824	9606.ENSP00000222254	0	0	0	0	0.061	0.127	0.650	0.522	0.844
FGFR3	PIK3R3	9606.ENSP00000339824	9606.ENSP00000262741	0	0	0	0	0	0.127	0.650	0.450	0.817
FGFR3	PIK3CA	9606.ENSP00000339824	9606.ENSP00000263967	0	0	0	0	0	0.087	0.650	0.901	0.965
FGFR3	FGF10	9606.ENSP00000339824	9606.ENSP00000264664	0	0	0	0	0	0.296	0.650	0.932	0.981
FGFR3	PIK3R1	9606.ENSP00000339824	9606.ENSP00000428056	0	0	0	0	0	0.204	0.650	0.419	0.824
FGFR3	PLCG2	9606.ENSP00000339824	9606.ENSP00000482457	0	0	0	0	0	0.091	0.900	0.159	0.916
FGFR3	FGFR2	9606.ENSP00000339824	9606.ENSP00000410294	0	0	0.056	0.965	0.173	0.618	0.900	0.645	0.987
FH	SDHA	9606.ENSP00000355518	9606.ENSP00000264932	0.231	0.540	0	0	0.838	0.098	0.980	0.768	0.999
FIP1L1	PDGFRA	9606.ENSP00000336752	9606.ENSP00000257290	0	0	0	0	0	0	0	0.981	0.981
FLI1	RUNX2	9606.ENSP00000433488	9606.ENSP00000360493	0	0	0	0	0.073	0.840	0	0.064	0.849
FLT1	FLT4	9606.ENSP00000282397	9606.ENSP00000261937	0	0	0	0.885	0.101	0.097	0	0.910	0.920
FLT1	KDR	9606.ENSP00000282397	9606.ENSP00000263923	0	0	0.070	0.906	0.329	0.510	0	0.984	0.994
FLT1	PIK3CA	9606.ENSP00000282397	9606.ENSP00000263967	0	0	0	0	0	0.098	0.650	0.672	0.887
FLT1	FGF10	9606.ENSP00000282397	9606.ENSP00000264664	0	0	0	0	0.088	0.168	0.650	0.593	0.877
FLT1	CSF1	9606.ENSP00000282397	9606.ENSP00000327513	0	0	0	0	0.075	0.093	0.650	0.598	0.866
FLT1	IGF1	9606.ENSP00000282397	9606.ENSP00000376637	0	0	0	0	0.060	0	0.650	0.718	0.899
FLT1	PIK3CB	9606.ENSP00000282397	9606.ENSP00000501150	0	0	0	0	0	0.098	0.650	0.732	0.908
FLT1	PIK3R1	9606.ENSP00000282397	9606.ENSP00000428056	0	0	0	0	0	0.670	0.650	0.281	0.909
FLT3	PIK3R2	9606.ENSP00000241453	9606.ENSP00000222254	0	0	0	0	0	0.153	0.900	0.163	0.922
FLT3	FGF10	9606.ENSP00000241453	9606.ENSP00000264664	0	0	0	0	0.107	0.168	0.650	0.341	0.806
FLT3	DNMT3A	9606.ENSP00000241453	9606.ENSP00000264709	0	0	0	0	0.042	0	0	0.851	0.851
FLT3	TET2	9606.ENSP00000241453	9606.ENSP00000442788	0	0	0	0	0.057	0	0	0.850	0.852
FLT3	ASXL1	9606.ENSP00000241453	9606.ENSP00000364839	0	0	0	0	0	0	0	0.861	0.861
FLT3	PTPN11	9606.ENSP00000241453	9606.ENSP00000489597	0	0	0	0	0.060	0.389	0.400	0.717	0.889
FLT3	CSF1	9606.ENSP00000241453	9606.ENSP00000327513	0	0	0	0	0.056	0.093	0.650	0.707	0.900
FLT3	PIK3R3	9606.ENSP00000241453	9606.ENSP00000262741	0	0	0	0	0	0.153	0.900	0.135	0.920
FLT3	PIK3CB	9606.ENSP00000241453	9606.ENSP00000501150	0	0	0	0	0	0.098	0.900	0.290	0.930
FLT3	PIK3CD	9606.ENSP00000241453	9606.ENSP00000366563	0	0	0	0	0.062	0.098	0.900	0.380	0.940
FLT3	NPM1	9606.ENSP00000241453	9606.ENSP00000296930	0	0	0	0	0	0.168	0	0.934	0.943
FLT3	PIK3R1	9606.ENSP00000241453	9606.ENSP00000428056	0	0	0	0	0.062	0.374	0.900	0.353	0.956
FLT3	PIK3CA	9606.ENSP00000241453	9606.ENSP00000263967	0	0	0	0	0	0.098	0.900	0.572	0.958
FLT3	STAT5A	9606.ENSP00000241453	9606.ENSP00000341208	0	0	0	0	0.052	0.079	0.900	0.705	0.970
FLT3	STAT5B	9606.ENSP00000241453	9606.ENSP00000293328	0	0	0	0	0.052	0.079	0.900	0.705	0.970
FLT3	CEBPA	9606.ENSP00000241453	9606.ENSP00000427514	0	0	0	0	0.085	0.046	0.900	0.812	0.981
FLT4	PIK3CA	9606.ENSP00000261937	9606.ENSP00000263967	0	0	0	0	0	0.098	0.650	0.446	0.810
FLT4	PIK3R1	9606.ENSP00000261937	9606.ENSP00000428056	0	0	0	0	0	0.185	0.650	0.527	0.853
FLT4	FGF10	9606.ENSP00000261937	9606.ENSP00000264664	0	0	0	0	0.086	0.168	0.650	0.709	0.912
FLT4	FLT1	9606.ENSP00000261937	9606.ENSP00000282397	0	0	0	0.885	0.101	0.097	0	0.910	0.920
FLT4	KDR	9606.ENSP00000261937	9606.ENSP00000263923	0	0	0.056	0.906	0.164	0.639	0	0.983	0.994
FNBP1	WAS	9606.ENSP00000413625	9606.ENSP00000365891	0	0	0	0	0.098	0.754	0.400	0.822	0.973
FNBP1	CDC42	9606.ENSP00000413625	9606.ENSP00000497733	0	0	0	0	0.054	0.265	0.400	0.843	0.926
FOXA1	CEBPA	9606.ENSP00000250448	9606.ENSP00000427514	0	0	0	0	0	0.059	0	0.800	0.804
FOXA1	KMT2C	9606.ENSP00000250448	9606.ENSP00000262189	0	0	0	0	0	0.292	0	0.764	0.825
FOXA1	H3C13	9606.ENSP00000250448	9606.ENSP00000333277	0	0	0	0	0	0	0.500	0.681	0.833
FOXA1	H3-3B	9606.ENSP00000250448	9606.ENSP00000254810	0	0	0	0	0	0	0.500	0.681	0.833
FOXA1	GATA6	9606.ENSP00000250448	9606.ENSP00000269216	0	0	0	0	0.109	0.091	0	0.865	0.881
FOXA1	PGR	9606.ENSP00000250448	9606.ENSP00000325120	0	0	0	0	0.083	0.045	0.500	0.774	0.887
FOXA1	EP300	9606.ENSP00000250448	9606.ENSP00000263253	0	0	0	0	0.044	0	0.800	0.681	0.933
FOXA1	TLE3	9606.ENSP00000250448	9606.ENSP00000452871	0	0	0	0	0	0.292	0.800	0.850	0.976
FOXA1	AR	9606.ENSP00000250448	9606.ENSP00000363822	0	0	0	0	0.083	0.761	0	0.987	0.996
FOXA1	GATA3	9606.ENSP00000250448	9606.ENSP00000368632	0	0	0	0	0.120	0.484	0.900	0.950	0.997
FOXA1	ESR1	9606.ENSP00000250448	9606.ENSP00000405330	0	0	0	0	0.108	0.626	0.500	0.990	0.998
FOXO1	XBP1	9606.ENSP00000368880	9606.ENSP00000216037	0	0	0	0	0.042	0	0	0.890	0.890
FOXO1	TSC2	9606.ENSP00000368880	9606.ENSP00000219476	0	0	0	0	0	0.297	0	0.781	0.840
FOXO1	CREBBP	9606.ENSP00000368880	9606.ENSP00000262367	0	0	0	0	0.081	0.810	0.900	0.676	0.993
FOXO1	EP300	9606.ENSP00000368880	9606.ENSP00000263253	0	0	0	0	0.105	0.809	0.500	0.838	0.984
FOXO1	TP53	9606.ENSP00000368880	9606.ENSP00000269305	0	0	0	0	0	0	0	0.886	0.886
FOXO1	PRKACA	9606.ENSP00000368880	9606.ENSP00000309591	0	0	0	0	0	0.312	0.900	0.662	0.974
FOXO1	STK11	9606.ENSP00000368880	9606.ENSP00000324856	0	0	0	0	0	0.071	0.900	0.555	0.955
FOXO1	SMAD3	9606.ENSP00000368880	9606.ENSP00000332973	0	0	0	0	0.074	0.317	0.900	0.872	0.990
FOXO1	SMAD4	9606.ENSP00000368880	9606.ENSP00000341551	0	0	0	0	0.139	0.314	0.500	0.667	0.888
FOXO1	PTEN	9606.ENSP00000368880	9606.ENSP00000361021	0	0	0	0	0.064	0.099	0	0.894	0.903
FOXO1	AR	9606.ENSP00000368880	9606.ENSP00000363822	0	0	0	0	0	0.516	0	0.843	0.921
FOXO1	IRS2	9606.ENSP00000368880	9606.ENSP00000365016	0	0	0	0	0.134	0.091	0	0.796	0.825
FOXO1	PIK3CB	9606.ENSP00000368880	9606.ENSP00000501150	0	0	0	0	0	0.184	0	0.792	0.823
FOXO1	HIF1A	9606.ENSP00000368880	9606.ENSP00000437955	0	0	0	0	0	0.068	0.400	0.769	0.859
FOXO1	IGF1	9606.ENSP00000368880	9606.ENSP00000376637	0	0	0	0	0.068	0	0	0.908	0.910
FOXO1	ESR1	9606.ENSP00000368880	9606.ENSP00000405330	0	0	0	0	0.042	0.630	0	0.790	0.919
FOXO1	CEBPA	9606.ENSP00000368880	9606.ENSP00000427514	0	0	0	0	0.045	0.094	0	0.974	0.975
FOXO1	CTNNB1	9606.ENSP00000368880	9606.ENSP00000495360	0	0	0	0	0	0.113	0	0.983	0.985
FUS	DDX5	9606.ENSP00000254108	9606.ENSP00000225792	0	0	0	0	0.153	0.630	0	0.625	0.872
FUS	TAF15	9606.ENSP00000254108	9606.ENSP00000474096	0	0	0.063	0.864	0.180	0.752	0	0.161	0.818
FUS	DICER1	9606.ENSP00000254108	9606.ENSP00000437256	0	0	0	0	0.054	0.328	0	0.780	0.848
FUS	SMARCA4	9606.ENSP00000254108	9606.ENSP00000343896	0	0	0	0	0.226	0.424	0	0.738	0.873
FUS	CREB3L2	9606.ENSP00000254108	9606.ENSP00000329140	0	0	0	0	0	0	0	0.888	0.888
FUS	ATXN2	9606.ENSP00000254108	9606.ENSP00000446576	0	0	0	0	0.071	0.095	0	0.917	0.924
FUS	SRSF2	9606.ENSP00000254108	9606.ENSP00000376276	0	0	0	0	0.201	0.094	0.400	0.899	0.950
FUS	SFPQ	9606.ENSP00000254108	9606.ENSP00000349748	0	0	0	0	0.444	0.630	0	0.933	0.985
FUS	DROSHA	9606.ENSP00000254108	9606.ENSP00000425979	0	0	0	0	0.107	0.337	0	0.988	0.992
FZR1	RB1	9606.ENSP00000378529	9606.ENSP00000267163	0	0	0	0	0.082	0.516	0.700	0.272	0.890
FZR1	BUB1B	9606.ENSP00000378529	9606.ENSP00000287598	0	0	0	0	0.208	0.758	0.540	0.813	0.981
FZR1	TRIM33	9606.ENSP00000378529	9606.ENSP00000351250	0	0	0	0	0.067	0.994	0	0	0.994
FZR1	CCNB3	9606.ENSP00000378529	9606.ENSP00000365210	0	0	0	0	0.395	0.312	0.650	0.428	0.905
GATA3	FOXA1	9606.ENSP00000368632	9606.ENSP00000250448	0	0	0	0	0.120	0.484	0.900	0.950	0.997
GATA3	CREBBP	9606.ENSP00000368632	9606.ENSP00000262367	0	0	0	0	0	0.346	0	0.707	0.801
GATA3	TCF3	9606.ENSP00000368632	9606.ENSP00000262965	0	0	0	0	0.048	0	0.500	0.779	0.885
GATA3	EP300	9606.ENSP00000368632	9606.ENSP00000263253	0	0	0	0	0	0.101	0.800	0.794	0.959
GATA3	STAT6	9606.ENSP00000368632	9606.ENSP00000300134	0	0	0	0	0.067	0	0.750	0.887	0.971
GATA3	PGR	9606.ENSP00000368632	9606.ENSP00000325120	0	0	0	0	0.056	0.057	0.500	0.623	0.810
GATA3	HDAC1	9606.ENSP00000368632	9606.ENSP00000362649	0	0	0	0	0.071	0.745	0.500	0.336	0.911
GATA3	TLE3	9606.ENSP00000368632	9606.ENSP00000452871	0	0	0	0	0.047	0.041	0.800	0.167	0.827
GATA3	IRF4	9606.ENSP00000368632	9606.ENSP00000370343	0	0	0	0	0.042	0.095	0	0.844	0.853
GATA3	ESR1	9606.ENSP00000368632	9606.ENSP00000405330	0	0	0	0	0.102	0.608	0.500	0.910	0.982
GATA6	FOXA1	9606.ENSP00000269216	9606.ENSP00000250448	0	0	0	0	0.109	0.091	0	0.865	0.881
GMPS	ATIC	9606.ENSP00000419851	9606.ENSP00000236959	0.231	0	0	0	0.486	0	0	0.817	0.921
GMPS	CANT1	9606.ENSP00000419851	9606.ENSP00000307674	0	0	0	0	0	0	0.900	0.108	0.907
GMPS	DPYD	9606.ENSP00000419851	9606.ENSP00000359211	0.120	0	0	0	0.188	0.077	0.792	0.454	0.911
GNAQ	PIK3CA	9606.ENSP00000286548	9606.ENSP00000263967	0	0	0	0	0.055	0.292	0.500	0.741	0.901
GNAQ	BTK	9606.ENSP00000286548	9606.ENSP00000483570	0	0	0	0	0.075	0.292	0.500	0.512	0.818
GNAQ	PIK3R1	9606.ENSP00000286548	9606.ENSP00000428056	0	0	0	0	0.072	0.292	0.500	0.608	0.854
GNAQ	ARHGEF28	9606.ENSP00000286548	9606.ENSP00000441913	0	0	0	0	0	0	0.900	0.231	0.919
GNAQ	PLCG2	9606.ENSP00000286548	9606.ENSP00000482457	0	0	0	0	0.054	0	0.900	0.299	0.927
GNAQ	CXCR4	9606.ENSP00000286548	9606.ENSP00000386884	0	0	0	0	0.089	0.115	0.900	0.598	0.963
GNAQ	RHOA	9606.ENSP00000286548	9606.ENSP00000400175	0	0	0	0	0.049	0.800	0	0.873	0.973
GNAQ	ARHGEF12	9606.ENSP00000286548	9606.ENSP00000380942	0	0	0	0	0.064	0.292	0.900	0.912	0.993
GPHN	MTOR	9606.ENSP00000417901	9606.ENSP00000354558	0	0	0	0	0.093	0.295	0	0.861	0.903
GPS2	EP300	9606.ENSP00000379841	9606.ENSP00000263253	0	0	0	0	0.117	0.300	0.500	0.543	0.840
GPS2	NCOR1	9606.ENSP00000379841	9606.ENSP00000268712	0	0	0	0	0.056	0.780	0.900	0.992	0.999
GPS2	NCOR2	9606.ENSP00000379841	9606.ENSP00000384018	0	0	0	0	0.044	0.684	0.900	0.924	0.997
GRIN2A	PRKACA	9606.ENSP00000332549	9606.ENSP00000309591	0	0	0	0	0	0.065	0.900	0.431	0.942
GRIN2A	GRM3	9606.ENSP00000332549	9606.ENSP00000355316	0	0	0	0	0.190	0	0	0.924	0.936
GRM3	GRIN2A	9606.ENSP00000355316	9606.ENSP00000332549	0	0	0	0	0.190	0	0	0.924	0.936
GTF2I	HDAC1	9606.ENSP00000460070	9606.ENSP00000362649	0	0	0	0	0.097	0.292	0	0.766	0.837
GTF2I	ARHGAP35	9606.ENSP00000460070	9606.ENSP00000500409	0	0	0	0	0.082	0	0	0.829	0.836
GTF2I	BTK	9606.ENSP00000460070	9606.ENSP00000483570	0	0	0	0	0.042	0.820	0	0.886	0.978
GTSE1	TP53	9606.ENSP00000415430	9606.ENSP00000269305	0	0	0	0	0.080	0	0.700	0.779	0.933
GTSE1	MKI67	9606.ENSP00000415430	9606.ENSP00000357643	0	0	0	0	0.766	0	0	0.320	0.834
H1-5	H2AC17	9606.ENSP00000330074	9606.ENSP00000352627	0	0.005	0	0	0.364	0.136	0	0.704	0.823
H2AC17	H3-3B	9606.ENSP00000352627	9606.ENSP00000254810	0	0.024	0	0	0.128	0.914	0	0.284	0.941
H2AC17	KMT2C	9606.ENSP00000352627	9606.ENSP00000262189	0	0	0	0	0	0.841	0	0.056	0.843
H2AC17	TERT	9606.ENSP00000352627	9606.ENSP00000309572	0	0	0	0	0	0.800	0	0.066	0.805
H2AC17	NSD3	9606.ENSP00000352627	9606.ENSP00000313983	0	0	0	0	0	0.913	0	0	0.913
H2AC17	SUZ12	9606.ENSP00000352627	9606.ENSP00000316578	0	0	0	0	0	0.818	0	0.051	0.820
H2AC17	H1-5	9606.ENSP00000352627	9606.ENSP00000330074	0	0.005	0	0	0.364	0.136	0	0.704	0.823
H2AC17	H3C13	9606.ENSP00000352627	9606.ENSP00000333277	0	0.025	0	0	0.258	0.921	0	0.274	0.954
H2AC17	TCEA1	9606.ENSP00000352627	9606.ENSP00000428426	0	0	0	0	0	0.822	0	0.056	0.825
H2AC17	CHD4	9606.ENSP00000352627	9606.ENSP00000440542	0	0	0	0	0	0.820	0	0.072	0.826
H2AC17	CTR9	9606.ENSP00000352627	9606.ENSP00000355013	0	0	0	0	0	0.836	0	0	0.836
H2AC17	KMT2A	9606.ENSP00000352627	9606.ENSP00000436786	0	0	0	0	0	0.910	0	0	0.910
H2AC17	KMT5A	9606.ENSP00000352627	9606.ENSP00000384629	0	0	0	0	0	0.910	0	0.047	0.911
H2AC17	DOT1L	9606.ENSP00000352627	9606.ENSP00000381657	0	0	0	0	0	0.915	0	0.068	0.917
H3-3B	FOXA1	9606.ENSP00000254810	9606.ENSP00000250448	0	0	0	0	0	0	0.500	0.681	0.833
H3-3B	BCL2	9606.ENSP00000254810	9606.ENSP00000381185	0	0	0	0	0.078	0.050	0.500	0.599	0.801
H3-3B	TRIM24	9606.ENSP00000254810	9606.ENSP00000340507	0	0	0	0	0.063	0.115	0	0.795	0.815
H3-3B	ESR1	9606.ENSP00000254810	9606.ENSP00000405330	0	0	0	0	0	0.124	0.500	0.614	0.816
H3-3B	PHF19	9606.ENSP00000254810	9606.ENSP00000483946	0	0	0	0	0.067	0.091	0.500	0.623	0.819
H3-3B	SMARCA2	9606.ENSP00000254810	9606.ENSP00000371638	0	0	0	0	0.056	0.302	0	0.755	0.824
H3-3B	KMT2D	9606.ENSP00000254810	9606.ENSP00000301067	0	0	0	0	0.068	0.268	0.500	0.558	0.829
H3-3B	CDKN2A	9606.ENSP00000254810	9606.ENSP00000418915	0	0	0	0	0.042	0.078	0.500	0.666	0.832
H3-3B	PHF1	9606.ENSP00000254810	9606.ENSP00000363640	0	0	0	0	0.069	0.091	0.500	0.652	0.833
H3-3B	CTNNB1	9606.ENSP00000254810	9606.ENSP00000495360	0	0	0	0	0.076	0.061	0.500	0.669	0.837
H3-3B	PARP1	9606.ENSP00000254810	9606.ENSP00000355759	0	0	0	0	0.067	0.574	0	0.626	0.838
H3-3B	AR	9606.ENSP00000254810	9606.ENSP00000363822	0	0	0	0	0	0.042	0.500	0.690	0.839
H3-3B	PML	9606.ENSP00000254810	9606.ENSP00000268058	0	0	0	0	0.042	0.339	0.500	0.567	0.844
H3-3B	SETD1B	9606.ENSP00000254810	9606.ENSP00000474253	0	0	0	0	0.060	0.303	0	0.782	0.845
H3-3B	CTCF	9606.ENSP00000254810	9606.ENSP00000494538	0	0	0	0	0.096	0.099	0.500	0.675	0.850
H3-3B	NCOR1	9606.ENSP00000254810	9606.ENSP00000268712	0	0	0	0	0.076	0.067	0.500	0.698	0.852
H3-3B	H3C8	9606.ENSP00000254810	9606.ENSP00000484638	0	0	0.048	0.984	0	0.854	0	0.042	0.855
H3-3B	KDM4C	9606.ENSP00000254810	9606.ENSP00000370710	0	0	0	0	0	0.110	0.500	0.702	0.856
H3-3B	TP53	9606.ENSP00000254810	9606.ENSP00000269305	0	0	0	0	0.047	0	0	0.864	0.865
H3-3B	ARID1A	9606.ENSP00000254810	9606.ENSP00000320485	0	0	0	0	0.058	0.800	0	0.434	0.884
H3-3B	H3C1	9606.ENSP00000254810	9606.ENSP00000480826	0	0	0.048	0.984	0.049	0.883	0	0.042	0.886
H3-3B	DOT1L	9606.ENSP00000254810	9606.ENSP00000381657	0	0	0	0	0.096	0.269	0	0.847	0.890
H3-3B	KMT2C	9606.ENSP00000254810	9606.ENSP00000262189	0	0	0	0	0.067	0.280	0.500	0.787	0.919
H3-3B	SETD1A	9606.ENSP00000254810	9606.ENSP00000262519	0	0	0	0	0.078	0.303	0	0.892	0.924
H3-3B	TONSL	9606.ENSP00000254810	9606.ENSP00000386239	0	0	0	0	0.067	0.915	0	0.137	0.926
H3-3B	H2AC17	9606.ENSP00000254810	9606.ENSP00000352627	0	0.024	0	0	0.128	0.914	0	0.284	0.941
H3-3B	H3C13	9606.ENSP00000254810	9606.ENSP00000333277	0	0	0.048	0.984	0.379	0.886	0.400	0.043	0.954
H3-3B	EED	9606.ENSP00000254810	9606.ENSP00000338186	0	0	0	0	0.060	0.275	0.500	0.890	0.957
H3-3B	EP300	9606.ENSP00000254810	9606.ENSP00000263253	0	0	0	0	0.049	0.521	0.500	0.856	0.962
H3-3B	SUZ12	9606.ENSP00000254810	9606.ENSP00000316578	0	0	0	0	0.062	0.366	0.500	0.888	0.962
H3-3B	ACTB	9606.ENSP00000254810	9606.ENSP00000494750	0	0.001	0	0	0.103	0.819	0	0.784	0.962
H3-3B	KDM6A	9606.ENSP00000254810	9606.ENSP00000367203	0	0	0	0	0.080	0.579	0.500	0.830	0.962
H3-3B	TP53BP1	9606.ENSP00000254810	9606.ENSP00000371475	0	0	0	0	0.058	0.066	0	0.963	0.964
H3-3B	NSD3	9606.ENSP00000254810	9606.ENSP00000313983	0	0	0	0	0.059	0.911	0	0.672	0.970
H3-3B	TRIM33	9606.ENSP00000254810	9606.ENSP00000351250	0	0	0	0	0.054	0.907	0	0.720	0.973
H3-3B	KAT6B	9606.ENSP00000254810	9606.ENSP00000287239	0	0	0	0	0.044	0.917	0	0.730	0.977
H3-3B	ING1	9606.ENSP00000254810	9606.ENSP00000364929	0	0	0	0	0.049	0.910	0	0.803	0.981
H3-3B	SETDB1	9606.ENSP00000254810	9606.ENSP00000271640	0	0	0	0	0.099	0.911	0	0.802	0.982
H3-3B	SMARCA4	9606.ENSP00000254810	9606.ENSP00000343896	0	0	0	0	0.067	0.854	0	0.888	0.983
H3-3B	SETD2	9606.ENSP00000254810	9606.ENSP00000386759	0	0	0	0	0.099	0.938	0	0.752	0.985
H3-3B	CREBBP	9606.ENSP00000254810	9606.ENSP00000262367	0	0	0	0	0.067	0.902	0.500	0.716	0.985
H3-3B	KMT2A	9606.ENSP00000254810	9606.ENSP00000436786	0	0	0	0	0.066	0.934	0.500	0.592	0.985
H3-3B	HDAC1	9606.ENSP00000254810	9606.ENSP00000362649	0	0	0	0	0.095	0.217	0.500	0.965	0.986
H3-3B	DNMT1	9606.ENSP00000254810	9606.ENSP00000352516	0	0	0	0	0.054	0.116	0.500	0.973	0.987
H3-3B	KAT6A	9606.ENSP00000254810	9606.ENSP00000265713	0	0	0	0	0.118	0.917	0	0.890	0.991
H3-3B	PBRM1	9606.ENSP00000254810	9606.ENSP00000386593	0	0	0	0	0.068	0.926	0	0.898	0.992
H3-3B	CHD4	9606.ENSP00000254810	9606.ENSP00000440542	0	0	0	0	0.063	0.912	0.500	0.884	0.994
H3-3B	BRD4	9606.ENSP00000254810	9606.ENSP00000263377	0	0	0	0	0.079	0.580	0	0.989	0.995
H3-3B	MLLT3	9606.ENSP00000254810	9606.ENSP00000369695	0	0	0	0	0	0.950	0	0.909	0.995
H3-3B	ATRX	9606.ENSP00000254810	9606.ENSP00000362441	0	0	0	0	0.054	0.984	0.500	0.981	0.999
H3-3B	DNMT3A	9606.ENSP00000254810	9606.ENSP00000264709	0	0	0	0	0.099	0.940	0.500	0.987	0.999
H3C1	H3-3B	9606.ENSP00000480826	9606.ENSP00000254810	0	0	0.048	0.984	0.049	0.883	0	0.042	0.886
H3C1	CREBBP	9606.ENSP00000480826	9606.ENSP00000262367	0	0	0	0	0.042	0.988	0	0.088	0.989
H3C1	EP300	9606.ENSP00000480826	9606.ENSP00000263253	0	0	0	0	0	0.998	0	0.088	0.998
H3C1	BRD4	9606.ENSP00000480826	9606.ENSP00000263377	0	0	0	0	0.054	0.814	0	0.113	0.831
H3C1	DNMT3A	9606.ENSP00000480826	9606.ENSP00000264709	0	0	0	0	0.094	0.961	0	0.065	0.964
H3C1	KAT6A	9606.ENSP00000480826	9606.ENSP00000265713	0	0	0	0	0	0.967	0	0.091	0.969
H3C1	TP53	9606.ENSP00000480826	9606.ENSP00000269305	0	0	0	0	0.047	0.800	0	0.319	0.858
H3C1	SETDB1	9606.ENSP00000480826	9606.ENSP00000271640	0	0	0	0	0.058	0.964	0	0.072	0.967
H3C1	KAT6B	9606.ENSP00000480826	9606.ENSP00000287239	0	0	0	0	0	0.917	0	0.091	0.922
H3C1	NPM1	9606.ENSP00000480826	9606.ENSP00000296930	0	0	0	0	0.085	0.794	0	0.066	0.809
H3C1	NSD3	9606.ENSP00000480826	9606.ENSP00000313983	0	0	0	0	0.059	0.967	0	0.072	0.969
H3C1	SOX2	9606.ENSP00000480826	9606.ENSP00000323588	0	0	0	0	0	0.800	0	0.069	0.805
H3C1	H3C13	9606.ENSP00000480826	9606.ENSP00000333277	0	0	0.048	0.985	0.242	0.927	0	0.375	0.962
H3C1	ARID2	9606.ENSP00000480826	9606.ENSP00000335044	0	0	0	0	0	0.840	0	0	0.840
H3C1	TRIM24	9606.ENSP00000480826	9606.ENSP00000340507	0	0	0	0	0	0.978	0	0.051	0.979
H3C1	SMARCB1	9606.ENSP00000480826	9606.ENSP00000340883	0	0	0	0	0	0.849	0	0.115	0.861
H3C1	SMARCA4	9606.ENSP00000480826	9606.ENSP00000343896	0	0	0	0	0	0.968	0	0.095	0.970
H3C1	TRIM33	9606.ENSP00000480826	9606.ENSP00000351250	0	0	0	0	0	0.907	0	0.051	0.908
H3C1	DNMT1	9606.ENSP00000480826	9606.ENSP00000352516	0	0	0	0	0.047	0.957	0	0.116	0.961
H3C1	ATRX	9606.ENSP00000480826	9606.ENSP00000362441	0	0	0	0	0	0.961	0	0.129	0.964
H3C1	PHF1	9606.ENSP00000480826	9606.ENSP00000363640	0	0	0	0	0.067	0.951	0	0.077	0.955
H3C1	ING1	9606.ENSP00000480826	9606.ENSP00000364929	0	0	0	0	0.049	0.910	0	0.081	0.915
H3C1	KDM6A	9606.ENSP00000480826	9606.ENSP00000367203	0	0	0	0	0.068	0.784	0	0.116	0.807
H3C1	MLLT3	9606.ENSP00000480826	9606.ENSP00000369695	0	0	0	0	0	0.950	0	0.111	0.954
H3C1	TP53BP1	9606.ENSP00000480826	9606.ENSP00000371475	0	0	0	0	0	0.947	0	0.091	0.950
H3C1	DOT1L	9606.ENSP00000480826	9606.ENSP00000381657	0	0	0	0	0.063	0.923	0	0.130	0.932
H3C1	KMT5A	9606.ENSP00000480826	9606.ENSP00000384629	0	0	0	0	0.068	0.928	0	0.072	0.932
H3C1	PBRM1	9606.ENSP00000480826	9606.ENSP00000386593	0	0	0	0	0	0.976	0	0.116	0.978
H3C1	SETD2	9606.ENSP00000480826	9606.ENSP00000386759	0	0	0	0	0.058	0.954	0	0.160	0.961
H3C1	KMT2A	9606.ENSP00000480826	9606.ENSP00000436786	0	0	0	0	0.058	0.987	0	0.072	0.988
H3C1	CHD4	9606.ENSP00000480826	9606.ENSP00000440542	0	0	0	0	0	0.984	0	0.083	0.985
H3C1	ACTB	9606.ENSP00000480826	9606.ENSP00000494750	0	0.001	0	0	0.079	0.819	0	0.480	0.906
H3C1	H3C8	9606.ENSP00000480826	9606.ENSP00000484638	0	0	0.048	0.985	0.393	0.900	0	0	0.937
H3C13	FOXA1	9606.ENSP00000333277	9606.ENSP00000250448	0	0	0	0	0	0	0.500	0.681	0.833
H3C13	H3-3B	9606.ENSP00000333277	9606.ENSP00000254810	0	0	0.048	0.984	0.379	0.886	0.400	0.043	0.954
H3C13	KMT2C	9606.ENSP00000333277	9606.ENSP00000262189	0	0	0	0	0.062	0.847	0.500	0.786	0.982
H3C13	CREBBP	9606.ENSP00000333277	9606.ENSP00000262367	0	0	0	0	0.060	0.902	0.500	0.602	0.979
H3C13	SETD1A	9606.ENSP00000333277	9606.ENSP00000262519	0	0	0	0	0.072	0.303	0.500	0.884	0.957
H3C13	EP300	9606.ENSP00000333277	9606.ENSP00000263253	0	0	0	0	0.047	0.064	0.500	0.845	0.922
H3C13	BRD4	9606.ENSP00000333277	9606.ENSP00000263377	0	0	0	0	0.079	0.393	0	0.988	0.993
H3C13	DNMT3A	9606.ENSP00000333277	9606.ENSP00000264709	0	0	0	0	0.098	0.902	0.500	0.987	0.999
H3C13	KAT6A	9606.ENSP00000333277	9606.ENSP00000265713	0	0	0	0	0	0.917	0.400	0.890	0.994
H3C13	NCOR1	9606.ENSP00000333277	9606.ENSP00000268712	0	0	0	0	0.067	0.067	0.500	0.700	0.852
H3C13	TP53	9606.ENSP00000333277	9606.ENSP00000269305	0	0	0	0	0.047	0	0	0.863	0.863
H3C13	SETDB1	9606.ENSP00000333277	9606.ENSP00000271640	0	0	0	0	0.096	0.934	0.400	0.803	0.992
H3C13	ERCC3	9606.ENSP00000333277	9606.ENSP00000285398	0	0	0	0	0.057	0.844	0	0.247	0.879
H3C13	KAT6B	9606.ENSP00000333277	9606.ENSP00000287239	0	0	0	0	0	0.917	0.400	0.730	0.985
H3C13	KMT2D	9606.ENSP00000333277	9606.ENSP00000301067	0	0	0	0	0.068	0.268	0.500	0.553	0.827
H3C13	NSD3	9606.ENSP00000333277	9606.ENSP00000313983	0	0	0	0	0.059	0.911	0.400	0.670	0.981
H3C13	SUZ12	9606.ENSP00000333277	9606.ENSP00000316578	0	0	0	0	0.054	0.849	0.500	0.887	0.990
H3C13	SOX2	9606.ENSP00000333277	9606.ENSP00000323588	0	0	0	0	0	0.800	0	0.633	0.923
H3C13	ESR1	9606.ENSP00000333277	9606.ENSP00000405330	0	0	0	0	0	0.042	0.500	0.630	0.807
H3C13	BCL2	9606.ENSP00000333277	9606.ENSP00000381185	0	0	0	0	0.067	0.050	0.500	0.618	0.808
H3C13	NCOR2	9606.ENSP00000333277	9606.ENSP00000384018	0	0	0	0	0.042	0.067	0.400	0.690	0.811
H3C13	ACTB	9606.ENSP00000333277	9606.ENSP00000494750	0	0.001	0	0	0.079	0.135	0	0.783	0.812
H3C13	CDKN2A	9606.ENSP00000333277	9606.ENSP00000418915	0	0	0	0	0.042	0.078	0.500	0.627	0.813
H3C13	PHF19	9606.ENSP00000333277	9606.ENSP00000483946	0	0	0	0	0.067	0.091	0.500	0.623	0.819
H3C13	CTNNB1	9606.ENSP00000333277	9606.ENSP00000495360	0	0	0	0	0.074	0.061	0.500	0.663	0.834
H3C13	KDM2B	9606.ENSP00000333277	9606.ENSP00000366271	0	0	0	0	0	0.414	0.400	0.600	0.847
H3C13	CTCF	9606.ENSP00000333277	9606.ENSP00000494538	0	0	0	0	0.096	0.099	0.500	0.688	0.856
H3C13	ERCC2	9606.ENSP00000333277	9606.ENSP00000375809	0	0	0	0	0.049	0.828	0	0.225	0.862
H3C13	KDM5A	9606.ENSP00000333277	9606.ENSP00000382688	0	0	0	0	0.067	0.440	0.400	0.629	0.868
H3C13	SMARCA2	9606.ENSP00000333277	9606.ENSP00000371638	0	0	0	0	0.055	0.302	0.400	0.747	0.886
H3C13	TCEA1	9606.ENSP00000333277	9606.ENSP00000428426	0	0	0	0	0.074	0.827	0	0.364	0.889
H3C13	CTR9	9606.ENSP00000333277	9606.ENSP00000355013	0	0	0	0	0.068	0.850	0	0.392	0.908
H3C13	SETD1B	9606.ENSP00000333277	9606.ENSP00000474253	0	0	0	0	0.058	0.303	0.500	0.787	0.921
H3C13	KDM5C	9606.ENSP00000333277	9606.ENSP00000364550	0	0	0	0	0.069	0.703	0.400	0.598	0.924
H3C13	SMARCA4	9606.ENSP00000333277	9606.ENSP00000343896	0	0	0	0	0.056	0.302	0.400	0.881	0.946
H3C13	H2AC17	9606.ENSP00000333277	9606.ENSP00000352627	0	0.025	0	0	0.258	0.921	0	0.274	0.954
H3C13	KDM6A	9606.ENSP00000333277	9606.ENSP00000367203	0	0	0	0	0.068	0.579	0.500	0.804	0.956
H3C13	H3C8	9606.ENSP00000333277	9606.ENSP00000484638	0	0	0.048	0.985	0.182	0.927	0	0.375	0.959
H3C13	EED	9606.ENSP00000333277	9606.ENSP00000338186	0	0	0	0	0.054	0.319	0.500	0.890	0.960
H3C13	H3C1	9606.ENSP00000333277	9606.ENSP00000480826	0	0	0.048	0.985	0.242	0.927	0	0.375	0.962
H3C13	KMT5A	9606.ENSP00000333277	9606.ENSP00000384629	0	0	0	0	0.068	0.911	0.400	0.522	0.973
H3C13	TRIM33	9606.ENSP00000333277	9606.ENSP00000351250	0	0	0	0	0.054	0.907	0	0.716	0.973
H3C13	KMT2A	9606.ENSP00000333277	9606.ENSP00000436786	0	0	0	0	0.070	0.911	0.500	0.589	0.980
H3C13	TRIM24	9606.ENSP00000333277	9606.ENSP00000340507	0	0	0	0	0.065	0.907	0	0.793	0.980
H3C13	ING1	9606.ENSP00000333277	9606.ENSP00000364929	0	0	0	0	0	0.910	0	0.807	0.982
H3C13	HDAC1	9606.ENSP00000333277	9606.ENSP00000362649	0	0	0	0	0.077	0.140	0.500	0.966	0.984
H3C13	PHF1	9606.ENSP00000333277	9606.ENSP00000363640	0	0	0	0	0.067	0.905	0.500	0.705	0.985
H3C13	MLLT3	9606.ENSP00000333277	9606.ENSP00000369695	0	0	0	0	0	0.908	0	0.909	0.991
H3C13	TP53BP1	9606.ENSP00000333277	9606.ENSP00000371475	0	0	0	0	0.055	0.805	0	0.961	0.992
H3C13	ATRX	9606.ENSP00000333277	9606.ENSP00000362441	0	0	0	0	0.049	0.911	0	0.913	0.992
H3C13	PBRM1	9606.ENSP00000333277	9606.ENSP00000386593	0	0	0	0	0.058	0.926	0.400	0.897	0.995
H3C13	CHD4	9606.ENSP00000333277	9606.ENSP00000440542	0	0	0	0	0.055	0.934	0.500	0.884	0.995
H3C13	SETD2	9606.ENSP00000333277	9606.ENSP00000386759	0	0	0	0	0.083	0.938	0.750	0.734	0.995
H3C13	DOT1L	9606.ENSP00000333277	9606.ENSP00000381657	0	0	0	0	0.096	0.943	0.750	0.836	0.997
H3C13	DNMT1	9606.ENSP00000333277	9606.ENSP00000352516	0	0	0	0	0.054	0.907	0.500	0.973	0.998
H3C8	H3-3B	9606.ENSP00000484638	9606.ENSP00000254810	0	0	0.048	0.984	0	0.854	0	0.042	0.855
H3C8	CREBBP	9606.ENSP00000484638	9606.ENSP00000262367	0	0	0	0	0	0.902	0	0.088	0.907
H3C8	EP300	9606.ENSP00000484638	9606.ENSP00000263253	0	0	0	0	0	0.804	0	0.088	0.814
H3C8	DNMT3A	9606.ENSP00000484638	9606.ENSP00000264709	0	0	0	0	0.094	0.902	0	0.065	0.910
H3C8	KAT6A	9606.ENSP00000484638	9606.ENSP00000265713	0	0	0	0	0	0.917	0	0.091	0.922
H3C8	TP53	9606.ENSP00000484638	9606.ENSP00000269305	0	0	0	0	0.047	0.800	0	0.322	0.859
H3C8	SETDB1	9606.ENSP00000484638	9606.ENSP00000271640	0	0	0	0	0.058	0.911	0	0.072	0.915
H3C8	KAT6B	9606.ENSP00000484638	9606.ENSP00000287239	0	0	0	0	0	0.917	0	0.091	0.922
H3C8	NSD3	9606.ENSP00000484638	9606.ENSP00000313983	0	0	0	0	0.059	0.911	0	0.072	0.915
H3C8	SOX2	9606.ENSP00000484638	9606.ENSP00000323588	0	0	0	0	0.054	0.800	0	0.069	0.808
H3C8	H3C13	9606.ENSP00000484638	9606.ENSP00000333277	0	0	0.048	0.985	0.182	0.927	0	0.375	0.959
H3C8	ARID2	9606.ENSP00000484638	9606.ENSP00000335044	0	0	0	0	0	0.800	0	0	0.800
H3C8	TRIM24	9606.ENSP00000484638	9606.ENSP00000340507	0	0	0	0	0	0.950	0	0.051	0.951
H3C8	SMARCB1	9606.ENSP00000484638	9606.ENSP00000340883	0	0	0	0	0	0.849	0	0.151	0.866
H3C8	SMARCA4	9606.ENSP00000484638	9606.ENSP00000343896	0	0	0	0	0	0.927	0	0.121	0.933
H3C8	TRIM33	9606.ENSP00000484638	9606.ENSP00000351250	0	0	0	0	0	0.907	0	0.051	0.908
H3C8	DNMT1	9606.ENSP00000484638	9606.ENSP00000352516	0	0	0	0	0.047	0.907	0	0.116	0.915
H3C8	ATRX	9606.ENSP00000484638	9606.ENSP00000362441	0	0	0	0	0	0.911	0	0.115	0.918
H3C8	PHF1	9606.ENSP00000484638	9606.ENSP00000363640	0	0	0	0	0.067	0.930	0	0.074	0.934
H3C8	ING1	9606.ENSP00000484638	9606.ENSP00000364929	0	0	0	0	0.049	0.910	0	0.081	0.915
H3C8	MLLT3	9606.ENSP00000484638	9606.ENSP00000369695	0	0	0	0	0	0.908	0	0.108	0.915
H3C8	TP53BP1	9606.ENSP00000484638	9606.ENSP00000371475	0	0	0	0	0	0.902	0	0.091	0.907
H3C8	DOT1L	9606.ENSP00000484638	9606.ENSP00000381657	0	0	0	0	0.063	0.923	0	0.130	0.932
H3C8	KMT5A	9606.ENSP00000484638	9606.ENSP00000384629	0	0	0	0	0.070	0.911	0	0.072	0.917
H3C8	PBRM1	9606.ENSP00000484638	9606.ENSP00000386593	0	0	0	0	0	0.926	0	0.116	0.932
H3C8	SETD2	9606.ENSP00000484638	9606.ENSP00000386759	0	0	0	0	0.058	0.938	0	0.160	0.947
H3C8	KMT2A	9606.ENSP00000484638	9606.ENSP00000436786	0	0	0	0	0.058	0.911	0	0.072	0.915
H3C8	CHD4	9606.ENSP00000484638	9606.ENSP00000440542	0	0	0	0	0	0.911	0	0.083	0.915
H3C8	H3C1	9606.ENSP00000484638	9606.ENSP00000480826	0	0	0.048	0.985	0.393	0.900	0	0	0.937
H3C8	ACTB	9606.ENSP00000484638	9606.ENSP00000494750	0	0.001	0	0	0.079	0.819	0	0.483	0.906
HDAC1	DDX5	9606.ENSP00000362649	9606.ENSP00000225792	0	0	0	0	0.230	0.785	0	0.690	0.944
HDAC1	IRF1	9606.ENSP00000362649	9606.ENSP00000245414	0	0	0	0	0.057	0.093	0.900	0.848	0.985
HDAC1	H3-3B	9606.ENSP00000362649	9606.ENSP00000254810	0	0	0	0	0.095	0.217	0.500	0.965	0.986
HDAC1	CREBBP	9606.ENSP00000362649	9606.ENSP00000262367	0	0	0	0	0.099	0.537	0.500	0.833	0.960
HDAC1	SETD1A	9606.ENSP00000362649	9606.ENSP00000262519	0.042	0	0	0	0.085	0.127	0.500	0.570	0.805
HDAC1	EP300	9606.ENSP00000362649	9606.ENSP00000263253	0	0	0	0	0.049	0.806	0.500	0.995	0.999
HDAC1	BRD4	9606.ENSP00000362649	9606.ENSP00000263377	0	0	0	0	0.098	0.791	0	0.775	0.954
HDAC1	ARID4B	9606.ENSP00000362649	9606.ENSP00000264183	0	0	0	0	0.042	0.789	0.540	0.912	0.990
HDAC1	MECOM	9606.ENSP00000362649	9606.ENSP00000264674	0	0	0	0	0	0.633	0.900	0.222	0.968
HDAC1	DNMT3A	9606.ENSP00000362649	9606.ENSP00000264709	0	0	0	0	0.075	0.515	0	0.994	0.997
HDAC1	RB1	9606.ENSP00000362649	9606.ENSP00000267163	0	0	0	0	0.085	0.987	0.900	0.962	0.999
HDAC1	PML	9606.ENSP00000362649	9606.ENSP00000268058	0	0	0	0	0.074	0.785	0.400	0.290	0.903
HDAC1	CBFA2T3	9606.ENSP00000362649	9606.ENSP00000268679	0	0	0	0	0.055	0.510	0	0.767	0.882
HDAC1	NCOR1	9606.ENSP00000362649	9606.ENSP00000268712	0	0	0	0	0.081	0.435	0.800	0.996	0.999
HDAC1	TP53	9606.ENSP00000362649	9606.ENSP00000269305	0	0	0	0	0.109	0.924	0.500	0.994	0.999
HDAC1	SETDB1	9606.ENSP00000362649	9606.ENSP00000271640	0.042	0	0	0	0.145	0.553	0	0.980	0.992
HDAC1	ATM	9606.ENSP00000362649	9606.ENSP00000278616	0	0	0	0	0.076	0.331	0	0.923	0.948
HDAC1	MYCN	9606.ENSP00000362649	9606.ENSP00000281043	0	0	0	0	0	0.510	0	0.832	0.914
HDAC1	ELMSAN1	9606.ENSP00000362649	9606.ENSP00000286523	0	0	0	0	0.075	0.963	0	0.224	0.971
HDAC1	REST	9606.ENSP00000362649	9606.ENSP00000311816	0	0	0	0	0.049	0.535	0.800	0.948	0.994
HDAC1	STAT2	9606.ENSP00000362649	9606.ENSP00000315768	0	0	0	0	0.044	0.077	0	0.905	0.909
HDAC1	SUZ12	9606.ENSP00000362649	9606.ENSP00000316578	0	0	0	0	0.089	0.651	0.500	0.781	0.960
HDAC1	SOX2	9606.ENSP00000362649	9606.ENSP00000323588	0	0	0	0	0	0.658	0	0.907	0.966
HDAC1	IKZF1	9606.ENSP00000362649	9606.ENSP00000331614	0	0	0	0	0.042	0.769	0	0.947	0.987
HDAC1	SMAD3	9606.ENSP00000362649	9606.ENSP00000332973	0	0	0	0	0.071	0.481	0.500	0.928	0.980
HDAC1	H3C13	9606.ENSP00000362649	9606.ENSP00000333277	0	0	0	0	0.077	0.140	0.500	0.966	0.984
HDAC1	ZBTB16	9606.ENSP00000362649	9606.ENSP00000338157	0	0	0	0	0	0.880	0	0.593	0.949
HDAC1	EED	9606.ENSP00000362649	9606.ENSP00000338186	0	0	0	0	0.118	0.763	0.500	0.598	0.952
HDAC1	MEF2C	9606.ENSP00000362649	9606.ENSP00000340874	0	0	0	0	0.053	0.099	0	0.855	0.865
HDAC1	SMARCB1	9606.ENSP00000362649	9606.ENSP00000340883	0	0	0	0	0.168	0.323	0	0.890	0.932
HDAC1	SMAD4	9606.ENSP00000362649	9606.ENSP00000341551	0	0	0	0	0.068	0.516	0.500	0.893	0.972
HDAC1	SMARCA4	9606.ENSP00000362649	9606.ENSP00000343896	0	0	0	0	0.247	0.731	0.500	0.907	0.989
HDAC1	SFPQ	9606.ENSP00000362649	9606.ENSP00000349748	0	0	0	0	0.441	0.735	0	0.510	0.921
HDAC1	DNMT1	9606.ENSP00000362649	9606.ENSP00000352516	0	0	0	0	0.146	0.885	0.800	0.998	0.999
HDAC1	PARP1	9606.ENSP00000362649	9606.ENSP00000355759	0	0	0	0	0.124	0.647	0	0.701	0.900
HDAC1	RUNX2	9606.ENSP00000362649	9606.ENSP00000360493	0	0	0	0	0	0.636	0	0.681	0.879
HDAC1	ZNF217	9606.ENSP00000362649	9606.ENSP00000360526	0	0	0	0	0.072	0.583	0	0.970	0.987
HDAC1	TRIM27	9606.ENSP00000362649	9606.ENSP00000366404	0	0	0	0	0.083	0.477	0	0.623	0.803
HDAC1	TOP2A	9606.ENSP00000362649	9606.ENSP00000411532	0	0	0	0	0.107	0.511	0	0.598	0.809
HDAC1	KMT2A	9606.ENSP00000362649	9606.ENSP00000436786	0.042	0	0	0	0.072	0.420	0.500	0.373	0.809
HDAC1	GTF2I	9606.ENSP00000362649	9606.ENSP00000460070	0	0	0	0	0.097	0.292	0	0.766	0.837
HDAC1	SMARCA2	9606.ENSP00000362649	9606.ENSP00000371638	0	0	0	0	0.087	0.516	0	0.684	0.848
HDAC1	TET2	9606.ENSP00000362649	9606.ENSP00000442788	0	0	0	0	0	0.095	0	0.875	0.882
HDAC1	GATA3	9606.ENSP00000362649	9606.ENSP00000368632	0	0	0	0	0.071	0.745	0.500	0.336	0.911
HDAC1	KDM5A	9606.ENSP00000362649	9606.ENSP00000382688	0	0	0	0	0.063	0.677	0	0.772	0.925
HDAC1	CEBPA	9606.ENSP00000362649	9606.ENSP00000427514	0	0	0	0	0.048	0.636	0	0.838	0.939
HDAC1	TET1	9606.ENSP00000362649	9606.ENSP00000362748	0	0	0	0	0	0.095	0.540	0.892	0.951
HDAC1	BRCA1	9606.ENSP00000362649	9606.ENSP00000418960	0	0	0	0	0.055	0.510	0	0.917	0.958
HDAC1	AR	9606.ENSP00000362649	9606.ENSP00000363822	0	0	0	0	0	0.789	0	0.835	0.964
HDAC1	KDM5C	9606.ENSP00000362649	9606.ENSP00000364550	0	0	0	0	0.113	0.342	0	0.952	0.969
HDAC1	TLE3	9606.ENSP00000362649	9606.ENSP00000452871	0	0	0	0	0.067	0.495	0.500	0.934	0.982
HDAC1	HIF1A	9606.ENSP00000362649	9606.ENSP00000437955	0	0	0	0	0	0.790	0	0.926	0.983
HDAC1	CTNNB1	9606.ENSP00000362649	9606.ENSP00000495360	0	0	0	0	0.078	0.789	0.500	0.872	0.985
HDAC1	ING1	9606.ENSP00000362649	9606.ENSP00000364929	0	0	0	0	0.053	0.907	0.540	0.951	0.997
HDAC1	ESR1	9606.ENSP00000362649	9606.ENSP00000405330	0	0	0	0	0	0.832	0.500	0.987	0.998
HDAC1	CHD4	9606.ENSP00000362649	9606.ENSP00000440542	0	0	0	0	0.365	0.934	0.900	0.996	0.999
HDAC1	NCOR2	9606.ENSP00000362649	9606.ENSP00000384018	0	0	0	0	0.049	0.701	0.800	0.995	0.999
HERPUD1	XBP1	9606.ENSP00000409555	9606.ENSP00000216037	0	0	0	0	0.274	0	0	0.766	0.823
HEY1	NOTCH3	9606.ENSP00000338272	9606.ENSP00000263388	0	0	0	0	0.056	0.071	0.500	0.784	0.892
HEY1	RUNX2	9606.ENSP00000338272	9606.ENSP00000360493	0	0	0	0	0	0	0.500	0.788	0.889
HEY1	NOTCH4	9606.ENSP00000338272	9606.ENSP00000364163	0	0	0	0	0.120	0.071	0.400	0.841	0.911
HEY1	NOTCH1	9606.ENSP00000338272	9606.ENSP00000498587	0	0	0	0	0.056	0.450	0.500	0.881	0.965
HIF1A	XBP1	9606.ENSP00000437955	9606.ENSP00000216037	0	0	0	0	0.049	0.292	0	0.984	0.988
HIF1A	VHL	9606.ENSP00000437955	9606.ENSP00000256474	0	0	0	0	0.042	0.999	0.900	0.998	0.999
HIF1A	CREBBP	9606.ENSP00000437955	9606.ENSP00000262367	0	0	0	0	0.061	0.991	0.900	0.990	0.999
HIF1A	EP300	9606.ENSP00000437955	9606.ENSP00000263253	0	0	0	0	0.082	0.999	0.900	0.996	0.999
HIF1A	TP53	9606.ENSP00000437955	9606.ENSP00000269305	0	0	0	0	0	0.847	0	0.994	0.999
HIF1A	EGFR	9606.ENSP00000437955	9606.ENSP00000275493	0	0	0	0	0.055	0	0.500	0.873	0.934
HIF1A	NQO1	9606.ENSP00000437955	9606.ENSP00000319788	0	0	0	0	0.042	0.312	0	0.794	0.852
HIF1A	SMAD3	9606.ENSP00000437955	9606.ENSP00000332973	0	0	0	0	0.044	0.784	0	0.888	0.975
HIF1A	ARNT	9606.ENSP00000437955	9606.ENSP00000351407	0	0	0	0.584	0.093	0.999	0.900	0.990	0.999
HIF1A	RUNX2	9606.ENSP00000437955	9606.ENSP00000360493	0	0	0	0	0.049	0.292	0	0.787	0.844
HIF1A	PTEN	9606.ENSP00000437955	9606.ENSP00000361021	0	0	0	0	0.060	0	0	0.827	0.830
HIF1A	HDAC1	9606.ENSP00000437955	9606.ENSP00000362649	0	0	0	0	0	0.790	0	0.926	0.983
HIF1A	AR	9606.ENSP00000437955	9606.ENSP00000363822	0	0	0	0	0.067	0.525	0	0.733	0.871
HIF1A	FOXO1	9606.ENSP00000437955	9606.ENSP00000368880	0	0	0	0	0	0.068	0.400	0.769	0.859
HIF1A	KDM4C	9606.ENSP00000437955	9606.ENSP00000370710	0	0	0	0	0	0.292	0	0.937	0.953
HIF1A	BCL2	9606.ENSP00000437955	9606.ENSP00000381185	0	0	0	0	0	0.510	0	0.895	0.946
HIF1A	CXCR4	9606.ENSP00000437955	9606.ENSP00000386884	0	0	0	0	0.076	0.226	0	0.891	0.915
HIF1A	SEPTIN9	9606.ENSP00000437955	9606.ENSP00000391249	0	0	0	0	0.055	0.735	0	0.685	0.914
HIF1A	ESR1	9606.ENSP00000437955	9606.ENSP00000405330	0	0	0	0	0.067	0.636	0	0.861	0.948
HIF1A	CDKN2A	9606.ENSP00000437955	9606.ENSP00000418915	0	0	0	0	0	0.426	0	0.927	0.956
HIF1A	CEBPA	9606.ENSP00000437955	9606.ENSP00000427514	0	0	0	0	0.067	0.469	0	0.677	0.826
HIF1A	NOTCH1	9606.ENSP00000437955	9606.ENSP00000498587	0	0	0	0	0.042	0.292	0.900	0.917	0.993
HIF1A	CTNNB1	9606.ENSP00000437955	9606.ENSP00000495360	0	0	0	0	0.260	0.785	0	0.989	0.998
HIF1A	ELOC	9606.ENSP00000437955	9606.ENSP00000478121	0	0	0	0	0.082	0.969	0.900	0.987	0.999
HOXA9	MSI2	9606.ENSP00000343619	9606.ENSP00000284073	0	0	0	0	0	0	0	0.916	0.916
HOXA9	NUP98	9606.ENSP00000343619	9606.ENSP00000316032	0	0	0	0	0	0	0	0.964	0.964
HOXA9	MLLT3	9606.ENSP00000343619	9606.ENSP00000369695	0	0	0	0	0.042	0.304	0	0.841	0.885
HOXA9	KMT2A	9606.ENSP00000343619	9606.ENSP00000436786	0	0	0	0	0	0.742	0	0.608	0.894
HOXD13	NUP98	9606.ENSP00000376322	9606.ENSP00000316032	0	0	0	0	0	0	0	0.828	0.828
HSD3B1	CYP17A1	9606.ENSP00000358421	9606.ENSP00000358903	0	0	0	0	0.068	0.108	0.913	0.948	0.995
IFNGR1	PIK3R2	9606.ENSP00000356713	9606.ENSP00000222254	0	0	0	0	0	0	0.900	0.097	0.905
IFNGR1	PIK3R3	9606.ENSP00000356713	9606.ENSP00000262741	0	0	0	0	0	0	0.900	0.097	0.905
IFNGR1	PIK3CA	9606.ENSP00000356713	9606.ENSP00000263967	0	0	0	0	0.058	0	0.900	0.161	0.914
IFNGR1	PIK3CD	9606.ENSP00000356713	9606.ENSP00000366563	0	0	0	0	0.055	0	0.900	0.134	0.911
IFNGR1	PIK3CB	9606.ENSP00000356713	9606.ENSP00000501150	0	0	0	0	0.049	0	0.900	0.162	0.913
IFNGR1	PIK3R1	9606.ENSP00000356713	9606.ENSP00000428056	0	0	0	0	0.059	0	0.900	0.189	0.917
IFNGR1	IL10	9606.ENSP00000356713	9606.ENSP00000412237	0	0	0	0	0.045	0	0.650	0.781	0.920
IFNGR1	JAK3	9606.ENSP00000356713	9606.ENSP00000432511	0	0	0	0	0.081	0.065	0.900	0.355	0.937
IGF1	PDGFRA	9606.ENSP00000376637	9606.ENSP00000257290	0	0	0	0	0.087	0	0.650	0.681	0.889
IGF1	KDR	9606.ENSP00000376637	9606.ENSP00000263923	0	0	0	0	0.074	0	0.650	0.758	0.914
IGF1	ERBB2	9606.ENSP00000376637	9606.ENSP00000269571	0	0	0	0	0	0	0.900	0.926	0.992
IGF1	EGFR	9606.ENSP00000376637	9606.ENSP00000275493	0	0	0	0	0	0	0.900	0.919	0.991
IGF1	NTRK2	9606.ENSP00000376637	9606.ENSP00000277120	0	0	0	0	0.062	0.063	0.650	0.686	0.890
IGF1	FLT1	9606.ENSP00000376637	9606.ENSP00000282397	0	0	0	0	0.060	0	0.650	0.718	0.899
IGF1	CSF1R	9606.ENSP00000376637	9606.ENSP00000286301	0	0	0	0	0.086	0	0.650	0.470	0.815
IGF1	KIT	9606.ENSP00000376637	9606.ENSP00000288135	0	0	0	0	0.068	0	0.650	0.606	0.860
IGF1	ALB	9606.ENSP00000376637	9606.ENSP00000295897	0	0	0	0	0	0	0	0.830	0.830
IGF1	INSR	9606.ENSP00000376637	9606.ENSP00000303830	0	0	0	0	0.049	0.966	0.900	0.995	0.999
IGF1	MET	9606.ENSP00000376637	9606.ENSP00000317272	0	0	0	0	0	0.063	0.650	0.744	0.908
IGF1	IRS2	9606.ENSP00000376637	9606.ENSP00000365016	0	0	0	0	0	0	0.500	0.970	0.984
IGF1	FOXO1	9606.ENSP00000376637	9606.ENSP00000368880	0	0	0	0	0.068	0	0	0.908	0.910
IGF1	FGFR2	9606.ENSP00000376637	9606.ENSP00000410294	0	0	0	0	0.047	0	0.650	0.631	0.866
IGF1	ESR1	9606.ENSP00000376637	9606.ENSP00000405330	0	0	0	0	0.062	0	0	0.964	0.964
IGF1	NTRK1	9606.ENSP00000376637	9606.ENSP00000431418	0	0	0	0	0	0.063	0.650	0.972	0.990
IKZF1	CRBN	9606.ENSP00000331614	9606.ENSP00000231948	0	0	0	0	0.042	0.988	0	0.997	0.999
IKZF1	EBF1	9606.ENSP00000331614	9606.ENSP00000322898	0	0	0	0	0.048	0.071	0	0.929	0.931
IKZF1	PTPRC	9606.ENSP00000331614	9606.ENSP00000411355	0	0	0	0	0.664	0.045	0	0.445	0.806
IKZF1	P2RY8	9606.ENSP00000331614	9606.ENSP00000370697	0	0	0	0	0.337	0.053	0	0.730	0.815
IKZF1	ETV6	9606.ENSP00000331614	9606.ENSP00000379658	0	0	0	0	0.076	0.068	0	0.827	0.838
IKZF1	ABL1	9606.ENSP00000331614	9606.ENSP00000361423	0	0	0	0	0	0.071	0	0.841	0.845
IKZF1	IKZF3	9606.ENSP00000331614	9606.ENSP00000344544	0	0	0	0.939	0.374	0.788	0	0.434	0.918
IKZF1	CHD4	9606.ENSP00000331614	9606.ENSP00000440542	0	0	0	0	0.057	0.745	0	0.881	0.969
IKZF1	HDAC1	9606.ENSP00000331614	9606.ENSP00000362649	0	0	0	0	0.042	0.769	0	0.947	0.987
IKZF3	CRBN	9606.ENSP00000344544	9606.ENSP00000231948	0	0	0	0	0	0.820	0	0.997	0.999
IKZF3	EBF1	9606.ENSP00000344544	9606.ENSP00000322898	0	0	0	0	0.060	0.071	0	0.879	0.885
IKZF3	IKZF1	9606.ENSP00000344544	9606.ENSP00000331614	0	0	0	0.939	0.374	0.788	0	0.434	0.918
IKZF3	POU2AF1	9606.ENSP00000344544	9606.ENSP00000376786	0	0	0	0	0.274	0	0	0.751	0.811
IL10	EGFR	9606.ENSP00000412237	9606.ENSP00000275493	0	0	0	0	0	0	0.650	0.724	0.899
IL10	ALB	9606.ENSP00000412237	9606.ENSP00000295897	0	0	0	0	0	0	0	0.847	0.847
IL10	STAT6	9606.ENSP00000412237	9606.ENSP00000300134	0	0	0	0	0.045	0.045	0.500	0.821	0.907
IL10	CD28	9606.ENSP00000412237	9606.ENSP00000324890	0	0	0	0	0.098	0	0	0.917	0.922
IL10	CSF1	9606.ENSP00000412237	9606.ENSP00000327513	0	0	0	0	0.047	0	0.400	0.792	0.870
IL10	IL21R	9606.ENSP00000412237	9606.ENSP00000338010	0	0	0	0	0.144	0	0.650	0.524	0.845
IL10	IFNGR1	9606.ENSP00000412237	9606.ENSP00000356713	0	0	0	0	0.045	0	0.650	0.781	0.920
IL10	IL6ST	9606.ENSP00000412237	9606.ENSP00000370698	0	0	0	0	0.071	0	0.650	0.464	0.810
IL10	PTPRC	9606.ENSP00000412237	9606.ENSP00000411355	0	0	0	0	0.067	0	0	0.798	0.804
IL21R	IL10	9606.ENSP00000338010	9606.ENSP00000412237	0	0	0	0	0.144	0	0.650	0.524	0.845
IL21R	JAK3	9606.ENSP00000338010	9606.ENSP00000432511	0	0	0	0	0.200	0	0.800	0.686	0.945
IL6ST	PIK3R2	9606.ENSP00000370698	9606.ENSP00000222254	0	0	0	0	0	0	0.900	0.089	0.905
IL6ST	PIK3R3	9606.ENSP00000370698	9606.ENSP00000262741	0	0	0	0	0	0	0.900	0.052	0.901
IL6ST	PIK3CA	9606.ENSP00000370698	9606.ENSP00000263967	0	0	0	0	0.097	0	0.900	0.479	0.948
IL6ST	PIK3CD	9606.ENSP00000370698	9606.ENSP00000366563	0	0	0	0	0.051	0	0.900	0	0.901
IL6ST	IL10	9606.ENSP00000370698	9606.ENSP00000412237	0	0	0	0	0.071	0	0.650	0.464	0.810
IL6ST	PIK3CB	9606.ENSP00000370698	9606.ENSP00000501150	0	0	0	0	0.063	0	0.900	0.085	0.906
IL6ST	JAK3	9606.ENSP00000370698	9606.ENSP00000432511	0	0	0	0	0.049	0	0.900	0.260	0.923
IL6ST	PIK3R1	9606.ENSP00000370698	9606.ENSP00000428056	0	0	0	0	0.149	0.292	0.900	0.182	0.944
IL6ST	PTPN11	9606.ENSP00000370698	9606.ENSP00000489597	0	0	0	0	0.102	0.785	0.500	0.831	0.981
IL6ST	LIFR	9606.ENSP00000370698	9606.ENSP00000398368	0	0	0	0.600	0.086	0.510	0.900	0.960	0.997
ING1	H3-3B	9606.ENSP00000364929	9606.ENSP00000254810	0	0	0	0	0.049	0.910	0	0.803	0.981
ING1	ARID4B	9606.ENSP00000364929	9606.ENSP00000264183	0	0	0	0	0.074	0.588	0.540	0.876	0.975
ING1	TP53	9606.ENSP00000364929	9606.ENSP00000269305	0	0	0	0	0	0.625	0	0.781	0.914
ING1	H3C13	9606.ENSP00000364929	9606.ENSP00000333277	0	0	0	0	0	0.910	0	0.807	0.982
ING1	HDAC1	9606.ENSP00000364929	9606.ENSP00000362649	0	0	0	0	0.053	0.907	0.540	0.951	0.997
ING1	H3C1	9606.ENSP00000364929	9606.ENSP00000480826	0	0	0	0	0.049	0.910	0	0.081	0.915
ING1	H3C8	9606.ENSP00000364929	9606.ENSP00000484638	0	0	0	0	0.049	0.910	0	0.081	0.915
INPP4A	PIK3R3	9606.ENSP00000074304	9606.ENSP00000262741	0	0	0	0	0.042	0	0.900	0.166	0.913
INPP4A	PIK3R1	9606.ENSP00000074304	9606.ENSP00000428056	0	0	0	0	0.060	0	0.900	0.174	0.915
INPP4A	PIK3C2G	9606.ENSP00000074304	9606.ENSP00000445381	0	0	0	0	0	0	0.900	0.354	0.932
INPP4A	PIK3C2B	9606.ENSP00000074304	9606.ENSP00000356155	0	0	0	0	0.055	0	0.900	0.373	0.935
INPP4A	INPP5D	9606.ENSP00000074304	9606.ENSP00000405338	0	0	0	0	0.047	0	0.900	0.450	0.943
INPP4A	PTEN	9606.ENSP00000074304	9606.ENSP00000361021	0	0	0	0	0	0	0.900	0.490	0.946
INPP4A	PIK3R2	9606.ENSP00000074304	9606.ENSP00000222254	0	0	0	0	0.054	0	0.900	0.477	0.946
INPP4A	INPPL1	9606.ENSP00000074304	9606.ENSP00000298229	0	0	0	0	0.060	0	0.900	0.631	0.962
INPP5D	INPP4A	9606.ENSP00000405338	9606.ENSP00000074304	0	0	0	0	0.047	0	0.900	0.450	0.943
INPP5D	PIK3R2	9606.ENSP00000405338	9606.ENSP00000222254	0	0	0	0	0.047	0	0.900	0.234	0.920
INPP5D	PIK3R3	9606.ENSP00000405338	9606.ENSP00000262741	0	0	0	0	0	0	0.900	0.161	0.912
INPP5D	PIK3CA	9606.ENSP00000405338	9606.ENSP00000263967	0	0	0	0	0.105	0	0.900	0.252	0.927
INPP5D	INPPL1	9606.ENSP00000405338	9606.ENSP00000298229	0	0	0.073	0.884	0.049	0.164	0.900	0.151	0.926
INPP5D	PIK3C2B	9606.ENSP00000405338	9606.ENSP00000356155	0	0	0	0	0.048	0	0.900	0.173	0.914
INPP5D	PTEN	9606.ENSP00000405338	9606.ENSP00000361021	0	0	0	0	0.074	0	0.900	0.542	0.953
INPP5D	PIK3CD	9606.ENSP00000405338	9606.ENSP00000366563	0	0	0	0	0.208	0	0.900	0.361	0.945
INPP5D	PLCG2	9606.ENSP00000405338	9606.ENSP00000482457	0	0	0	0.547	0.237	0.091	0.500	0.544	0.820
INPP5D	PTPN11	9606.ENSP00000405338	9606.ENSP00000489597	0	0	0	0.553	0.191	0.516	0.500	0.249	0.833
INPP5D	PIK3C2G	9606.ENSP00000405338	9606.ENSP00000445381	0	0	0	0	0	0	0.900	0.177	0.914
INPP5D	PIK3CB	9606.ENSP00000405338	9606.ENSP00000501150	0	0	0	0	0.105	0	0.900	0.272	0.929
INPP5D	PIK3R1	9606.ENSP00000405338	9606.ENSP00000428056	0	0	0	0	0.049	0.510	0.900	0.346	0.965
INPP5D	LYN	9606.ENSP00000405338	9606.ENSP00000428924	0	0	0	0	0.199	0.328	0.900	0.684	0.980
INPPL1	INPP4A	9606.ENSP00000298229	9606.ENSP00000074304	0	0	0	0	0.060	0	0.900	0.631	0.962
INPPL1	PIK3R2	9606.ENSP00000298229	9606.ENSP00000222254	0	0	0	0	0.097	0.342	0.900	0.328	0.954
INPPL1	PIK3R3	9606.ENSP00000298229	9606.ENSP00000262741	0	0	0	0	0	0	0.900	0.266	0.923
INPPL1	PIK3CA	9606.ENSP00000298229	9606.ENSP00000263967	0	0	0	0	0.081	0	0.900	0.327	0.932
INPPL1	EGFR	9606.ENSP00000298229	9606.ENSP00000275493	0	0	0	0	0.042	0.696	0	0.551	0.857
INPPL1	PLCG2	9606.ENSP00000298229	9606.ENSP00000482457	0	0	0	0	0.072	0.045	0.800	0.284	0.856
INPPL1	PTPN11	9606.ENSP00000298229	9606.ENSP00000489597	0	0	0	0	0.107	0	0.800	0.447	0.892
INPPL1	INPP5D	9606.ENSP00000298229	9606.ENSP00000405338	0	0	0.073	0.884	0.049	0.164	0.900	0.151	0.926
INPPL1	PIK3C2G	9606.ENSP00000298229	9606.ENSP00000445381	0	0	0	0	0	0	0.900	0.293	0.926
INPPL1	PIK3CD	9606.ENSP00000298229	9606.ENSP00000366563	0	0	0	0	0.111	0	0.900	0.358	0.937
INPPL1	PIK3C2B	9606.ENSP00000298229	9606.ENSP00000356155	0	0	0	0	0.047	0	0.900	0.569	0.955
INPPL1	PTEN	9606.ENSP00000298229	9606.ENSP00000361021	0	0	0	0	0.061	0	0.900	0.610	0.960
INPPL1	PIK3CB	9606.ENSP00000298229	9606.ENSP00000501150	0	0	0	0	0.088	0	0.900	0.637	0.964
INPPL1	PIK3R1	9606.ENSP00000298229	9606.ENSP00000428056	0	0	0	0	0.042	0.616	0.900	0.327	0.971
INSR	PIK3R2	9606.ENSP00000303830	9606.ENSP00000222254	0	0	0	0	0	0.231	0.650	0.356	0.811
INSR	PIK3R3	9606.ENSP00000303830	9606.ENSP00000262741	0	0	0	0	0	0.153	0.650	0.630	0.880
INSR	PIK3CA	9606.ENSP00000303830	9606.ENSP00000263967	0	0	0	0	0	0.098	0.900	0.462	0.947
INSR	FGF10	9606.ENSP00000303830	9606.ENSP00000264664	0	0	0	0	0	0	0.650	0.492	0.814
INSR	ERBB2	9606.ENSP00000303830	9606.ENSP00000269571	0	0	0	0.571	0.058	0.617	0	0.625	0.853
INSR	PRKCB	9606.ENSP00000303830	9606.ENSP00000496129	0	0	0	0.556	0	0.050	0.900	0.143	0.911
INSR	PIK3CD	9606.ENSP00000303830	9606.ENSP00000366563	0	0	0	0	0	0.098	0.900	0.260	0.927
INSR	PIK3CB	9606.ENSP00000303830	9606.ENSP00000501150	0	0	0	0	0.042	0.098	0.900	0.432	0.944
INSR	PTPN11	9606.ENSP00000303830	9606.ENSP00000489597	0	0	0	0	0.064	0.757	0.900	0.238	0.980
INSR	IRS4	9606.ENSP00000303830	9606.ENSP00000361202	0	0	0	0	0.055	0.405	0.900	0.747	0.983
INSR	PIK3R1	9606.ENSP00000303830	9606.ENSP00000428056	0	0	0	0	0.049	0.854	0.650	0.794	0.988
INSR	IRS2	9606.ENSP00000303830	9606.ENSP00000365016	0	0	0	0	0.076	0.965	0.900	0.903	0.999
INSR	IGF1	9606.ENSP00000303830	9606.ENSP00000376637	0	0	0	0	0.049	0.966	0.900	0.995	0.999
IRF1	CHD4	9606.ENSP00000245414	9606.ENSP00000440542	0	0	0	0	0.046	0.073	0.900	0.107	0.910
IRF1	STAT2	9606.ENSP00000245414	9606.ENSP00000315768	0	0	0	0	0.215	0	0.500	0.909	0.961
IRF1	IRF8	9606.ENSP00000245414	9606.ENSP00000268638	0	0	0	0.704	0.249	0.622	0	0.947	0.983
IRF1	EP300	9606.ENSP00000245414	9606.ENSP00000263253	0	0	0	0	0.045	0.774	0	0.932	0.984
IRF1	HDAC1	9606.ENSP00000245414	9606.ENSP00000362649	0	0	0	0	0.057	0.093	0.900	0.848	0.985
IRF4	XBP1	9606.ENSP00000370343	9606.ENSP00000216037	0	0	0	0	0.099	0	0	0.802	0.814
IRF4	STAT6	9606.ENSP00000370343	9606.ENSP00000300134	0	0	0	0	0.076	0.510	0.500	0.906	0.975
IRF4	PRDM1	9606.ENSP00000370343	9606.ENSP00000358092	0	0	0	0	0.181	0.045	0	0.927	0.938
IRF4	GATA3	9606.ENSP00000370343	9606.ENSP00000368632	0	0	0	0	0.042	0.095	0	0.844	0.853
IRF8	IRF1	9606.ENSP00000268638	9606.ENSP00000245414	0	0	0	0.704	0.249	0.622	0	0.947	0.983
IRF8	STAT2	9606.ENSP00000268638	9606.ENSP00000315768	0	0	0	0	0.095	0.065	0.500	0.688	0.850
IRS2	PIK3R2	9606.ENSP00000365016	9606.ENSP00000222254	0	0	0	0	0	0.264	0.900	0.770	0.981
IRS2	PIK3R3	9606.ENSP00000365016	9606.ENSP00000262741	0	0	0	0	0	0.595	0.900	0.375	0.972
IRS2	PIK3CA	9606.ENSP00000365016	9606.ENSP00000263967	0	0	0	0	0.070	0.557	0.900	0.670	0.984
IRS2	INSR	9606.ENSP00000365016	9606.ENSP00000303830	0	0	0	0	0.076	0.965	0.900	0.903	0.999
IRS2	MTOR	9606.ENSP00000365016	9606.ENSP00000354558	0	0	0	0	0	0.312	0.900	0.548	0.966
IRS2	IRS4	9606.ENSP00000365016	9606.ENSP00000361202	0	0	0	0.616	0	0	0.900	0.845	0.983
IRS2	FOXO1	9606.ENSP00000365016	9606.ENSP00000368880	0	0	0	0	0.134	0.091	0	0.796	0.825
IRS2	LYN	9606.ENSP00000365016	9606.ENSP00000428924	0	0	0	0	0.044	0.098	0.800	0.141	0.832
IRS2	PTPN11	9606.ENSP00000365016	9606.ENSP00000489597	0	0	0	0	0	0.392	0	0.823	0.887
IRS2	PIK3CD	9606.ENSP00000365016	9606.ENSP00000366563	0	0	0	0	0.064	0.133	0.900	0.262	0.932
IRS2	PIK3CB	9606.ENSP00000365016	9606.ENSP00000501150	0	0	0	0	0.069	0.133	0.900	0.424	0.947
IRS2	IGF1	9606.ENSP00000365016	9606.ENSP00000376637	0	0	0	0	0	0	0.500	0.970	0.984
IRS2	PIK3R1	9606.ENSP00000365016	9606.ENSP00000428056	0	0	0	0	0.054	0.903	0.900	0.814	0.998
IRS4	PIK3R2	9606.ENSP00000361202	9606.ENSP00000222254	0	0	0	0	0	0.833	0.900	0.249	0.986
IRS4	PIK3R3	9606.ENSP00000361202	9606.ENSP00000262741	0	0	0	0	0	0.712	0.900	0.202	0.975
IRS4	PIK3CA	9606.ENSP00000361202	9606.ENSP00000263967	0	0	0	0	0.062	0.648	0.900	0.256	0.972
IRS4	INSR	9606.ENSP00000361202	9606.ENSP00000303830	0	0	0	0	0.055	0.405	0.900	0.747	0.983
IRS4	MTOR	9606.ENSP00000361202	9606.ENSP00000354558	0	0	0	0	0	0.069	0.900	0.191	0.918
IRS4	PIK3CD	9606.ENSP00000361202	9606.ENSP00000366563	0	0	0	0	0.062	0.133	0.900	0.122	0.919
IRS4	PIK3CB	9606.ENSP00000361202	9606.ENSP00000501150	0	0	0	0	0.062	0.594	0.900	0.196	0.965
IRS4	IRS2	9606.ENSP00000361202	9606.ENSP00000365016	0	0	0	0.616	0	0	0.900	0.845	0.983
IRS4	PIK3R1	9606.ENSP00000361202	9606.ENSP00000428056	0	0	0	0	0	0.858	0.900	0.308	0.989
ITK	PIK3R2	9606.ENSP00000398655	9606.ENSP00000222254	0	0	0	0.554	0	0.093	0.900	0.100	0.911
ITK	PIK3R3	9606.ENSP00000398655	9606.ENSP00000262741	0	0	0	0	0	0.093	0.900	0.129	0.914
ITK	PIK3CA	9606.ENSP00000398655	9606.ENSP00000263967	0	0	0	0	0.057	0.069	0.900	0.243	0.924
ITK	CD28	9606.ENSP00000398655	9606.ENSP00000324890	0	0	0	0	0.449	0	0	0.954	0.973
ITK	WAS	9606.ENSP00000398655	9606.ENSP00000365891	0	0	0	0	0.121	0.534	0	0.631	0.835
ITK	PIK3CD	9606.ENSP00000398655	9606.ENSP00000366563	0	0	0	0	0.101	0.069	0.900	0.458	0.948
ITK	LYN	9606.ENSP00000398655	9606.ENSP00000428924	0	0	0.106	0.853	0.075	0	0.900	0.106	0.916
ITK	PIK3CB	9606.ENSP00000398655	9606.ENSP00000501150	0	0	0	0	0.057	0.069	0.900	0.195	0.919
ITK	PIK3R1	9606.ENSP00000398655	9606.ENSP00000428056	0	0	0	0	0.056	0.330	0.900	0.301	0.949
JAK3	PIK3R2	9606.ENSP00000432511	9606.ENSP00000222254	0	0	0	0	0	0.176	0.900	0.170	0.925
JAK3	PIK3R3	9606.ENSP00000432511	9606.ENSP00000262741	0	0	0	0	0	0.093	0.900	0.123	0.913
JAK3	PIK3CA	9606.ENSP00000432511	9606.ENSP00000263967	0	0	0	0	0.048	0.069	0.900	0.675	0.967
JAK3	ERBB2	9606.ENSP00000432511	9606.ENSP00000269571	0	0	0	0.583	0	0.091	0.900	0.504	0.951
JAK3	EGFR	9606.ENSP00000432511	9606.ENSP00000275493	0	0	0	0.583	0	0.161	0.900	0.522	0.956
JAK3	STAT5B	9606.ENSP00000432511	9606.ENSP00000293328	0	0	0	0	0.100	0.425	0.900	0.955	0.997
JAK3	STAT6	9606.ENSP00000432511	9606.ENSP00000300134	0	0	0	0	0.090	0.472	0.900	0.833	0.990
JAK3	PTPN2	9606.ENSP00000432511	9606.ENSP00000311857	0	0	0	0	0.093	0.097	0.900	0.689	0.971
JAK3	STAT2	9606.ENSP00000432511	9606.ENSP00000315768	0	0	0	0	0.095	0.285	0.900	0.763	0.982
JAK3	EML4	9606.ENSP00000432511	9606.ENSP00000320663	0	0	0	0	0.079	0.067	0.900	0.277	0.929
JAK3	IL21R	9606.ENSP00000432511	9606.ENSP00000338010	0	0	0	0	0.200	0	0.800	0.686	0.945
JAK3	STAT5A	9606.ENSP00000432511	9606.ENSP00000341208	0	0	0	0	0.086	0.607	0.900	0.972	0.998
JAK3	IFNGR1	9606.ENSP00000432511	9606.ENSP00000356713	0	0	0	0	0.081	0.065	0.900	0.355	0.937
JAK3	PIK3CD	9606.ENSP00000432511	9606.ENSP00000366563	0	0	0	0	0.114	0.069	0.900	0.326	0.937
JAK3	IL6ST	9606.ENSP00000432511	9606.ENSP00000370698	0	0	0	0	0.049	0	0.900	0.260	0.923
JAK3	CRLF2	9606.ENSP00000432511	9606.ENSP00000370978	0	0	0	0	0.049	0.128	0.650	0.512	0.839
JAK3	ALK	9606.ENSP00000432511	9606.ENSP00000373700	0	0	0	0.560	0	0.369	0.900	0.282	0.950
JAK3	CXCR4	9606.ENSP00000432511	9606.ENSP00000386884	0	0	0	0	0.099	0.292	0.650	0.662	0.914
JAK3	LIFR	9606.ENSP00000432511	9606.ENSP00000398368	0	0	0	0	0	0	0.900	0.460	0.943
JAK3	PIK3R1	9606.ENSP00000432511	9606.ENSP00000428056	0	0	0	0	0	0.093	0.900	0.314	0.932
JAK3	PIK3CB	9606.ENSP00000432511	9606.ENSP00000501150	0	0	0	0	0.048	0.069	0.900	0.242	0.923
JAK3	PTPN11	9606.ENSP00000432511	9606.ENSP00000489597	0	0	0	0	0.075	0.097	0.900	0.608	0.962
JAZF1	TRRAP	9606.ENSP00000283928	9606.ENSP00000352925	0	0	0	0	0.111	0.804	0	0.161	0.841
JAZF1	SUZ12	9606.ENSP00000283928	9606.ENSP00000316578	0	0	0	0	0	0.292	0	0.912	0.935
KAT6A	H3-3B	9606.ENSP00000265713	9606.ENSP00000254810	0	0	0	0	0.118	0.917	0	0.890	0.991
KAT6A	CREBBP	9606.ENSP00000265713	9606.ENSP00000262367	0	0	0	0	0.322	0.510	0	0.833	0.939
KAT6A	EP300	9606.ENSP00000265713	9606.ENSP00000263253	0	0	0	0	0.647	0.292	0.500	0.695	0.956
KAT6A	RUNX2	9606.ENSP00000265713	9606.ENSP00000360493	0	0	0	0	0.045	0.048	0	0.805	0.807
KAT6A	KMT2A	9606.ENSP00000265713	9606.ENSP00000436786	0	0	0	0.546	0.308	0.498	0	0.541	0.826
KAT6A	TP53	9606.ENSP00000265713	9606.ENSP00000269305	0	0	0	0	0	0.510	0.500	0.479	0.861
KAT6A	H3C8	9606.ENSP00000265713	9606.ENSP00000484638	0	0	0	0	0	0.917	0	0.091	0.922
KAT6A	H3C1	9606.ENSP00000265713	9606.ENSP00000480826	0	0	0	0	0	0.967	0	0.091	0.969
KAT6A	NCOA2	9606.ENSP00000265713	9606.ENSP00000399968	0	0	0	0	0.145	0.058	0.900	0.911	0.991
KAT6A	H3C13	9606.ENSP00000265713	9606.ENSP00000333277	0	0	0	0	0	0.917	0.400	0.890	0.994
KAT6A	KAT6B	9606.ENSP00000265713	9606.ENSP00000287239	0	0	0.051	0.937	0.172	0.233	0.900	0.982	0.998
KAT6B	H3-3B	9606.ENSP00000287239	9606.ENSP00000254810	0	0	0	0	0.044	0.917	0	0.730	0.977
KAT6B	KAT6A	9606.ENSP00000287239	9606.ENSP00000265713	0	0	0.051	0.937	0.172	0.233	0.900	0.982	0.998
KAT6B	RUNX2	9606.ENSP00000287239	9606.ENSP00000360493	0	0	0	0	0	0.294	0	0.765	0.827
KAT6B	H3C1	9606.ENSP00000287239	9606.ENSP00000480826	0	0	0	0	0	0.917	0	0.091	0.922
KAT6B	H3C8	9606.ENSP00000287239	9606.ENSP00000484638	0	0	0	0	0	0.917	0	0.091	0.922
KAT6B	H3C13	9606.ENSP00000287239	9606.ENSP00000333277	0	0	0	0	0	0.917	0.400	0.730	0.985
KDM2B	H3C13	9606.ENSP00000366271	9606.ENSP00000333277	0	0	0	0	0	0.414	0.400	0.600	0.847
KDM2B	BCOR	9606.ENSP00000366271	9606.ENSP00000367705	0	0	0	0	0.099	0.851	0	0.903	0.986
KDM2B	BCORL1	9606.ENSP00000366271	9606.ENSP00000437775	0	0	0	0	0.067	0.943	0	0.797	0.988
KDM4C	H3-3B	9606.ENSP00000370710	9606.ENSP00000254810	0	0	0	0	0	0.110	0.500	0.702	0.856
KDM4C	AR	9606.ENSP00000370710	9606.ENSP00000363822	0	0	0	0	0	0.132	0.500	0.625	0.823
KDM4C	HIF1A	9606.ENSP00000370710	9606.ENSP00000437955	0	0	0	0	0	0.292	0	0.937	0.953
KDM5A	ARID4B	9606.ENSP00000382688	9606.ENSP00000264183	0	0	0	0	0.515	0.094	0	0.735	0.873
KDM5A	RB1	9606.ENSP00000382688	9606.ENSP00000267163	0	0	0	0	0.049	0.785	0	0.763	0.947
KDM5A	NUP98	9606.ENSP00000382688	9606.ENSP00000316032	0	0	0	0	0.136	0	0	0.896	0.906
KDM5A	SUZ12	9606.ENSP00000382688	9606.ENSP00000316578	0	0	0	0	0.083	0.395	0	0.827	0.895
KDM5A	H3C13	9606.ENSP00000382688	9606.ENSP00000333277	0	0	0	0	0.067	0.440	0.400	0.629	0.868
KDM5A	HDAC1	9606.ENSP00000382688	9606.ENSP00000362649	0	0	0	0	0.063	0.677	0	0.772	0.925
KDM5A	EMSY	9606.ENSP00000382688	9606.ENSP00000433205	0	0	0	0	0.192	0.617	0	0.716	0.904
KDM5C	REST	9606.ENSP00000364550	9606.ENSP00000311816	0	0	0	0	0.056	0.332	0	0.794	0.859
KDM5C	H3C13	9606.ENSP00000364550	9606.ENSP00000333277	0	0	0	0	0.069	0.703	0.400	0.598	0.924
KDM5C	HDAC1	9606.ENSP00000364550	9606.ENSP00000362649	0	0	0	0	0.113	0.342	0	0.952	0.969
KDM5C	PBRM1	9606.ENSP00000364550	9606.ENSP00000386593	0	0	0	0	0.192	0.292	0	0.772	0.858
KDM5C	SETD2	9606.ENSP00000364550	9606.ENSP00000386759	0	0	0	0	0.147	0.154	0	0.856	0.887
KDM5C	KDM6A	9606.ENSP00000364550	9606.ENSP00000367203	0	0	0	0	0.213	0.228	0	0.883	0.923
KDM5D	DDX3X	9606.ENSP00000322408	9606.ENSP00000494040	0	0	0	0	0.106	0.171	0	0.760	0.807
KDM5D	AR	9606.ENSP00000322408	9606.ENSP00000363822	0	0	0	0	0	0.294	0	0.840	0.882
KDM6A	H3-3B	9606.ENSP00000367203	9606.ENSP00000254810	0	0	0	0	0.080	0.579	0.500	0.830	0.962
KDM6A	KMT2C	9606.ENSP00000367203	9606.ENSP00000262189	0	0	0	0	0.157	0.679	0.900	0.997	0.999
KDM6A	CREBBP	9606.ENSP00000367203	9606.ENSP00000262367	0	0	0	0	0.187	0.102	0	0.762	0.811
KDM6A	SETD1A	9606.ENSP00000367203	9606.ENSP00000262519	0	0	0	0	0.065	0.478	0	0.863	0.927
KDM6A	EP300	9606.ENSP00000367203	9606.ENSP00000263253	0	0	0	0	0.251	0.067	0.500	0.753	0.902
KDM6A	KMT2D	9606.ENSP00000367203	9606.ENSP00000301067	0	0	0	0	0.128	0.841	0.900	0.987	0.999
KDM6A	SUZ12	9606.ENSP00000367203	9606.ENSP00000316578	0	0	0	0	0.093	0.183	0.500	0.791	0.912
KDM6A	H3C13	9606.ENSP00000367203	9606.ENSP00000333277	0	0	0	0	0.068	0.579	0.500	0.804	0.956
KDM6A	EED	9606.ENSP00000367203	9606.ENSP00000338186	0	0	0	0	0.076	0.290	0.500	0.580	0.844
KDM6A	SMARCA4	9606.ENSP00000367203	9606.ENSP00000343896	0	0	0	0	0.074	0.381	0	0.757	0.848
KDM6A	DNMT1	9606.ENSP00000367203	9606.ENSP00000352516	0	0	0	0	0	0.045	0	0.828	0.829
KDM6A	KDM5C	9606.ENSP00000367203	9606.ENSP00000364550	0	0	0	0	0.213	0.228	0	0.883	0.923
KDM6A	ASXL1	9606.ENSP00000367203	9606.ENSP00000364839	0	0	0	0	0.060	0.380	0	0.729	0.828
KDM6A	H3C1	9606.ENSP00000367203	9606.ENSP00000480826	0	0	0	0	0.068	0.784	0	0.116	0.807
KDM6A	DDX3X	9606.ENSP00000367203	9606.ENSP00000494040	0	0	0	0	0.278	0.236	0	0.739	0.843
KDM6A	KMT2A	9606.ENSP00000367203	9606.ENSP00000436786	0	0	0	0	0.100	0.479	0	0.744	0.869
KDM6A	SETD2	9606.ENSP00000367203	9606.ENSP00000386759	0	0	0	0	0.369	0.269	0	0.780	0.890
KDR	PIK3R2	9606.ENSP00000263923	9606.ENSP00000222254	0	0	0	0	0	0.153	0.900	0.254	0.931
KDR	FLT4	9606.ENSP00000263923	9606.ENSP00000261937	0	0	0.056	0.906	0.164	0.639	0	0.983	0.994
KDR	PIK3R3	9606.ENSP00000263923	9606.ENSP00000262741	0	0	0	0	0.045	0.153	0.900	0.158	0.922
KDR	EGFR	9606.ENSP00000263923	9606.ENSP00000275493	0	0	0	0.564	0.075	0.139	0	0.774	0.805
KDR	PTPRC	9606.ENSP00000263923	9606.ENSP00000411355	0	0	0	0	0.060	0.051	0	0.804	0.809
KDR	MET	9606.ENSP00000263923	9606.ENSP00000317272	0	0	0	0.568	0	0.345	0	0.782	0.851
KDR	CSF1	9606.ENSP00000263923	9606.ENSP00000327513	0	0	0	0	0.061	0.093	0.650	0.618	0.871
KDR	IGF1	9606.ENSP00000263923	9606.ENSP00000376637	0	0	0	0	0.074	0	0.650	0.758	0.914
KDR	PLCG2	9606.ENSP00000263923	9606.ENSP00000482457	0	0	0	0	0.045	0.094	0.900	0.169	0.918
KDR	PTPN11	9606.ENSP00000263923	9606.ENSP00000489597	0	0	0	0	0.060	0.402	0	0.867	0.919
KDR	PIK3CD	9606.ENSP00000263923	9606.ENSP00000366563	0	0	0	0	0	0.098	0.900	0.272	0.928
KDR	PIK3CB	9606.ENSP00000263923	9606.ENSP00000501150	0	0	0	0	0	0.098	0.900	0.315	0.932
KDR	FGF10	9606.ENSP00000263923	9606.ENSP00000264664	0	0	0	0	0.126	0.168	0.650	0.770	0.933
KDR	PIK3R1	9606.ENSP00000263923	9606.ENSP00000428056	0	0	0	0	0.049	0.153	0.900	0.377	0.943
KDR	CDC42	9606.ENSP00000263923	9606.ENSP00000497733	0	0	0	0	0.055	0.071	0.900	0.449	0.945
KDR	COL18A1	9606.ENSP00000263923	9606.ENSP00000352798	0	0	0	0	0.080	0.292	0	0.944	0.960
KDR	PIK3CA	9606.ENSP00000263923	9606.ENSP00000263967	0	0	0	0	0	0.098	0.900	0.754	0.975
KDR	FLT1	9606.ENSP00000263923	9606.ENSP00000282397	0	0	0.070	0.906	0.329	0.510	0	0.984	0.994
KDR	CTNNB1	9606.ENSP00000263923	9606.ENSP00000495360	0	0	0	0	0.095	0	0.800	0.981	0.996
KEAP1	PALB2	9606.ENSP00000377245	9606.ENSP00000261584	0	0	0	0	0.074	0.847	0.400	0.961	0.996
KEAP1	CUL3	9606.ENSP00000377245	9606.ENSP00000264414	0	0	0	0	0.044	0.999	0.900	0.998	0.999
KEAP1	TP53	9606.ENSP00000377245	9606.ENSP00000269305	0	0	0	0	0.093	0	0	0.799	0.810
KEAP1	NQO1	9606.ENSP00000377245	9606.ENSP00000319788	0	0	0	0	0.044	0	0	0.953	0.953
KEAP1	AMER1	9606.ENSP00000377245	9606.ENSP00000364003	0	0	0	0	0.049	0.629	0.400	0.909	0.978
KEAP1	BCL2	9606.ENSP00000377245	9606.ENSP00000381185	0	0	0	0	0	0.292	0	0.892	0.920
KIAA1549	BRAF	9606.ENSP00000416040	9606.ENSP00000419060	0	0	0	0	0.048	0.092	0.500	0.907	0.954
KIT	PIK3R2	9606.ENSP00000288135	9606.ENSP00000222254	0	0	0	0	0	0.605	0.900	0.256	0.968
KIT	PIK3R3	9606.ENSP00000288135	9606.ENSP00000262741	0	0	0	0	0.054	0.228	0.900	0.183	0.932
KIT	PIK3CA	9606.ENSP00000288135	9606.ENSP00000263967	0	0	0	0	0.106	0.325	0.900	0.809	0.986
KIT	FGF10	9606.ENSP00000288135	9606.ENSP00000264664	0	0	0	0	0.062	0.168	0.650	0.542	0.858
KIT	TP53	9606.ENSP00000288135	9606.ENSP00000269305	0	0	0	0	0.046	0.239	0	0.767	0.816
KIT	BCR	9606.ENSP00000288135	9606.ENSP00000303507	0	0	0	0	0.057	0.677	0	0.418	0.807
KIT	CXCR4	9606.ENSP00000288135	9606.ENSP00000386884	0	0	0	0	0.097	0	0	0.823	0.833
KIT	IGF1	9606.ENSP00000288135	9606.ENSP00000376637	0	0	0	0	0.068	0	0.650	0.606	0.860
KIT	PTPRC	9606.ENSP00000288135	9606.ENSP00000411355	0	0	0	0	0.235	0.051	0	0.881	0.906
KIT	CSF1	9606.ENSP00000288135	9606.ENSP00000327513	0	0	0	0	0.074	0.125	0.650	0.746	0.918
KIT	LYN	9606.ENSP00000288135	9606.ENSP00000428924	0	0	0	0.689	0.060	0.606	0.500	0.659	0.928
KIT	PIK3CD	9606.ENSP00000288135	9606.ENSP00000366563	0	0	0	0	0.106	0.087	0.900	0.353	0.940
KIT	STAT5A	9606.ENSP00000288135	9606.ENSP00000341208	0	0	0	0	0.075	0.079	0.900	0.583	0.959
KIT	PIK3CB	9606.ENSP00000288135	9606.ENSP00000501150	0	0	0	0	0.108	0.087	0.900	0.580	0.961
KIT	STAT5B	9606.ENSP00000288135	9606.ENSP00000293328	0	0	0	0	0.101	0.320	0.900	0.583	0.971
KIT	PTPN11	9606.ENSP00000288135	9606.ENSP00000489597	0	0	0	0	0.140	0.596	0.900	0.754	0.990
KIT	PIK3R1	9606.ENSP00000288135	9606.ENSP00000428056	0	0	0	0	0.056	0.870	0.900	0.668	0.995
KLK2	AR	9606.ENSP00000313581	9606.ENSP00000363822	0	0	0	0	0.042	0.166	0.500	0.823	0.919
KMT2A	MGA	9606.ENSP00000436786	9606.ENSP00000219905	0	0	0	0	0.162	0.044	0.900	0	0.912
KMT2A	H3-3B	9606.ENSP00000436786	9606.ENSP00000254810	0	0	0	0	0.066	0.934	0.500	0.592	0.985
KMT2A	KMT2C	9606.ENSP00000436786	9606.ENSP00000262189	0	0	0	0.548	0.288	0.326	0.400	0.838	0.947
KMT2A	CREBBP	9606.ENSP00000436786	9606.ENSP00000262367	0	0	0	0	0.151	0.981	0	0.727	0.995
KMT2A	SETD1A	9606.ENSP00000436786	9606.ENSP00000262519	0	0	0	0.557	0.153	0.318	0.400	0.831	0.933
KMT2A	ELL	9606.ENSP00000436786	9606.ENSP00000262809	0	0	0	0	0	0.292	0	0.792	0.846
KMT2A	EP300	9606.ENSP00000436786	9606.ENSP00000263253	0	0	0	0	0.288	0.125	0.500	0.521	0.831
KMT2A	BRD4	9606.ENSP00000436786	9606.ENSP00000263377	0	0	0	0	0.170	0.631	0	0.611	0.870
KMT2A	AFF4	9606.ENSP00000436786	9606.ENSP00000265343	0	0	0	0	0.123	0.552	0	0.823	0.924
KMT2A	KAT6A	9606.ENSP00000436786	9606.ENSP00000265713	0	0	0	0.546	0.308	0.498	0	0.541	0.826
KMT2A	KMT2D	9606.ENSP00000436786	9606.ENSP00000301067	0	0	0	0.548	0.149	0.335	0.900	0.954	0.997
KMT2A	MLLT10	9606.ENSP00000436786	9606.ENSP00000307411	0	0	0	0	0.082	0	0	0.845	0.851
KMT2A	PHF6	9606.ENSP00000436786	9606.ENSP00000329097	0	0	0	0.585	0.049	0	0	0.838	0.839
KMT2A	H3C13	9606.ENSP00000436786	9606.ENSP00000333277	0	0	0	0	0.070	0.911	0.500	0.589	0.980
KMT2A	MEN1	9606.ENSP00000436786	9606.ENSP00000337088	0	0	0	0	0.063	0.911	0.800	0.990	0.999
KMT2A	SMARCB1	9606.ENSP00000436786	9606.ENSP00000340883	0	0	0	0	0.084	0.418	0	0.829	0.901
KMT2A	HOXA9	9606.ENSP00000436786	9606.ENSP00000343619	0	0	0	0	0	0.742	0	0.608	0.894
KMT2A	MAX	9606.ENSP00000436786	9606.ENSP00000351490	0	0	0	0	0.078	0	0.900	0.060	0.905
KMT2A	H2AC17	9606.ENSP00000436786	9606.ENSP00000352627	0	0	0	0	0	0.910	0	0	0.910
KMT2A	AFDN	9606.ENSP00000436786	9606.ENSP00000355771	0	0	0	0	0.044	0.292	0	0.817	0.865
KMT2A	HDAC1	9606.ENSP00000436786	9606.ENSP00000362649	0.042	0	0	0	0.072	0.420	0.500	0.373	0.809
KMT2A	KDM6A	9606.ENSP00000436786	9606.ENSP00000367203	0	0	0	0	0.100	0.479	0	0.744	0.869
KMT2A	MLLT3	9606.ENSP00000436786	9606.ENSP00000369695	0	0	0	0	0.045	0.524	0	0.963	0.982
KMT2A	AFF1	9606.ENSP00000436786	9606.ENSP00000378578	0	0	0	0	0.123	0.552	0	0.978	0.990
KMT2A	DOT1L	9606.ENSP00000436786	9606.ENSP00000381657	0	0	0	0	0.089	0.548	0	0.763	0.894
KMT2A	KMT2B	9606.ENSP00000436786	9606.ENSP00000398837	0	0	0	0.778	0.097	0.544	0.540	0.876	0.973
KMT2A	SETD1B	9606.ENSP00000436786	9606.ENSP00000474253	0	0	0	0.555	0.152	0.318	0.400	0.624	0.852
KMT2A	H3C8	9606.ENSP00000436786	9606.ENSP00000484638	0	0	0	0	0.058	0.911	0	0.072	0.915
KMT2A	H3C1	9606.ENSP00000436786	9606.ENSP00000480826	0	0	0	0	0.058	0.987	0	0.072	0.988
KMT2B	KMT2C	9606.ENSP00000398837	9606.ENSP00000262189	0	0	0	0.552	0.137	0.336	0.400	0.941	0.977
KMT2B	SETD1A	9606.ENSP00000398837	9606.ENSP00000262519	0	0	0	0.556	0.442	0.318	0.400	0.311	0.821
KMT2B	KMT2D	9606.ENSP00000398837	9606.ENSP00000301067	0	0	0	0.552	0.257	0.338	0.400	0.849	0.949
KMT2B	MEN1	9606.ENSP00000398837	9606.ENSP00000337088	0	0	0	0	0.139	0.792	0.540	0.660	0.968
KMT2B	SETD1B	9606.ENSP00000398837	9606.ENSP00000474253	0	0	0	0.554	0.321	0.320	0.400	0.842	0.950
KMT2B	KMT2A	9606.ENSP00000398837	9606.ENSP00000436786	0	0	0	0.778	0.097	0.544	0.540	0.876	0.973
KMT2C	FOXA1	9606.ENSP00000262189	9606.ENSP00000250448	0	0	0	0	0	0.292	0	0.764	0.825
KMT2C	H3-3B	9606.ENSP00000262189	9606.ENSP00000254810	0	0	0	0	0.067	0.280	0.500	0.787	0.919
KMT2C	CREBBP	9606.ENSP00000262189	9606.ENSP00000262367	0	0	0	0	0.249	0.110	0	0.755	0.822
KMT2C	ARID1A	9606.ENSP00000262189	9606.ENSP00000320485	0	0	0	0	0.214	0	0	0.784	0.823
KMT2C	NCOR1	9606.ENSP00000262189	9606.ENSP00000268712	0	0	0	0	0.309	0.063	0.500	0.537	0.830
KMT2C	H2AC17	9606.ENSP00000262189	9606.ENSP00000352627	0	0	0	0	0	0.841	0	0.056	0.843
KMT2C	TP53	9606.ENSP00000262189	9606.ENSP00000269305	0	0	0	0	0	0.292	0	0.808	0.858
KMT2C	EP300	9606.ENSP00000262189	9606.ENSP00000263253	0	0	0	0	0.382	0.110	0.500	0.627	0.884
KMT2C	KMT2A	9606.ENSP00000262189	9606.ENSP00000436786	0	0	0	0.548	0.288	0.326	0.400	0.838	0.947
KMT2C	SETD1B	9606.ENSP00000262189	9606.ENSP00000474253	0	0	0	0.552	0.142	0.319	0.400	0.940	0.976
KMT2C	KMT2B	9606.ENSP00000262189	9606.ENSP00000398837	0	0	0	0.552	0.137	0.336	0.400	0.941	0.977
KMT2C	H3C13	9606.ENSP00000262189	9606.ENSP00000333277	0	0	0	0	0.062	0.847	0.500	0.786	0.982
KMT2C	SETD1A	9606.ENSP00000262189	9606.ENSP00000262519	0	0	0	0.554	0.136	0.320	0.400	0.971	0.988
KMT2C	KMT2D	9606.ENSP00000262189	9606.ENSP00000301067	0	0	0	0.753	0.124	0.320	0.900	0.971	0.998
KMT2C	KDM6A	9606.ENSP00000262189	9606.ENSP00000367203	0	0	0	0	0.157	0.679	0.900	0.997	0.999
KMT2D	H3-3B	9606.ENSP00000301067	9606.ENSP00000254810	0	0	0	0	0.068	0.268	0.500	0.558	0.829
KMT2D	KMT2C	9606.ENSP00000301067	9606.ENSP00000262189	0	0	0	0.753	0.124	0.320	0.900	0.971	0.998
KMT2D	CREBBP	9606.ENSP00000301067	9606.ENSP00000262367	0	0	0	0	0.236	0.110	0	0.824	0.870
KMT2D	EP300	9606.ENSP00000301067	9606.ENSP00000263253	0	0	0	0	0.363	0.110	0.500	0.677	0.896
KMT2D	TP53	9606.ENSP00000301067	9606.ENSP00000269305	0	0	0	0	0.044	0.165	0	0.782	0.810
KMT2D	ARID1A	9606.ENSP00000301067	9606.ENSP00000320485	0	0	0	0	0.292	0	0	0.747	0.813
KMT2D	ESR1	9606.ENSP00000301067	9606.ENSP00000405330	0	0	0	0	0	0.634	0	0.535	0.822
KMT2D	H3C13	9606.ENSP00000301067	9606.ENSP00000333277	0	0	0	0	0.068	0.268	0.500	0.553	0.827
KMT2D	SETD1B	9606.ENSP00000301067	9606.ENSP00000474253	0	0	0	0.552	0.168	0.321	0.400	0.729	0.896
KMT2D	CTNNB1	9606.ENSP00000301067	9606.ENSP00000495360	0	0	0	0	0.044	0.510	0.800	0.401	0.936
KMT2D	KMT2B	9606.ENSP00000301067	9606.ENSP00000398837	0	0	0	0.552	0.257	0.338	0.400	0.849	0.949
KMT2D	MEN1	9606.ENSP00000301067	9606.ENSP00000337088	0	0	0	0	0.064	0.533	0.800	0.626	0.963
KMT2D	KMT2A	9606.ENSP00000301067	9606.ENSP00000436786	0	0	0	0.548	0.149	0.335	0.900	0.954	0.997
KMT2D	KDM6A	9606.ENSP00000301067	9606.ENSP00000367203	0	0	0	0	0.128	0.841	0.900	0.987	0.999
KMT5A	TP53	9606.ENSP00000384629	9606.ENSP00000269305	0	0	0	0	0.089	0.357	0.750	0.493	0.916
KMT5A	H3C13	9606.ENSP00000384629	9606.ENSP00000333277	0	0	0	0	0.068	0.911	0.400	0.522	0.973
KMT5A	H2AC17	9606.ENSP00000384629	9606.ENSP00000352627	0	0	0	0	0	0.910	0	0.047	0.911
KMT5A	H3C8	9606.ENSP00000384629	9606.ENSP00000484638	0	0	0	0	0.070	0.911	0	0.072	0.917
KMT5A	H3C1	9606.ENSP00000384629	9606.ENSP00000480826	0	0	0	0	0.068	0.928	0	0.072	0.932
KNL1	NUF2	9606.ENSP00000335463	9606.ENSP00000271452	0	0	0	0	0.513	0.827	0.540	0.823	0.992
KNL1	BUB1B	9606.ENSP00000335463	9606.ENSP00000287598	0	0	0	0	0.403	0.977	0.500	0.984	0.999
KSR2	BRAF	9606.ENSP00000389715	9606.ENSP00000419060	0	0	0	0.646	0	0.379	0.500	0.476	0.823
LATS1	AJUBA	9606.ENSP00000437550	9606.ENSP00000262713	0	0	0	0	0	0.431	0.900	0.580	0.974
LATS1	NF2	9606.ENSP00000437550	9606.ENSP00000344666	0	0	0	0	0.045	0.974	0	0.908	0.997
LATS1	PTPN14	9606.ENSP00000437550	9606.ENSP00000355923	0	0	0	0	0.056	0.545	0	0.616	0.820
LATS1	LATS2	9606.ENSP00000437550	9606.ENSP00000372035	0	0	0.069	0.935	0.042	0.780	0.900	0.528	0.989
LATS1	WWTR1	9606.ENSP00000437550	9606.ENSP00000419465	0	0	0	0	0.043	0.911	0.900	0.758	0.997
LATS2	AJUBA	9606.ENSP00000372035	9606.ENSP00000262713	0	0	0	0	0.067	0.745	0.900	0.381	0.983
LATS2	NF2	9606.ENSP00000372035	9606.ENSP00000344666	0	0	0	0	0	0.980	0	0.833	0.996
LATS2	LATS1	9606.ENSP00000372035	9606.ENSP00000437550	0	0	0.069	0.935	0.042	0.780	0.900	0.528	0.989
LATS2	WWTR1	9606.ENSP00000372035	9606.ENSP00000419465	0	0	0	0	0.065	0.653	0.900	0.710	0.989
LIFR	PIK3R2	9606.ENSP00000398368	9606.ENSP00000222254	0	0	0	0	0	0	0.900	0	0.900
LIFR	PIK3R3	9606.ENSP00000398368	9606.ENSP00000262741	0	0	0	0	0.060	0	0.900	0.109	0.908
LIFR	PIK3CA	9606.ENSP00000398368	9606.ENSP00000263967	0	0	0	0	0.048	0	0.900	0.183	0.915
LIFR	PIK3CD	9606.ENSP00000398368	9606.ENSP00000366563	0	0	0	0	0	0	0.900	0.155	0.911
LIFR	IL6ST	9606.ENSP00000398368	9606.ENSP00000370698	0	0	0	0.600	0.086	0.510	0.900	0.960	0.997
LIFR	PIK3CB	9606.ENSP00000398368	9606.ENSP00000501150	0	0	0	0	0	0	0.900	0.077	0.903
LIFR	PIK3R1	9606.ENSP00000398368	9606.ENSP00000428056	0	0	0	0	0.064	0	0.900	0.127	0.911
LIFR	JAK3	9606.ENSP00000398368	9606.ENSP00000432511	0	0	0	0	0	0	0.900	0.460	0.943
LMNA	XBP1	9606.ENSP00000357283	9606.ENSP00000216037	0	0	0	0	0.074	0	0.750	0.251	0.811
LMNA	RB1	9606.ENSP00000357283	9606.ENSP00000267163	0	0	0	0	0.059	0.780	0	0.189	0.817
LRP5	DKK4	9606.ENSP00000294304	9606.ENSP00000220812	0	0	0	0	0	0.393	0.900	0.996	0.999
LRP5	APC	9606.ENSP00000294304	9606.ENSP00000257430	0	0	0	0	0	0	0.720	0.668	0.903
LRP5	LRP6	9606.ENSP00000294304	9606.ENSP00000261349	0	0	0.053	0.974	0.081	0.354	0.900	0.986	0.999
LRP5	AXIN1	9606.ENSP00000294304	9606.ENSP00000262320	0	0	0	0	0.074	0.658	0.500	0.999	0.999
LRP5	DKK2	9606.ENSP00000294304	9606.ENSP00000285311	0	0	0	0	0	0.183	0.900	0.997	0.999
LRP5	RUNX2	9606.ENSP00000294304	9606.ENSP00000360493	0	0	0	0	0	0	0	0.830	0.830
LRP5	AXIN2	9606.ENSP00000294304	9606.ENSP00000302625	0	0	0	0	0	0.126	0	0.840	0.854
LRP5	RNF43	9606.ENSP00000294304	9606.ENSP00000463069	0	0	0	0	0.042	0	0.500	0.772	0.881
LRP5	CTNNB1	9606.ENSP00000294304	9606.ENSP00000495360	0	0	0	0	0	0.325	0.720	0.964	0.992
LRP6	DKK4	9606.ENSP00000261349	9606.ENSP00000220812	0	0	0	0	0	0.133	0.900	0.994	0.999
LRP6	APC	9606.ENSP00000261349	9606.ENSP00000257430	0	0	0	0	0.042	0	0.720	0.578	0.877
LRP6	PTK7	9606.ENSP00000261349	9606.ENSP00000418754	0	0	0	0	0.087	0.057	0	0.807	0.819
LRP6	LRRK2	9606.ENSP00000261349	9606.ENSP00000298910	0	0	0	0	0	0.474	0.720	0.154	0.864
LRP6	CTNNB1	9606.ENSP00000261349	9606.ENSP00000495360	0	0	0	0	0	0.532	0.720	0.948	0.992
LRP6	AXIN1	9606.ENSP00000261349	9606.ENSP00000262320	0	0	0	0	0	0.851	0.500	0.999	0.999
LRP6	DKK2	9606.ENSP00000261349	9606.ENSP00000285311	0	0	0	0	0	0.471	0.900	0.997	0.999
LRP6	LRP5	9606.ENSP00000261349	9606.ENSP00000294304	0	0	0.053	0.974	0.081	0.354	0.900	0.986	0.999
LRRK2	AGO2	9606.ENSP00000298910	9606.ENSP00000220592	0	0	0	0	0	0.524	0	0.778	0.890
LRRK2	LRP6	9606.ENSP00000298910	9606.ENSP00000261349	0	0	0	0	0	0.474	0.720	0.154	0.864
LRRK2	SH3GL1	9606.ENSP00000298910	9606.ENSP00000269886	0	0	0	0	0	0.524	0	0.740	0.871
LRRK2	ATXN2	9606.ENSP00000298910	9606.ENSP00000446576	0	0	0	0	0	0.314	0	0.770	0.835
LRRK2	CTNNB1	9606.ENSP00000298910	9606.ENSP00000495360	0	0	0	0	0.074	0.334	0.720	0.432	0.889
LYN	PAG1	9606.ENSP00000428924	9606.ENSP00000220597	0	0	0	0	0.122	0.679	0	0.874	0.961
LYN	PIK3R2	9606.ENSP00000428924	9606.ENSP00000222254	0	0	0	0	0	0.165	0.900	0.229	0.930
LYN	PIK3R3	9606.ENSP00000428924	9606.ENSP00000262741	0	0	0	0	0	0.124	0.900	0.178	0.921
LYN	PIK3CA	9606.ENSP00000428924	9606.ENSP00000263967	0	0	0	0	0.055	0.069	0.900	0.353	0.935
LYN	EGFR	9606.ENSP00000428924	9606.ENSP00000275493	0	0	0	0.674	0.042	0.830	0	0.208	0.859
LYN	KIT	9606.ENSP00000428924	9606.ENSP00000288135	0	0	0	0.689	0.060	0.606	0.500	0.659	0.928
LYN	STAT5A	9606.ENSP00000428924	9606.ENSP00000341208	0	0	0	0	0.075	0.096	0.500	0.700	0.858
LYN	SYK	9606.ENSP00000428924	9606.ENSP00000364898	0	0	0.094	0.716	0.367	0.339	0.900	0.986	0.999
LYN	IRS2	9606.ENSP00000428924	9606.ENSP00000365016	0	0	0	0	0.044	0.098	0.800	0.141	0.832
LYN	PIK3CD	9606.ENSP00000428924	9606.ENSP00000366563	0	0	0	0	0.135	0.069	0.900	0.526	0.956
LYN	CD79B	9606.ENSP00000428924	9606.ENSP00000376544	0	0	0	0	0.108	0	0.900	0.975	0.997
LYN	ITK	9606.ENSP00000428924	9606.ENSP00000398655	0	0	0.106	0.853	0.075	0	0.900	0.106	0.916
LYN	INPP5D	9606.ENSP00000428924	9606.ENSP00000405338	0	0	0	0	0.199	0.328	0.900	0.684	0.980
LYN	PTPRC	9606.ENSP00000428924	9606.ENSP00000411355	0	0	0	0	0.297	0.333	0.900	0.647	0.981
LYN	PIK3R1	9606.ENSP00000428924	9606.ENSP00000428056	0	0	0	0	0.044	0.207	0.900	0.581	0.964
LYN	PTPN11	9606.ENSP00000428924	9606.ENSP00000489597	0	0	0	0	0.103	0.097	0.500	0.579	0.807
LYN	PRKCB	9606.ENSP00000428924	9606.ENSP00000496129	0	0	0	0.578	0.100	0.327	0.900	0.238	0.947
LYN	PIK3CB	9606.ENSP00000428924	9606.ENSP00000501150	0	0	0	0	0.057	0.069	0.900	0.568	0.957
LYN	PLCG2	9606.ENSP00000428924	9606.ENSP00000482457	0	0	0	0.563	0.263	0.516	0.400	0.839	0.961
LYN	BTK	9606.ENSP00000428924	9606.ENSP00000483570	0	0	0.098	0.857	0.175	0.292	0.900	0.961	0.997
MAGED1	XIAP	9606.ENSP00000364847	9606.ENSP00000360242	0	0	0	0	0.068	0.519	0	0.834	0.919
MAGI2	CTNNB1	9606.ENSP00000346151	9606.ENSP00000495360	0	0	0	0	0	0.359	0.900	0.809	0.986
MAGI2	PTEN	9606.ENSP00000346151	9606.ENSP00000361021	0	0	0	0	0	0.523	0.900	0.974	0.998
MAP3K1	TRAF2	9606.ENSP00000382423	9606.ENSP00000247668	0	0	0	0	0.067	0.806	0.900	0.250	0.984
MAP3K1	AXIN1	9606.ENSP00000382423	9606.ENSP00000262320	0	0	0	0	0.049	0.788	0	0.720	0.938
MAP3K1	TP53	9606.ENSP00000382423	9606.ENSP00000269305	0	0	0	0	0.085	0.510	0	0.727	0.866
MAP3K1	PAK1	9606.ENSP00000382423	9606.ENSP00000278568	0	0	0	0.633	0.054	0.395	0.750	0.146	0.861
MAP3K1	RHOA	9606.ENSP00000382423	9606.ENSP00000400175	0	0	0	0	0.128	0.759	0	0.391	0.861
MAP3K1	CDC42	9606.ENSP00000382423	9606.ENSP00000497733	0	0	0	0	0.112	0.128	0.900	0.629	0.967
MAP3K14	NFKBIA	9606.ENSP00000482657	9606.ENSP00000216797	0	0	0	0	0.065	0.295	0	0.789	0.849
MAP3K14	TRAF2	9606.ENSP00000482657	9606.ENSP00000247668	0	0	0	0	0.064	0.858	0.900	0.720	0.995
MAP3K14	PAK1	9606.ENSP00000482657	9606.ENSP00000278568	0	0	0	0.604	0	0.143	0.900	0.115	0.917
MAP3K14	MAP3K7	9606.ENSP00000482657	9606.ENSP00000358335	0	0	0	0.568	0.050	0.524	0.900	0.204	0.959
MAP3K7	NFKBIA	9606.ENSP00000358335	9606.ENSP00000216797	0	0	0	0	0	0.331	0.500	0.600	0.855
MAP3K7	TRAF2	9606.ENSP00000358335	9606.ENSP00000247668	0	0	0	0	0.106	0.813	0.900	0.398	0.988
MAP3K7	SMAD3	9606.ENSP00000358335	9606.ENSP00000332973	0	0	0	0	0.068	0.418	0	0.665	0.803
MAP3K7	CARD11	9606.ENSP00000358335	9606.ENSP00000380150	0	0	0	0	0.060	0.644	0.500	0.589	0.922
MAP3K7	XIAP	9606.ENSP00000358335	9606.ENSP00000360242	0	0	0	0	0.058	0.663	0.500	0.731	0.951
MAP3K7	MAP3K14	9606.ENSP00000358335	9606.ENSP00000482657	0	0	0	0.568	0.050	0.524	0.900	0.204	0.959
MAX	MGA	9606.ENSP00000351490	9606.ENSP00000219905	0	0	0	0	0.042	0.782	0.900	0.828	0.995
MAX	MYCN	9606.ENSP00000351490	9606.ENSP00000281043	0	0	0	0.696	0	0.894	0	0.964	0.996
MAX	EP400	9606.ENSP00000351490	9606.ENSP00000374212	0	0	0	0	0.060	0.693	0	0.423	0.819
MAX	TRRAP	9606.ENSP00000351490	9606.ENSP00000352925	0	0	0	0	0.054	0.784	0	0.417	0.871
MAX	KMT2A	9606.ENSP00000351490	9606.ENSP00000436786	0	0	0	0	0.078	0	0.900	0.060	0.905
MBD4	MLH1	9606.ENSP00000249910	9606.ENSP00000231790	0	0	0	0	0.049	0.589	0	0.921	0.966
MBD4	DNMT3A	9606.ENSP00000249910	9606.ENSP00000264709	0	0	0	0	0.065	0.067	0	0.896	0.901
MBD4	DNMT1	9606.ENSP00000249910	9606.ENSP00000352516	0	0	0	0	0.049	0	0	0.925	0.925
MECOM	RPL22	9606.ENSP00000264674	9606.ENSP00000346088	0	0	0	0	0	0	0	0.801	0.801
MECOM	SMAD3	9606.ENSP00000264674	9606.ENSP00000332973	0	0	0	0	0.042	0.523	0	0.715	0.858
MECOM	HDAC1	9606.ENSP00000264674	9606.ENSP00000362649	0	0	0	0	0	0.633	0.900	0.222	0.968
MED12	EP300	9606.ENSP00000363193	9606.ENSP00000263253	0	0	0	0	0.230	0	0.500	0.535	0.805
MED12	CTNNB1	9606.ENSP00000363193	9606.ENSP00000495360	0	0	0	0	0.042	0.091	0	0.846	0.854
MEF2C	EP300	9606.ENSP00000340874	9606.ENSP00000263253	0	0	0	0	0.044	0.525	0	0.607	0.806
MEF2C	HDAC1	9606.ENSP00000340874	9606.ENSP00000362649	0	0	0	0	0.053	0.099	0	0.855	0.865
MEF2C	CTNNB1	9606.ENSP00000340874	9606.ENSP00000495360	0	0	0	0	0.055	0	0.500	0.882	0.939
MEF2D	EP300	9606.ENSP00000271555	9606.ENSP00000263253	0	0	0	0	0.049	0.525	0	0.845	0.923
MEF2D	NFATC2	9606.ENSP00000271555	9606.ENSP00000379330	0	0	0	0	0.153	0.292	0.900	0.295	0.952
MEN1	FANCD2	9606.ENSP00000337088	9606.ENSP00000287647	0	0	0	0	0.049	0.292	0	0.882	0.913
MEN1	KMT2D	9606.ENSP00000337088	9606.ENSP00000301067	0	0	0	0	0.064	0.533	0.800	0.626	0.963
MEN1	SMAD3	9606.ENSP00000337088	9606.ENSP00000332973	0	0	0	0	0.078	0.294	0.500	0.954	0.983
MEN1	ATRX	9606.ENSP00000337088	9606.ENSP00000362441	0	0	0	0	0.091	0.295	0	0.800	0.861
MEN1	ESR1	9606.ENSP00000337088	9606.ENSP00000405330	0	0	0	0	0	0.304	0	0.894	0.923
MEN1	KMT2B	9606.ENSP00000337088	9606.ENSP00000398837	0	0	0	0	0.139	0.792	0.540	0.660	0.968
MEN1	CTNNB1	9606.ENSP00000337088	9606.ENSP00000495360	0	0	0	0	0.056	0.625	0.800	0.733	0.978
MEN1	KMT2A	9606.ENSP00000337088	9606.ENSP00000436786	0	0	0	0	0.063	0.911	0.800	0.990	0.999
MET	CDH1	9606.ENSP00000317272	9606.ENSP00000261769	0	0	0	0	0.050	0.311	0	0.943	0.959
MET	PIK3R3	9606.ENSP00000317272	9606.ENSP00000262741	0	0	0	0	0	0.197	0.650	0.490	0.844
MET	KDR	9606.ENSP00000317272	9606.ENSP00000263923	0	0	0	0.568	0	0.345	0	0.782	0.851
MET	PIK3CA	9606.ENSP00000317272	9606.ENSP00000263967	0	0	0	0	0.042	0.069	0.900	0.617	0.961
MET	FGF10	9606.ENSP00000317272	9606.ENSP00000264664	0	0	0	0	0.067	0	0.650	0.667	0.881
MET	TP53	9606.ENSP00000317272	9606.ENSP00000269305	0	0	0	0	0	0.189	0	0.769	0.804
MET	ERBB2	9606.ENSP00000317272	9606.ENSP00000269571	0	0	0	0.581	0.072	0.617	0	0.604	0.847
MET	EGFR	9606.ENSP00000317272	9606.ENSP00000275493	0	0	0	0.582	0.250	0.806	0	0.978	0.996
MET	PIK3R1	9606.ENSP00000317272	9606.ENSP00000428056	0	0	0	0	0	0.197	0.650	0.582	0.872
MET	IGF1	9606.ENSP00000317272	9606.ENSP00000376637	0	0	0	0	0	0.063	0.650	0.744	0.908
MET	PLCG2	9606.ENSP00000317272	9606.ENSP00000482457	0	0	0	0	0.063	0.152	0.900	0.068	0.916
MET	PIK3CD	9606.ENSP00000317272	9606.ENSP00000366563	0	0	0	0	0	0.069	0.900	0.232	0.922
MET	PIK3CB	9606.ENSP00000317272	9606.ENSP00000501150	0	0	0	0	0.042	0.069	0.900	0.265	0.925
MET	PTPN11	9606.ENSP00000317272	9606.ENSP00000489597	0	0	0	0	0.049	0.407	0.400	0.810	0.927
MET	CTNNB1	9606.ENSP00000317272	9606.ENSP00000495360	0	0	0	0	0.042	0.364	0.900	0.792	0.985
MGA	KMT2A	9606.ENSP00000219905	9606.ENSP00000436786	0	0	0	0	0.162	0.044	0.900	0	0.912
MGA	MAX	9606.ENSP00000219905	9606.ENSP00000351490	0	0	0	0	0.042	0.782	0.900	0.828	0.995
MITF	EP300	9606.ENSP00000391803	9606.ENSP00000263253	0	0	0	0	0	0.294	0	0.834	0.877
MITF	TFE3	9606.ENSP00000391803	9606.ENSP00000314129	0	0	0.056	0.918	0	0.832	0.800	0.905	0.996
MITF	CTNNB1	9606.ENSP00000391803	9606.ENSP00000495360	0	0	0	0	0.048	0	0	0.812	0.813
MKI67	BUB1B	9606.ENSP00000357643	9606.ENSP00000287598	0	0	0	0	0.863	0.292	0	0.359	0.932
MKI67	GTSE1	9606.ENSP00000357643	9606.ENSP00000415430	0	0	0	0	0.766	0	0	0.320	0.834
MKI67	TOP2A	9606.ENSP00000357643	9606.ENSP00000411532	0	0	0	0	0.957	0	0	0.845	0.993
MKNK1	EIF4E	9606.ENSP00000498083	9606.ENSP00000425561	0	0	0	0	0	0.357	0	0.947	0.965
MLH1	ERCC1	9606.ENSP00000231790	9606.ENSP00000013807	0	0	0	0	0.049	0.071	0.540	0.724	0.873
MLH1	RECQL4	9606.ENSP00000231790	9606.ENSP00000482313	0.045	0	0	0	0.142	0.509	0	0.591	0.813
MLH1	RAD51C	9606.ENSP00000231790	9606.ENSP00000336701	0.057	0	0	0	0.085	0.151	0	0.786	0.822
MLH1	ERCC5	9606.ENSP00000231790	9606.ENSP00000498881	0	0	0	0	0.123	0.183	0.540	0.527	0.823
MLH1	MRE11	9606.ENSP00000231790	9606.ENSP00000325863	0.042	0	0	0	0.157	0.321	0	0.715	0.823
MLH1	ERCC3	9606.ENSP00000231790	9606.ENSP00000285398	0.111	0	0	0	0.165	0	0.540	0.555	0.827
MLH1	PTEN	9606.ENSP00000231790	9606.ENSP00000361021	0	0	0	0	0.086	0.098	0	0.810	0.830
MLH1	CHEK2	9606.ENSP00000231790	9606.ENSP00000372023	0	0	0	0	0.095	0	0	0.824	0.834
MLH1	WRN	9606.ENSP00000231790	9606.ENSP00000298139	0.045	0	0	0	0.145	0.216	0	0.772	0.835
MLH1	ERCC4	9606.ENSP00000231790	9606.ENSP00000310520	0	0	0	0	0.148	0.092	0.540	0.623	0.848
MLH1	CDKN2A	9606.ENSP00000231790	9606.ENSP00000418915	0	0	0	0	0	0	0	0.855	0.855
MLH1	BRAF	9606.ENSP00000231790	9606.ENSP00000419060	0	0	0	0	0	0	0	0.876	0.876
MLH1	POLE	9606.ENSP00000231790	9606.ENSP00000322570	0	0	0	0	0.149	0.114	0	0.852	0.879
MLH1	NBN	9606.ENSP00000231790	9606.ENSP00000265433	0	0	0	0	0.099	0.510	0	0.774	0.891
MLH1	PALB2	9606.ENSP00000231790	9606.ENSP00000261584	0	0	0	0	0.085	0	0.540	0.765	0.892
MLH1	RAD51	9606.ENSP00000231790	9606.ENSP00000493712	0.057	0	0	0	0.065	0.151	0.500	0.758	0.893
MLH1	MUTYH	9606.ENSP00000231790	9606.ENSP00000500891	0.069	0	0	0	0.083	0	0	0.914	0.920
MLH1	POLD1	9606.ENSP00000231790	9606.ENSP00000472445	0	0	0	0	0.292	0.278	0.540	0.790	0.944
MLH1	BRCA2	9606.ENSP00000231790	9606.ENSP00000369497	0	0	0	0	0.044	0	0.540	0.905	0.954
MLH1	TP53	9606.ENSP00000231790	9606.ENSP00000269305	0	0	0	0	0	0	0.750	0.867	0.965
MLH1	MBD4	9606.ENSP00000231790	9606.ENSP00000249910	0	0	0	0	0.049	0.589	0	0.921	0.966
MLH1	FANCD2	9606.ENSP00000231790	9606.ENSP00000287647	0	0	0	0	0.115	0.510	0.540	0.874	0.971
MLH1	BRCA1	9606.ENSP00000231790	9606.ENSP00000418960	0	0	0	0	0.087	0.835	0.540	0.930	0.994
MLH1	ATM	9606.ENSP00000231790	9606.ENSP00000278616	0	0	0	0	0.055	0.287	0.540	0.991	0.997
MLH1	MLH3	9606.ENSP00000231790	9606.ENSP00000348020	0	0	0	0.575	0.074	0.986	0.900	0.992	0.999
MLH1	PMS1	9606.ENSP00000231790	9606.ENSP00000406490	0	0	0.124	0.587	0.095	0.935	0.540	0.992	0.999
MLH1	BRIP1	9606.ENSP00000231790	9606.ENSP00000259008	0	0	0	0	0.088	0.994	0.900	0.950	0.999
MLH1	BLM	9606.ENSP00000231790	9606.ENSP00000347232	0.045	0	0	0	0.135	0.996	0.500	0.807	0.999
MLH1	MSH3	9606.ENSP00000231790	9606.ENSP00000265081	0.061	0	0.284	0	0.380	0.829	0.540	0.999	0.999
MLH1	MSH2	9606.ENSP00000231790	9606.ENSP00000233146	0.061	0	0.286	0	0.384	0.923	0.540	0.999	0.999
MLH1	MSH6	9606.ENSP00000231790	9606.ENSP00000234420	0.061	0	0.247	0	0.360	0.864	0.540	0.999	0.999
MLH3	MLH1	9606.ENSP00000348020	9606.ENSP00000231790	0	0	0	0.575	0.074	0.986	0.900	0.992	0.999
MLH3	MSH2	9606.ENSP00000348020	9606.ENSP00000233146	0.061	0	0	0	0.333	0.417	0.540	0.997	0.999
MLH3	MSH6	9606.ENSP00000348020	9606.ENSP00000234420	0.061	0	0	0	0.333	0.417	0.540	0.995	0.999
MLH3	MSH3	9606.ENSP00000348020	9606.ENSP00000265081	0.061	0	0	0	0.400	0.417	0.540	0.996	0.999
MLH3	MUTYH	9606.ENSP00000348020	9606.ENSP00000500891	0.069	0	0	0	0	0	0	0.863	0.867
MLH3	RAD51	9606.ENSP00000348020	9606.ENSP00000493712	0.057	0	0	0	0	0.151	0.500	0.727	0.876
MLH3	POLD1	9606.ENSP00000348020	9606.ENSP00000472445	0	0	0	0	0.086	0.114	0.540	0.793	0.912
MLH3	PMS1	9606.ENSP00000348020	9606.ENSP00000406490	0	0	0	0.560	0.060	0.105	0.540	0.978	0.990
MLLT10	ELL	9606.ENSP00000307411	9606.ENSP00000262809	0	0	0	0	0.049	0	0	0.915	0.916
MLLT10	KMT2A	9606.ENSP00000307411	9606.ENSP00000436786	0	0	0	0	0.082	0	0	0.845	0.851
MLLT10	AFDN	9606.ENSP00000307411	9606.ENSP00000355771	0	0	0	0	0.056	0	0	0.897	0.899
MLLT10	AFF1	9606.ENSP00000307411	9606.ENSP00000378578	0	0	0	0	0.084	0.292	0	0.979	0.985
MLLT10	MLLT3	9606.ENSP00000307411	9606.ENSP00000369695	0	0	0	0	0.044	0.510	0	0.992	0.996
MLLT10	DOT1L	9606.ENSP00000307411	9606.ENSP00000381657	0	0	0	0	0	0.978	0	0.993	0.999
MLLT3	ELL2	9606.ENSP00000369695	9606.ENSP00000237853	0	0	0	0	0	0.712	0.900	0.993	0.999
MLLT3	H3-3B	9606.ENSP00000369695	9606.ENSP00000254810	0	0	0	0	0	0.950	0	0.909	0.995
MLLT3	ELL	9606.ENSP00000369695	9606.ENSP00000262809	0	0	0	0	0	0.748	0.900	0.998	0.999
MLLT3	AFF4	9606.ENSP00000369695	9606.ENSP00000265343	0	0	0	0	0	0.833	0.900	0.994	0.999
MLLT3	MLLT10	9606.ENSP00000369695	9606.ENSP00000307411	0	0	0	0	0.044	0.510	0	0.992	0.996
MLLT3	H3C13	9606.ENSP00000369695	9606.ENSP00000333277	0	0	0	0	0	0.908	0	0.909	0.991
MLLT3	HOXA9	9606.ENSP00000369695	9606.ENSP00000343619	0	0	0	0	0.042	0.304	0	0.841	0.885
MLLT3	ERCC6	9606.ENSP00000369695	9606.ENSP00000348089	0	0	0	0	0.042	0.128	0.900	0.089	0.913
MLLT3	TRRAP	9606.ENSP00000369695	9606.ENSP00000352925	0	0	0	0	0	0.485	0.540	0.293	0.818
MLLT3	CTR9	9606.ENSP00000369695	9606.ENSP00000355013	0	0	0	0	0.042	0	0.900	0.246	0.921
MLLT3	AFDN	9606.ENSP00000369695	9606.ENSP00000355771	0	0	0	0	0	0	0	0.860	0.860
MLLT3	BCOR	9606.ENSP00000369695	9606.ENSP00000367705	0	0	0	0	0	0.978	0	0.759	0.994
MLLT3	TCEA1	9606.ENSP00000369695	9606.ENSP00000428426	0	0	0	0	0	0.152	0.800	0.164	0.845
MLLT3	ELOC	9606.ENSP00000369695	9606.ENSP00000478121	0	0	0	0	0.055	0	0.900	0	0.901
MLLT3	H3C8	9606.ENSP00000369695	9606.ENSP00000484638	0	0	0	0	0	0.908	0	0.108	0.915
MLLT3	H3C1	9606.ENSP00000369695	9606.ENSP00000480826	0	0	0	0	0	0.950	0	0.111	0.954
MLLT3	KMT2A	9606.ENSP00000369695	9606.ENSP00000436786	0	0	0	0	0.045	0.524	0	0.963	0.982
MLLT3	DOT1L	9606.ENSP00000369695	9606.ENSP00000381657	0	0	0	0	0	0.873	0	0.989	0.998
MLLT3	AFF1	9606.ENSP00000369695	9606.ENSP00000378578	0	0	0	0	0	0.842	0.900	0.999	0.999
MRE11	MLH1	9606.ENSP00000325863	9606.ENSP00000231790	0.042	0	0	0	0.157	0.321	0	0.715	0.823
MRE11	MSH2	9606.ENSP00000325863	9606.ENSP00000233146	0.057	0	0	0	0.164	0.327	0	0.746	0.847
MRE11	MSH6	9606.ENSP00000325863	9606.ENSP00000234420	0.057	0	0	0	0.274	0.327	0	0.735	0.862
MRE11	BRIP1	9606.ENSP00000325863	9606.ENSP00000259008	0	0	0	0	0.117	0.994	0.500	0.497	0.998
MRE11	PALB2	9606.ENSP00000325863	9606.ENSP00000261584	0	0	0	0	0.094	0	0.500	0.736	0.870
MRE11	NBN	9606.ENSP00000325863	9606.ENSP00000265433	0	0	0	0	0.124	0.999	0.800	0.997	0.999
MRE11	TP53	9606.ENSP00000325863	9606.ENSP00000269305	0	0	0	0	0	0.621	0.500	0.541	0.905
MRE11	ATM	9606.ENSP00000325863	9606.ENSP00000278616	0	0	0	0	0.236	0.907	0.900	0.941	0.999
MRE11	SLX4	9606.ENSP00000325863	9606.ENSP00000294008	0.057	0	0	0	0.067	0.292	0.500	0.474	0.806
MRE11	WRN	9606.ENSP00000325863	9606.ENSP00000298139	0.054	0	0	0	0.168	0.508	0.500	0.763	0.945
MRE11	ERCC4	9606.ENSP00000325863	9606.ENSP00000310520	0	0	0	0	0.067	0.144	0.400	0.647	0.808
MRE11	POLE	9606.ENSP00000325863	9606.ENSP00000322570	0	0	0	0	0.250	0.131	0.400	0.570	0.809
MRE11	SMC1A	9606.ENSP00000325863	9606.ENSP00000323421	0.087	0	0	0	0.199	0.053	0	0.774	0.823
MRE11	PARP1	9606.ENSP00000325863	9606.ENSP00000355759	0	0	0	0	0.133	0.292	0.500	0.448	0.808
MRE11	ABRAXAS1	9606.ENSP00000325863	9606.ENSP00000369857	0	0	0	0	0.067	0	0.500	0.691	0.843
MRE11	ATRX	9606.ENSP00000325863	9606.ENSP00000362441	0.057	0	0	0	0.169	0.652	0	0.519	0.851
MRE11	RAD52	9606.ENSP00000325863	9606.ENSP00000351284	0	0	0	0	0.065	0.287	0.500	0.680	0.879
MRE11	RECQL4	9606.ENSP00000325863	9606.ENSP00000482313	0.054	0	0	0	0.131	0.723	0	0.545	0.882
MRE11	CHEK2	9606.ENSP00000325863	9606.ENSP00000372023	0	0	0	0	0.085	0.088	0.500	0.789	0.900
MRE11	RAD51C	9606.ENSP00000325863	9606.ENSP00000336701	0.095	0	0	0	0.111	0.273	0.500	0.806	0.933
MRE11	TP53BP1	9606.ENSP00000325863	9606.ENSP00000371475	0	0	0	0	0.067	0.585	0.500	0.721	0.938
MRE11	BRCA2	9606.ENSP00000325863	9606.ENSP00000369497	0	0	0	0	0.126	0	0.500	0.932	0.967
MRE11	ATR	9606.ENSP00000325863	9606.ENSP00000343741	0	0	0	0	0.131	0.830	0.500	0.626	0.968
MRE11	BLM	9606.ENSP00000325863	9606.ENSP00000347232	0.054	0	0	0	0.227	0.853	0.500	0.517	0.969
MRE11	RAD51	9606.ENSP00000325863	9606.ENSP00000493712	0.095	0	0	0	0.127	0.622	0.500	0.914	0.984
MRE11	BRCA1	9606.ENSP00000325863	9606.ENSP00000418960	0	0	0	0	0.174	0.994	0.540	0.973	0.999
MRE11	RAD50	9606.ENSP00000325863	9606.ENSP00000368100	0.120	0	0	0	0.861	0.998	0.900	0.996	0.999
MRTFA	RBM15	9606.ENSP00000498671	9606.ENSP00000358799	0	0	0	0	0.076	0	0	0.953	0.954
MRTFA	ADHFE1	9606.ENSP00000498671	9606.ENSP00000379865	0.118	0	0	0	0.192	0.606	0.792	0.349	0.955
MRTFA	RHOA	9606.ENSP00000498671	9606.ENSP00000400175	0	0	0	0	0.051	0.060	0.500	0.777	0.887
MRTFA	ACTB	9606.ENSP00000498671	9606.ENSP00000494750	0	0	0	0	0.055	0.481	0.500	0.497	0.860
MS4A1	CD79B	9606.ENSP00000433277	9606.ENSP00000376544	0	0	0	0	0.710	0	0	0.601	0.879
MS4A1	POU2AF1	9606.ENSP00000433277	9606.ENSP00000376786	0	0	0	0	0.737	0	0	0.595	0.889
MS4A1	TCL1A	9606.ENSP00000433277	9606.ENSP00000451506	0	0	0	0	0.679	0	0	0.513	0.837
MSH2	ERCC1	9606.ENSP00000233146	9606.ENSP00000013807	0	0	0	0	0	0.607	0.900	0.816	0.992
MSH2	MLH1	9606.ENSP00000233146	9606.ENSP00000231790	0.061	0	0.286	0	0.384	0.923	0.540	0.999	0.999
MSH2	NBN	9606.ENSP00000233146	9606.ENSP00000265433	0	0	0	0	0.082	0.319	0	0.742	0.824
MSH2	ERCC3	9606.ENSP00000233146	9606.ENSP00000285398	0	0	0	0	0.128	0.095	0.540	0.585	0.829
MSH2	WRN	9606.ENSP00000233146	9606.ENSP00000298139	0.047	0	0	0	0.145	0.177	0	0.775	0.829
MSH2	FANCM	9606.ENSP00000233146	9606.ENSP00000267430	0	0	0	0	0.111	0.495	0	0.666	0.837
MSH2	MRE11	9606.ENSP00000233146	9606.ENSP00000325863	0.057	0	0	0	0.164	0.327	0	0.746	0.847
MSH2	RAD51C	9606.ENSP00000233146	9606.ENSP00000336701	0.057	0	0	0	0.226	0.104	0	0.795	0.848
MSH2	RAD52	9606.ENSP00000233146	9606.ENSP00000351284	0	0	0	0	0.042	0.585	0	0.671	0.857
MSH2	PALB2	9606.ENSP00000233146	9606.ENSP00000261584	0	0	0	0	0.108	0	0.540	0.773	0.898
MSH2	BLM	9606.ENSP00000233146	9606.ENSP00000347232	0.047	0	0	0	0.291	0.638	0	0.664	0.907
MSH2	ATR	9606.ENSP00000233146	9606.ENSP00000343741	0	0	0	0	0.292	0.775	0	0.481	0.910
MSH2	CHEK2	9606.ENSP00000233146	9606.ENSP00000372023	0	0	0	0	0.183	0.536	0	0.841	0.934
MSH2	XPC	9606.ENSP00000233146	9606.ENSP00000285021	0	0	0	0	0.083	0.079	0.900	0.422	0.944
MSH2	RAD51	9606.ENSP00000233146	9606.ENSP00000493712	0.057	0	0	0	0.242	0.354	0	0.893	0.944
MSH2	MUTYH	9606.ENSP00000233146	9606.ENSP00000500891	0.046	0	0	0	0.060	0.510	0	0.891	0.946
MSH2	POLE	9606.ENSP00000233146	9606.ENSP00000322570	0	0	0	0	0.122	0.620	0	0.855	0.947
MSH2	FANCD2	9606.ENSP00000233146	9606.ENSP00000287647	0	0	0	0	0.178	0.467	0.540	0.813	0.957
MSH2	ERCC5	9606.ENSP00000233146	9606.ENSP00000498881	0	0	0	0	0.113	0.191	0.900	0.532	0.962
MSH2	BRCA2	9606.ENSP00000233146	9606.ENSP00000369497	0	0	0	0	0.160	0	0.540	0.925	0.968
MSH2	SLX4	9606.ENSP00000233146	9606.ENSP00000294008	0	0	0	0	0.055	0.735	0	0.900	0.972
MSH2	TP53	9606.ENSP00000233146	9606.ENSP00000269305	0	0	0	0	0.061	0.599	0.500	0.882	0.974
MSH2	ARID1A	9606.ENSP00000233146	9606.ENSP00000320485	0	0	0	0	0.181	0	0	0.970	0.974
MSH2	ERCC4	9606.ENSP00000233146	9606.ENSP00000310520	0	0	0	0	0.082	0.590	0.900	0.761	0.989
MSH2	POLD1	9606.ENSP00000233146	9606.ENSP00000472445	0	0	0	0	0.293	0.637	0.900	0.811	0.994
MSH2	BRCA1	9606.ENSP00000233146	9606.ENSP00000418960	0	0	0	0	0.227	0.725	0.540	0.946	0.994
MSH2	MSH6	9606.ENSP00000233146	9606.ENSP00000234420	0	0	0.140	0.639	0.682	0.997	0.900	0.991	0.999
MSH2	MSH3	9606.ENSP00000233146	9606.ENSP00000265081	0	0	0.177	0.645	0.107	0.997	0.900	0.991	0.999
MSH2	ATM	9606.ENSP00000233146	9606.ENSP00000278616	0	0	0	0	0.066	0.324	0.900	0.994	0.999
MSH2	PMS1	9606.ENSP00000233146	9606.ENSP00000406490	0.061	0	0.342	0	0.485	0.569	0.540	0.999	0.999
MSH2	MLH3	9606.ENSP00000233146	9606.ENSP00000348020	0.061	0	0	0	0.333	0.417	0.540	0.997	0.999
MSH3	ERCC1	9606.ENSP00000265081	9606.ENSP00000013807	0	0	0	0	0	0.181	0.720	0.799	0.950
MSH3	MLH1	9606.ENSP00000265081	9606.ENSP00000231790	0.061	0	0.284	0	0.380	0.829	0.540	0.999	0.999
MSH3	MSH2	9606.ENSP00000265081	9606.ENSP00000233146	0	0	0.177	0.645	0.107	0.997	0.900	0.991	0.999
MSH3	MSH6	9606.ENSP00000265081	9606.ENSP00000234420	0	0	0.162	0.647	0.063	0.937	0.900	0.991	0.999
MSH3	PALB2	9606.ENSP00000265081	9606.ENSP00000261584	0	0	0	0	0.247	0	0.540	0.475	0.802
MSH3	ERCC3	9606.ENSP00000265081	9606.ENSP00000285398	0	0	0	0	0.073	0.078	0.540	0.553	0.800
MSH3	MUTYH	9606.ENSP00000265081	9606.ENSP00000500891	0.046	0	0	0	0.049	0	0	0.809	0.812
MSH3	POLE	9606.ENSP00000265081	9606.ENSP00000322570	0	0	0	0	0.122	0.144	0	0.776	0.817
MSH3	FANCM	9606.ENSP00000265081	9606.ENSP00000267430	0	0	0	0	0.138	0.495	0	0.624	0.822
MSH3	XPC	9606.ENSP00000265081	9606.ENSP00000285021	0	0	0	0	0.122	0.068	0.720	0.330	0.826
MSH3	BRCA2	9606.ENSP00000265081	9606.ENSP00000369497	0	0	0	0	0.140	0	0.540	0.626	0.839
MSH3	ERCC5	9606.ENSP00000265081	9606.ENSP00000498881	0	0	0	0	0.155	0.191	0.720	0.509	0.893
MSH3	BRCA1	9606.ENSP00000265081	9606.ENSP00000418960	0	0	0	0	0.084	0.313	0.540	0.725	0.910
MSH3	ERCC4	9606.ENSP00000265081	9606.ENSP00000310520	0	0	0	0	0.075	0.176	0.720	0.736	0.936
MSH3	ATM	9606.ENSP00000265081	9606.ENSP00000278616	0	0	0	0	0.090	0.091	0.720	0.765	0.938
MSH3	POLD1	9606.ENSP00000265081	9606.ENSP00000472445	0	0	0	0	0.133	0.144	0.720	0.774	0.946
MSH3	SLX4	9606.ENSP00000265081	9606.ENSP00000294008	0	0	0	0	0.055	0.292	0	0.954	0.967
MSH3	MLH3	9606.ENSP00000265081	9606.ENSP00000348020	0.061	0	0	0	0.400	0.417	0.540	0.996	0.999
MSH3	PMS1	9606.ENSP00000265081	9606.ENSP00000406490	0.061	0	0.429	0	0.400	0.417	0.540	0.995	0.999
MSH6	ERCC1	9606.ENSP00000234420	9606.ENSP00000013807	0	0	0	0	0.049	0.181	0.900	0.708	0.974
MSH6	MLH1	9606.ENSP00000234420	9606.ENSP00000231790	0.061	0	0.247	0	0.360	0.864	0.540	0.999	0.999
MSH6	MSH2	9606.ENSP00000234420	9606.ENSP00000233146	0	0	0.140	0.639	0.682	0.997	0.900	0.991	0.999
MSH6	RAD51C	9606.ENSP00000234420	9606.ENSP00000336701	0.057	0	0	0	0.132	0.104	0	0.761	0.802
MSH6	BRAF	9606.ENSP00000234420	9606.ENSP00000419060	0	0	0	0	0	0.045	0	0.805	0.806
MSH6	ATR	9606.ENSP00000234420	9606.ENSP00000343741	0	0	0	0	0.163	0.622	0	0.489	0.824
MSH6	TP53	9606.ENSP00000234420	9606.ENSP00000269305	0	0	0	0	0.049	0.292	0	0.762	0.826
MSH6	RAD52	9606.ENSP00000234420	9606.ENSP00000351284	0	0	0	0	0.042	0.553	0	0.648	0.836
MSH6	ERCC3	9606.ENSP00000234420	9606.ENSP00000285398	0	0	0	0	0.120	0.078	0.540	0.625	0.841
MSH6	RECQL4	9606.ENSP00000234420	9606.ENSP00000482313	0.047	0	0	0	0.168	0.590	0	0.594	0.850
MSH6	MRE11	9606.ENSP00000234420	9606.ENSP00000325863	0.057	0	0	0	0.274	0.327	0	0.735	0.862
MSH6	RAD21	9606.ENSP00000234420	9606.ENSP00000297338	0	0	0	0	0.603	0.484	0	0.382	0.862
MSH6	FANCD2	9606.ENSP00000234420	9606.ENSP00000287647	0	0	0	0	0.189	0.045	0.540	0.688	0.874
MSH6	WRN	9606.ENSP00000234420	9606.ENSP00000298139	0.047	0	0	0	0.218	0.315	0	0.785	0.875
MSH6	CHEK2	9606.ENSP00000234420	9606.ENSP00000372023	0	0	0	0	0.183	0.075	0	0.866	0.890
MSH6	RAD51	9606.ENSP00000234420	9606.ENSP00000493712	0.057	0	0	0	0.265	0.338	0	0.794	0.893
MSH6	PALB2	9606.ENSP00000234420	9606.ENSP00000261584	0	0	0	0	0.075	0	0.540	0.773	0.894
MSH6	NBN	9606.ENSP00000234420	9606.ENSP00000265433	0	0	0	0	0.082	0.326	0	0.862	0.907
MSH6	FANCM	9606.ENSP00000234420	9606.ENSP00000267430	0	0	0	0	0.130	0.754	0	0.690	0.927
MSH6	XPC	9606.ENSP00000234420	9606.ENSP00000285021	0	0	0	0	0.075	0.068	0.900	0.323	0.933
MSH6	POLE	9606.ENSP00000234420	9606.ENSP00000322570	0	0	0	0	0.284	0.574	0	0.871	0.957
MSH6	ERCC5	9606.ENSP00000234420	9606.ENSP00000498881	0	0	0	0	0.113	0.191	0.900	0.547	0.963
MSH6	ERCC4	9606.ENSP00000234420	9606.ENSP00000310520	0	0	0	0	0.118	0.176	0.900	0.588	0.966
MSH6	BRCA2	9606.ENSP00000234420	9606.ENSP00000369497	0	0	0	0	0.142	0	0.540	0.924	0.967
MSH6	BLM	9606.ENSP00000234420	9606.ENSP00000347232	0.047	0	0	0	0.228	0.716	0	0.883	0.972
MSH6	MUTYH	9606.ENSP00000234420	9606.ENSP00000500891	0.046	0	0	0	0.049	0.292	0	0.976	0.982
MSH6	POLD1	9606.ENSP00000234420	9606.ENSP00000472445	0	0	0	0	0.445	0.528	0.900	0.839	0.995
MSH6	BRCA1	9606.ENSP00000234420	9606.ENSP00000418960	0	0	0	0	0.236	0.611	0.540	0.977	0.996
MSH6	PMS1	9606.ENSP00000234420	9606.ENSP00000406490	0.061	0	0.315	0	0.395	0.569	0.540	0.997	0.999
MSH6	MLH3	9606.ENSP00000234420	9606.ENSP00000348020	0.061	0	0	0	0.333	0.417	0.540	0.995	0.999
MSH6	MSH3	9606.ENSP00000234420	9606.ENSP00000265081	0	0	0.162	0.647	0.063	0.937	0.900	0.991	0.999
MSH6	ATM	9606.ENSP00000234420	9606.ENSP00000278616	0	0	0	0	0.073	0.324	0.900	0.993	0.999
MSI1	SOX2	9606.ENSP00000257552	9606.ENSP00000323588	0	0	0	0	0.115	0	0	0.786	0.803
MSI1	MSI2	9606.ENSP00000257552	9606.ENSP00000284073	0	0	0.053	0.974	0.045	0.166	0.900	0.390	0.945
MSI2	MSI1	9606.ENSP00000284073	9606.ENSP00000257552	0	0	0.053	0.974	0.045	0.166	0.900	0.390	0.945
MSI2	NUP98	9606.ENSP00000284073	9606.ENSP00000316032	0	0	0	0	0.076	0.125	0	0.844	0.862
MSI2	HOXA9	9606.ENSP00000284073	9606.ENSP00000343619	0	0	0	0	0	0	0	0.916	0.916
MTOR	TSC2	9606.ENSP00000354558	9606.ENSP00000219476	0	0	0	0	0.149	0.458	0.500	0.961	0.990
MTOR	PIK3R2	9606.ENSP00000354558	9606.ENSP00000222254	0	0	0	0	0.060	0	0.900	0.453	0.944
MTOR	RPS6KB1	9606.ENSP00000354558	9606.ENSP00000225577	0	0	0	0	0.049	0.995	0.900	0.977	0.999
MTOR	RHEB	9606.ENSP00000354558	9606.ENSP00000262187	0	0	0	0	0.049	0.975	0.900	0.996	0.999
MTOR	PIK3R3	9606.ENSP00000354558	9606.ENSP00000262741	0	0	0	0	0.049	0	0.900	0.397	0.937
MTOR	PIK3CA	9606.ENSP00000354558	9606.ENSP00000263967	0	0	0	0.548	0.060	0.166	0.900	0.592	0.963
MTOR	TP53	9606.ENSP00000354558	9606.ENSP00000269305	0	0	0	0	0	0.466	0	0.773	0.874
MTOR	EGFR	9606.ENSP00000354558	9606.ENSP00000275493	0	0	0	0	0.042	0.181	0	0.769	0.802
MTOR	TSC1	9606.ENSP00000354558	9606.ENSP00000298552	0	0	0	0	0.272	0.274	0.500	0.914	0.974
MTOR	GPHN	9606.ENSP00000354558	9606.ENSP00000417901	0	0	0	0	0.093	0.295	0	0.861	0.903
MTOR	IRS4	9606.ENSP00000354558	9606.ENSP00000361202	0	0	0	0	0	0.069	0.900	0.191	0.918
MTOR	PRKCB	9606.ENSP00000354558	9606.ENSP00000496129	0	0	0	0	0.044	0	0.900	0.401	0.937
MTOR	PTEN	9606.ENSP00000354558	9606.ENSP00000361021	0	0	0	0	0	0.281	0	0.922	0.942
MTOR	PIK3CD	9606.ENSP00000354558	9606.ENSP00000366563	0	0	0	0.550	0.056	0.166	0.900	0.360	0.942
MTOR	PIK3CB	9606.ENSP00000354558	9606.ENSP00000501150	0	0	0	0.549	0.082	0.166	0.900	0.350	0.943
MTOR	CLIP1	9606.ENSP00000354558	9606.ENSP00000479322	0	0	0	0	0.094	0.345	0.900	0.206	0.946
MTOR	PIK3R1	9606.ENSP00000354558	9606.ENSP00000428056	0	0	0	0	0.044	0	0.900	0.577	0.956
MTOR	RHOA	9606.ENSP00000354558	9606.ENSP00000400175	0	0	0	0	0.053	0.139	0.900	0.555	0.958
MTOR	EIF4E	9606.ENSP00000354558	9606.ENSP00000425561	0	0	0	0	0.042	0.356	0.400	0.910	0.962
MTOR	IRS2	9606.ENSP00000354558	9606.ENSP00000365016	0	0	0	0	0	0.312	0.900	0.548	0.966
MUC1	TP53	9606.ENSP00000484824	9606.ENSP00000269305	0	0	0	0	0	0.294	0	0.954	0.966
MUC1	ERBB2	9606.ENSP00000484824	9606.ENSP00000269571	0	0	0	0	0.067	0.512	0	0.958	0.979
MUC1	EGFR	9606.ENSP00000484824	9606.ENSP00000275493	0	0	0	0	0.074	0.835	0	0.994	0.999
MUC1	ESR1	9606.ENSP00000484824	9606.ENSP00000405330	0	0	0	0	0.062	0.292	0	0.777	0.839
MUC1	CTNNB1	9606.ENSP00000484824	9606.ENSP00000495360	0	0	0	0	0	0.835	0	0.993	0.998
MUTYH	MLH1	9606.ENSP00000500891	9606.ENSP00000231790	0.069	0	0	0	0.083	0	0	0.914	0.920
MUTYH	MSH2	9606.ENSP00000500891	9606.ENSP00000233146	0.046	0	0	0	0.060	0.510	0	0.891	0.946
MUTYH	MSH6	9606.ENSP00000500891	9606.ENSP00000234420	0.046	0	0	0	0.049	0.292	0	0.976	0.982
MUTYH	MSH3	9606.ENSP00000500891	9606.ENSP00000265081	0.046	0	0	0	0.049	0	0	0.809	0.812
MUTYH	POLE	9606.ENSP00000500891	9606.ENSP00000322570	0.111	0	0	0	0.126	0	0	0.789	0.822
MUTYH	MLH3	9606.ENSP00000500891	9606.ENSP00000348020	0.069	0	0	0	0	0	0	0.863	0.867
MUTYH	PMS1	9606.ENSP00000500891	9606.ENSP00000406490	0.069	0	0	0	0.095	0	0	0.813	0.828
MUTYH	POLD1	9606.ENSP00000500891	9606.ENSP00000472445	0.111	0	0	0	0.138	0	0	0.868	0.890
MYCN	BRD4	9606.ENSP00000281043	9606.ENSP00000263377	0	0	0	0	0.055	0	0	0.889	0.890
MYCN	TP53	9606.ENSP00000281043	9606.ENSP00000269305	0	0	0	0	0.090	0	0	0.844	0.852
MYCN	HDAC1	9606.ENSP00000281043	9606.ENSP00000362649	0	0	0	0	0	0.510	0	0.832	0.914
MYCN	ALK	9606.ENSP00000281043	9606.ENSP00000373700	0	0	0	0	0.044	0.060	0.750	0.733	0.932
MYCN	NDRG1	9606.ENSP00000281043	9606.ENSP00000404854	0	0	0	0	0	0.292	0	0.916	0.937
MYCN	MAX	9606.ENSP00000281043	9606.ENSP00000351490	0	0	0	0.696	0	0.894	0	0.964	0.996
MYH11	MYH9	9606.ENSP00000379616	9606.ENSP00000216181	0	0	0.051	0.979	0.060	0	0.900	0.383	0.937
MYH11	ACTB	9606.ENSP00000379616	9606.ENSP00000494750	0	0	0	0	0.091	0.368	0.900	0.403	0.961
MYH9	RNF213	9606.ENSP00000216181	9606.ENSP00000464087	0	0	0	0	0.067	0.126	0.750	0.532	0.892
MYH9	MYH11	9606.ENSP00000216181	9606.ENSP00000379616	0	0	0.051	0.979	0.060	0	0.900	0.383	0.937
MYH9	ACTB	9606.ENSP00000216181	9606.ENSP00000494750	0	0	0	0	0.420	0.680	0.900	0.602	0.991
MYO18A	TRIP11	9606.ENSP00000437073	9606.ENSP00000267622	0	0	0	0	0.055	0.113	0.500	0.701	0.858
MYO5A	ACTB	9606.ENSP00000382177	9606.ENSP00000494750	0	0	0	0	0.042	0.288	0.650	0.304	0.811
NACA	RPL22	9606.ENSP00000448035	9606.ENSP00000346088	0	0	0	0	0.452	0.800	0	0.165	0.900
NACA	RPL5	9606.ENSP00000448035	9606.ENSP00000359345	0	0	0	0	0.885	0.828	0	0.096	0.980
NBN	MLH1	9606.ENSP00000265433	9606.ENSP00000231790	0	0	0	0	0.099	0.510	0	0.774	0.891
NBN	MSH2	9606.ENSP00000265433	9606.ENSP00000233146	0	0	0	0	0.082	0.319	0	0.742	0.824
NBN	MSH6	9606.ENSP00000265433	9606.ENSP00000234420	0	0	0	0	0.082	0.326	0	0.862	0.907
NBN	BRIP1	9606.ENSP00000265433	9606.ENSP00000259008	0	0	0	0	0.063	0.994	0.500	0.548	0.998
NBN	PALB2	9606.ENSP00000265433	9606.ENSP00000261584	0	0	0	0	0.095	0	0.500	0.596	0.801
NBN	RAD51C	9606.ENSP00000265433	9606.ENSP00000336701	0	0	0	0	0.042	0.068	0.500	0.637	0.816
NBN	FANCD2	9606.ENSP00000265433	9606.ENSP00000287647	0	0	0	0	0.050	0.525	0	0.711	0.858
NBN	BRCA2	9606.ENSP00000265433	9606.ENSP00000369497	0	0	0	0	0.116	0	0.500	0.795	0.901
NBN	TP53BP1	9606.ENSP00000265433	9606.ENSP00000371475	0	0	0	0	0.067	0.628	0.500	0.609	0.923
NBN	RAD51	9606.ENSP00000265433	9606.ENSP00000493712	0	0	0	0	0.042	0.273	0.500	0.811	0.925
NBN	BLM	9606.ENSP00000265433	9606.ENSP00000347232	0	0	0	0	0.060	0.522	0.500	0.708	0.925
NBN	WRN	9606.ENSP00000265433	9606.ENSP00000298139	0	0	0	0	0.063	0.516	0.500	0.716	0.927
NBN	CHEK2	9606.ENSP00000265433	9606.ENSP00000372023	0	0	0	0	0	0.336	0.500	0.822	0.935
NBN	ATR	9606.ENSP00000265433	9606.ENSP00000343741	0	0	0	0	0.095	0.724	0.500	0.749	0.964
NBN	BRCA1	9606.ENSP00000265433	9606.ENSP00000418960	0	0	0	0	0.068	0.868	0.540	0.902	0.993
NBN	ATM	9606.ENSP00000265433	9606.ENSP00000278616	0	0	0	0	0.049	0.989	0.900	0.935	0.999
NBN	MRE11	9606.ENSP00000265433	9606.ENSP00000325863	0	0	0	0	0.124	0.999	0.800	0.997	0.999
NBN	RAD50	9606.ENSP00000265433	9606.ENSP00000368100	0	0	0	0	0.126	0.994	0.900	0.994	0.999
NCOA2	CREBBP	9606.ENSP00000399968	9606.ENSP00000262367	0	0	0	0	0.133	0.796	0.800	0.945	0.997
NCOA2	EP300	9606.ENSP00000399968	9606.ENSP00000263253	0	0	0	0	0.215	0.641	0.800	0.976	0.998
NCOA2	KAT6A	9606.ENSP00000399968	9606.ENSP00000265713	0	0	0	0	0.145	0.058	0.900	0.911	0.991
NCOA2	NCOR1	9606.ENSP00000399968	9606.ENSP00000268712	0	0	0	0	0.122	0.046	0.500	0.790	0.900
NCOA2	PGR	9606.ENSP00000399968	9606.ENSP00000325120	0	0	0	0	0	0.582	0	0.796	0.911
NCOA2	AR	9606.ENSP00000399968	9606.ENSP00000363822	0	0	0	0	0.047	0.989	0.500	0.906	0.999
NCOA2	NCOR2	9606.ENSP00000399968	9606.ENSP00000384018	0	0	0	0	0.056	0.046	0.500	0.759	0.877
NCOA2	BRCA1	9606.ENSP00000399968	9606.ENSP00000418960	0	0	0	0	0.043	0.510	0	0.651	0.822
NCOA2	ESR1	9606.ENSP00000399968	9606.ENSP00000405330	0	0	0	0	0	0.992	0.800	0.978	0.999
NCOA2	RXRA	9606.ENSP00000399968	9606.ENSP00000419692	0	0	0	0	0.099	0.991	0.800	0.638	0.999
NCOR1	H3-3B	9606.ENSP00000268712	9606.ENSP00000254810	0	0	0	0	0.076	0.067	0.500	0.698	0.852
NCOR1	KMT2C	9606.ENSP00000268712	9606.ENSP00000262189	0	0	0	0	0.309	0.063	0.500	0.537	0.830
NCOR1	CREBBP	9606.ENSP00000268712	9606.ENSP00000262367	0	0	0	0	0.335	0.304	0.500	0.800	0.947
NCOR1	AJUBA	9606.ENSP00000268712	9606.ENSP00000262713	0	0	0	0	0	0.099	0.800	0.067	0.817
NCOR1	EP300	9606.ENSP00000268712	9606.ENSP00000263253	0	0	0	0	0.436	0.313	0.500	0.816	0.959
NCOR1	PML	9606.ENSP00000268712	9606.ENSP00000268058	0	0	0	0	0.049	0.512	0.400	0.433	0.821
NCOR1	CBFA2T3	9606.ENSP00000268712	9606.ENSP00000268679	0	0	0	0	0.055	0.510	0	0.680	0.838
NCOR1	SMARCA4	9606.ENSP00000268712	9606.ENSP00000343896	0	0	0	0	0.080	0.292	0	0.746	0.820
NCOR1	TRRAP	9606.ENSP00000268712	9606.ENSP00000352925	0	0	0	0	0.128	0.764	0	0.273	0.837
NCOR1	H3C13	9606.ENSP00000268712	9606.ENSP00000333277	0	0	0	0	0.067	0.067	0.500	0.700	0.852
NCOR1	TP53	9606.ENSP00000268712	9606.ENSP00000269305	0	0	0	0	0.054	0.495	0	0.717	0.853
NCOR1	SMAD4	9606.ENSP00000268712	9606.ENSP00000341551	0	0	0	0	0.067	0.292	0.500	0.615	0.855
NCOR1	ERBB4	9606.ENSP00000268712	9606.ENSP00000342235	0	0	0	0	0	0.292	0.500	0.683	0.877
NCOR1	CTCF	9606.ENSP00000268712	9606.ENSP00000494538	0	0	0	0	0.178	0.125	0.800	0.378	0.898
NCOR1	SPEN	9606.ENSP00000268712	9606.ENSP00000364912	0	0	0	0	0.152	0.292	0	0.844	0.898
NCOR1	DNMT1	9606.ENSP00000268712	9606.ENSP00000352516	0	0	0	0	0.067	0.292	0	0.860	0.899
NCOR1	NCOA2	9606.ENSP00000268712	9606.ENSP00000399968	0	0	0	0	0.122	0.046	0.500	0.790	0.900
NCOR1	SMAD3	9606.ENSP00000268712	9606.ENSP00000332973	0	0	0	0	0.054	0	0.500	0.851	0.923
NCOR1	ZBTB16	9606.ENSP00000268712	9606.ENSP00000338157	0	0	0	0	0.042	0.803	0	0.879	0.975
NCOR1	RXRA	9606.ENSP00000268712	9606.ENSP00000419692	0	0	0	0	0.075	0.711	0.650	0.789	0.977
NCOR1	AR	9606.ENSP00000268712	9606.ENSP00000363822	0	0	0	0	0.043	0.883	0.500	0.868	0.991
NCOR1	PGR	9606.ENSP00000268712	9606.ENSP00000325120	0	0	0	0	0	0.932	0.500	0.831	0.993
NCOR1	NCOR2	9606.ENSP00000268712	9606.ENSP00000384018	0	0	0	0.846	0.122	0.622	0.800	0.985	0.998
NCOR1	GPS2	9606.ENSP00000268712	9606.ENSP00000379841	0	0	0	0	0.056	0.780	0.900	0.992	0.999
NCOR1	HDAC1	9606.ENSP00000268712	9606.ENSP00000362649	0	0	0	0	0.081	0.435	0.800	0.996	0.999
NCOR1	ESR1	9606.ENSP00000268712	9606.ENSP00000405330	0	0	0	0	0	0.799	0.900	0.987	0.999
NCOR2	CREBBP	9606.ENSP00000384018	9606.ENSP00000262367	0	0	0	0	0.259	0.304	0.500	0.563	0.872
NCOR2	EP300	9606.ENSP00000384018	9606.ENSP00000263253	0	0	0	0	0.263	0.309	0.500	0.574	0.877
NCOR2	PML	9606.ENSP00000384018	9606.ENSP00000268058	0	0	0	0	0.139	0.512	0.400	0.449	0.842
NCOR2	NCOR1	9606.ENSP00000384018	9606.ENSP00000268712	0	0	0	0.846	0.122	0.622	0.800	0.985	0.998
NCOR2	PGR	9606.ENSP00000384018	9606.ENSP00000325120	0	0	0	0	0	0.963	0.500	0.619	0.992
NCOR2	H3C13	9606.ENSP00000384018	9606.ENSP00000333277	0	0	0	0	0.042	0.067	0.400	0.690	0.811
NCOR2	ZBTB16	9606.ENSP00000384018	9606.ENSP00000338157	0	0	0	0	0	0.847	0	0.867	0.978
NCOR2	TRRAP	9606.ENSP00000384018	9606.ENSP00000352925	0	0	0	0	0.182	0.764	0	0.186	0.829
NCOR2	RBM15	9606.ENSP00000384018	9606.ENSP00000358799	0	0	0	0	0.062	0	0	0.849	0.853
NCOR2	HDAC1	9606.ENSP00000384018	9606.ENSP00000362649	0	0	0	0	0.049	0.701	0.800	0.995	0.999
NCOR2	AR	9606.ENSP00000384018	9606.ENSP00000363822	0	0	0	0	0	0.848	0.500	0.659	0.971
NCOR2	SPEN	9606.ENSP00000384018	9606.ENSP00000364912	0	0	0	0	0.142	0.622	0	0.930	0.975
NCOR2	GPS2	9606.ENSP00000384018	9606.ENSP00000379841	0	0	0	0	0.044	0.684	0.900	0.924	0.997
NCOR2	NCOA2	9606.ENSP00000384018	9606.ENSP00000399968	0	0	0	0	0.056	0.046	0.500	0.759	0.877
NCOR2	ESR1	9606.ENSP00000384018	9606.ENSP00000405330	0	0	0	0	0.044	0.770	0.500	0.944	0.993
NCOR2	RXRA	9606.ENSP00000384018	9606.ENSP00000419692	0	0	0	0	0.107	0.982	0.500	0.639	0.996
NDRG1	TP53	9606.ENSP00000404854	9606.ENSP00000269305	0	0	0	0	0	0	0.750	0.459	0.859
NDRG1	MYCN	9606.ENSP00000404854	9606.ENSP00000281043	0	0	0	0	0	0.292	0	0.916	0.937
NF1	PDGFRA	9606.ENSP00000351015	9606.ENSP00000257290	0	0	0	0	0.044	0	0	0.803	0.804
NF1	TP53	9606.ENSP00000351015	9606.ENSP00000269305	0	0	0	0	0	0	0	0.880	0.880
NF1	RASA1	9606.ENSP00000351015	9606.ENSP00000274376	0	0	0	0.557	0.108	0.126	0.400	0.640	0.809
NF1	EGFR	9606.ENSP00000351015	9606.ENSP00000275493	0	0	0	0	0.055	0.330	0	0.778	0.847
NF1	SPRED1	9606.ENSP00000351015	9606.ENSP00000299084	0	0	0	0	0.049	0.792	0.400	0.946	0.992
NF1	SMAD4	9606.ENSP00000351015	9606.ENSP00000341551	0	0	0	0	0.104	0	0	0.864	0.873
NF1	NF2	9606.ENSP00000351015	9606.ENSP00000344666	0	0	0	0	0.049	0	0	0.970	0.970
NF1	RAF1	9606.ENSP00000351015	9606.ENSP00000401888	0	0	0	0	0.049	0.343	0	0.723	0.812
NF1	PTPN11	9606.ENSP00000351015	9606.ENSP00000489597	0	0	0	0	0.133	0	0	0.836	0.852
NF1	PTEN	9606.ENSP00000351015	9606.ENSP00000361021	0	0	0	0	0.084	0.218	0	0.838	0.874
NF1	BRCA1	9606.ENSP00000351015	9606.ENSP00000418960	0	0	0	0	0.074	0.095	0	0.864	0.876
NF1	BRAF	9606.ENSP00000351015	9606.ENSP00000419060	0	0	0	0	0.067	0.092	0	0.895	0.903
NF2	CDH1	9606.ENSP00000344666	9606.ENSP00000261769	0	0	0	0	0	0.080	0	0.853	0.859
NF2	SLC9A3R1	9606.ENSP00000344666	9606.ENSP00000262613	0	0	0	0	0.042	0.660	0	0.870	0.954
NF2	EGFR	9606.ENSP00000344666	9606.ENSP00000275493	0	0	0	0	0.054	0.621	0	0.600	0.844
NF2	PAK1	9606.ENSP00000344666	9606.ENSP00000278568	0	0	0	0	0.067	0.301	0.700	0.611	0.914
NF2	SMARCB1	9606.ENSP00000344666	9606.ENSP00000340883	0	0	0	0	0.064	0.071	0	0.820	0.830
NF2	CTNNB1	9606.ENSP00000344666	9606.ENSP00000495360	0	0	0	0	0.055	0.095	0	0.881	0.889
NF2	NF1	9606.ENSP00000344666	9606.ENSP00000351015	0	0	0	0	0.049	0	0	0.970	0.970
NF2	LATS2	9606.ENSP00000344666	9606.ENSP00000372035	0	0	0	0	0	0.980	0	0.833	0.996
NF2	LATS1	9606.ENSP00000344666	9606.ENSP00000437550	0	0	0	0	0.045	0.974	0	0.908	0.997
NFATC2	MEF2D	9606.ENSP00000379330	9606.ENSP00000271555	0	0	0	0	0.153	0.292	0.900	0.295	0.952
NFATC2	SMAD3	9606.ENSP00000379330	9606.ENSP00000332973	0	0	0	0	0.108	0	0	0.925	0.930
NFKBIA	ACTB	9606.ENSP00000216797	9606.ENSP00000494750	0	0	0	0	0.049	0.092	0	0.811	0.823
NFKBIA	CARD11	9606.ENSP00000216797	9606.ENSP00000380150	0	0	0	0	0	0.098	0.500	0.691	0.848
NFKBIA	MAP3K14	9606.ENSP00000216797	9606.ENSP00000482657	0	0	0	0	0.065	0.295	0	0.789	0.849
NFKBIA	MAP3K7	9606.ENSP00000216797	9606.ENSP00000358335	0	0	0	0	0	0.331	0.500	0.600	0.855
NFKBIA	TP53	9606.ENSP00000216797	9606.ENSP00000269305	0	0	0	0	0.051	0.623	0	0.781	0.915
NFKBIA	PRKACA	9606.ENSP00000216797	9606.ENSP00000309591	0	0	0	0	0.063	0.045	0.900	0.664	0.965
NFKBIA	REL	9606.ENSP00000216797	9606.ENSP00000295025	0	0.002	0	0	0.113	0.908	0.500	0.999	0.999
NIN	DCTN1	9606.ENSP00000371472	9606.ENSP00000354791	0	0	0	0	0.049	0.597	0.720	0.705	0.964
NIN	CNTRL	9606.ENSP00000371472	9606.ENSP00000362962	0	0	0	0	0.172	0.209	0.720	0.962	0.992
NOTCH1	DLL3	9606.ENSP00000498587	9606.ENSP00000205143	0	0	0	0.632	0	0	0.900	0.987	0.998
NOTCH1	NOTCH2	9606.ENSP00000498587	9606.ENSP00000256646	0	0	0.065	0.950	0.145	0.180	0.900	0.122	0.932
NOTCH1	DTX1	9606.ENSP00000498587	9606.ENSP00000257600	0	0	0	0	0	0.727	0.650	0.850	0.984
NOTCH1	EP300	9606.ENSP00000498587	9606.ENSP00000263253	0	0	0	0	0.053	0.634	0.500	0.697	0.940
NOTCH1	NOTCH3	9606.ENSP00000498587	9606.ENSP00000263388	0	0	0.068	0.942	0.134	0.313	0.500	0.424	0.811
NOTCH1	EGFR	9606.ENSP00000498587	9606.ENSP00000275493	0	0	0	0	0.042	0.075	0	0.872	0.877
NOTCH1	SMAD3	9606.ENSP00000498587	9606.ENSP00000332973	0	0	0	0	0.060	0.293	0	0.942	0.958
NOTCH1	HEY1	9606.ENSP00000498587	9606.ENSP00000338272	0	0	0	0	0.056	0.450	0.500	0.881	0.965
NOTCH1	SMAD4	9606.ENSP00000498587	9606.ENSP00000341551	0	0	0	0	0.049	0.043	0	0.809	0.811
NOTCH1	APH1A	9606.ENSP00000498587	9606.ENSP00000358105	0	0	0	0	0.072	0.800	0.650	0.727	0.979
NOTCH1	NOTCH4	9606.ENSP00000498587	9606.ENSP00000364163	0	0	0.078	0.878	0.049	0	0.500	0.690	0.846
NOTCH1	HIF1A	9606.ENSP00000498587	9606.ENSP00000437955	0	0	0	0	0.042	0.292	0.900	0.917	0.993
NOTCH1	CTNNB1	9606.ENSP00000498587	9606.ENSP00000495360	0	0	0	0	0.083	0.328	0.500	0.931	0.976
NOTCH2	DLL3	9606.ENSP00000256646	9606.ENSP00000205143	0	0	0	0.648	0	0	0.900	0.988	0.998
NOTCH2	EP300	9606.ENSP00000256646	9606.ENSP00000263253	0	0	0	0	0.049	0.065	0.500	0.631	0.814
NOTCH2	CREBBP	9606.ENSP00000256646	9606.ENSP00000262367	0	0	0	0	0.049	0.065	0.500	0.639	0.818
NOTCH2	NOTCH4	9606.ENSP00000256646	9606.ENSP00000364163	0	0	0.083	0.874	0	0.126	0.500	0.611	0.823
NOTCH2	DTX1	9606.ENSP00000256646	9606.ENSP00000257600	0	0	0	0	0	0.133	0.650	0.751	0.918
NOTCH2	NOTCH1	9606.ENSP00000256646	9606.ENSP00000498587	0	0	0.065	0.950	0.145	0.180	0.900	0.122	0.932
NOTCH3	DLL3	9606.ENSP00000263388	9606.ENSP00000205143	0	0	0	0.633	0	0	0.900	0.981	0.998
NOTCH3	DTX1	9606.ENSP00000263388	9606.ENSP00000257600	0	0	0	0	0	0.133	0.650	0.587	0.863
NOTCH3	NOTCH1	9606.ENSP00000263388	9606.ENSP00000498587	0	0	0.068	0.942	0.134	0.313	0.500	0.424	0.811
NOTCH3	NOTCH4	9606.ENSP00000263388	9606.ENSP00000364163	0	0	0.089	0.864	0.076	0.109	0.500	0.613	0.828
NOTCH3	APH1A	9606.ENSP00000263388	9606.ENSP00000358105	0	0	0	0	0	0.053	0.650	0.614	0.860
NOTCH3	HEY1	9606.ENSP00000263388	9606.ENSP00000338272	0	0	0	0	0.056	0.071	0.500	0.784	0.892
NOTCH4	DLL3	9606.ENSP00000364163	9606.ENSP00000205143	0	0	0	0.630	0.042	0	0.900	0.988	0.998
NOTCH4	NOTCH2	9606.ENSP00000364163	9606.ENSP00000256646	0	0	0.083	0.874	0	0.126	0.500	0.611	0.823
NOTCH4	DTX1	9606.ENSP00000364163	9606.ENSP00000257600	0	0	0	0	0.060	0.071	0.650	0.477	0.818
NOTCH4	NOTCH3	9606.ENSP00000364163	9606.ENSP00000263388	0	0	0.089	0.864	0.076	0.109	0.500	0.613	0.828
NOTCH4	SMAD3	9606.ENSP00000364163	9606.ENSP00000332973	0	0	0	0	0	0.293	0.900	0.312	0.947
NOTCH4	HEY1	9606.ENSP00000364163	9606.ENSP00000338272	0	0	0	0	0.120	0.071	0.400	0.841	0.911
NOTCH4	NOTCH1	9606.ENSP00000364163	9606.ENSP00000498587	0	0	0.078	0.878	0.049	0	0.500	0.690	0.846
NPM1	AGO2	9606.ENSP00000296930	9606.ENSP00000220592	0	0	0	0	0.066	0.292	0	0.989	0.992
NPM1	ATIC	9606.ENSP00000296930	9606.ENSP00000236959	0	0	0	0	0.261	0	0.500	0.701	0.879
NPM1	FLT3	9606.ENSP00000296930	9606.ENSP00000241453	0	0	0	0	0	0.168	0	0.934	0.943
NPM1	RB1	9606.ENSP00000296930	9606.ENSP00000267163	0	0	0	0	0.077	0.625	0	0.509	0.815
NPM1	TP53	9606.ENSP00000296930	9606.ENSP00000269305	0	0	0	0	0.124	0.847	0.500	0.967	0.997
NPM1	H3C1	9606.ENSP00000296930	9606.ENSP00000480826	0	0	0	0	0.085	0.794	0	0.066	0.809
NPM1	STAT5A	9606.ENSP00000296930	9606.ENSP00000341208	0	0	0	0	0	0	0.500	0.635	0.809
NPM1	CEBPA	9606.ENSP00000296930	9606.ENSP00000427514	0	0	0	0	0	0	0	0.813	0.813
NPM1	CLTC	9606.ENSP00000296930	9606.ENSP00000479606	0	0	0	0	0.068	0.292	0.400	0.641	0.838
NPM1	EML4	9606.ENSP00000296930	9606.ENSP00000320663	0	0	0	0	0.063	0	0.400	0.757	0.851
NPM1	BRCA2	9606.ENSP00000296930	9606.ENSP00000369497	0	0	0	0	0.086	0.292	0	0.796	0.856
NPM1	NUMA1	9606.ENSP00000296930	9606.ENSP00000377298	0	0	0	0	0.154	0.162	0	0.817	0.858
NPM1	ASXL1	9606.ENSP00000296930	9606.ENSP00000364839	0	0	0	0	0.090	0.292	0	0.852	0.897
NPM1	PARP1	9606.ENSP00000296930	9606.ENSP00000355759	0	0	0	0	0.180	0.331	0	0.949	0.970
NPM1	CTCF	9606.ENSP00000296930	9606.ENSP00000494538	0	0	0	0	0.097	0.714	0	0.913	0.975
NPM1	RPL5	9606.ENSP00000296930	9606.ENSP00000359345	0	0	0	0	0.675	0.623	0	0.820	0.976
NPM1	ALK	9606.ENSP00000296930	9606.ENSP00000373700	0	0	0	0	0.067	0	0.400	0.990	0.994
NPM1	CDKN2A	9606.ENSP00000296930	9606.ENSP00000418915	0	0	0	0	0	0.874	0	0.995	0.999
NQO1	TP53	9606.ENSP00000319788	9606.ENSP00000269305	0	0	0	0	0	0.735	0	0.806	0.946
NQO1	HIF1A	9606.ENSP00000319788	9606.ENSP00000437955	0	0	0	0	0.042	0.312	0	0.794	0.852
NQO1	KEAP1	9606.ENSP00000319788	9606.ENSP00000377245	0	0	0	0	0.044	0	0	0.953	0.953
NSD1	NUP98	9606.ENSP00000395929	9606.ENSP00000316032	0	0	0	0	0.116	0.053	0	0.930	0.937
NSD3	H3-3B	9606.ENSP00000313983	9606.ENSP00000254810	0	0	0	0	0.059	0.911	0	0.672	0.970
NSD3	BRD4	9606.ENSP00000313983	9606.ENSP00000263377	0	0	0	0	0.120	0.986	0	0.983	0.999
NSD3	NUTM1	9606.ENSP00000313983	9606.ENSP00000444896	0	0	0	0	0.054	0.079	0	0.810	0.820
NSD3	NUP98	9606.ENSP00000313983	9606.ENSP00000316032	0	0	0	0	0.069	0.053	0	0.823	0.831
NSD3	H2AC17	9606.ENSP00000313983	9606.ENSP00000352627	0	0	0	0	0	0.913	0	0	0.913
NSD3	H3C8	9606.ENSP00000313983	9606.ENSP00000484638	0	0	0	0	0.059	0.911	0	0.072	0.915
NSD3	H3C1	9606.ENSP00000313983	9606.ENSP00000480826	0	0	0	0	0.059	0.967	0	0.072	0.969
NSD3	H3C13	9606.ENSP00000313983	9606.ENSP00000333277	0	0	0	0	0.059	0.911	0.400	0.670	0.981
NTRK1	PIK3R2	9606.ENSP00000431418	9606.ENSP00000222254	0	0	0	0	0	0.179	0.900	0.224	0.930
NTRK1	PIK3R3	9606.ENSP00000431418	9606.ENSP00000262741	0	0	0	0	0	0.145	0.900	0.186	0.924
NTRK1	PIK3CA	9606.ENSP00000431418	9606.ENSP00000263967	0	0	0	0	0.050	0.087	0.900	0.593	0.960
NTRK1	FGF10	9606.ENSP00000431418	9606.ENSP00000264664	0	0	0	0	0	0	0.650	0.696	0.889
NTRK1	NTRK2	9606.ENSP00000431418	9606.ENSP00000277120	0	0	0.064	0.929	0.067	0.095	0.500	0.978	0.989
NTRK1	CSF1	9606.ENSP00000431418	9606.ENSP00000327513	0	0	0	0	0.042	0	0.650	0.762	0.913
NTRK1	TPR	9606.ENSP00000431418	9606.ENSP00000356448	0	0	0	0	0	0.104	0.900	0.379	0.939
NTRK1	ABL1	9606.ENSP00000431418	9606.ENSP00000361423	0	0	0	0.642	0	0.510	0.900	0.212	0.958
NTRK1	PIK3CD	9606.ENSP00000431418	9606.ENSP00000366563	0	0	0	0	0.050	0.069	0.900	0.222	0.922
NTRK1	IGF1	9606.ENSP00000431418	9606.ENSP00000376637	0	0	0	0	0	0.063	0.650	0.972	0.990
NTRK1	PIK3R1	9606.ENSP00000431418	9606.ENSP00000428056	0	0	0	0	0	0.453	0.900	0.370	0.962
NTRK1	PLCG2	9606.ENSP00000431418	9606.ENSP00000482457	0	0	0	0	0	0.059	0.900	0.108	0.908
NTRK1	PIK3CB	9606.ENSP00000431418	9606.ENSP00000501150	0	0	0	0	0.050	0.087	0.900	0.313	0.932
NTRK2	EGFR	9606.ENSP00000277120	9606.ENSP00000275493	0	0	0	0.591	0.134	0.640	0	0.653	0.882
NTRK2	IGF1	9606.ENSP00000277120	9606.ENSP00000376637	0	0	0	0	0.062	0.063	0.650	0.686	0.890
NTRK2	PLCG2	9606.ENSP00000277120	9606.ENSP00000482457	0	0	0	0	0	0.059	0.900	0.100	0.907
NTRK2	ABL1	9606.ENSP00000277120	9606.ENSP00000361423	0	0	0	0.634	0	0	0.900	0.145	0.910
NTRK2	PTPN11	9606.ENSP00000277120	9606.ENSP00000489597	0	0	0	0	0.042	0.215	0.500	0.858	0.939
NTRK2	NTRK1	9606.ENSP00000277120	9606.ENSP00000431418	0	0	0.064	0.929	0.067	0.095	0.500	0.978	0.989
NUF2	TOP2A	9606.ENSP00000271452	9606.ENSP00000411532	0	0	0	0	0.819	0	0	0.661	0.936
NUF2	BUB1B	9606.ENSP00000271452	9606.ENSP00000287598	0	0	0	0	0.853	0.189	0.500	0.717	0.980
NUF2	KNL1	9606.ENSP00000271452	9606.ENSP00000335463	0	0	0	0	0.513	0.827	0.540	0.823	0.992
NUMA1	BRD4	9606.ENSP00000377298	9606.ENSP00000263377	0	0	0	0	0.089	0.786	0	0.166	0.823
NUMA1	NPM1	9606.ENSP00000377298	9606.ENSP00000296930	0	0	0	0	0.154	0.162	0	0.817	0.858
NUMA1	ZBTB16	9606.ENSP00000377298	9606.ENSP00000338157	0	0	0	0	0.055	0.091	0	0.816	0.828
NUP214	RANBP2	9606.ENSP00000352400	9606.ENSP00000283195	0	0	0	0	0.079	0.921	0.800	0.997	0.999
NUP214	TLX3	9606.ENSP00000352400	9606.ENSP00000296921	0	0	0	0	0	0	0	0.848	0.848
NUP214	NUP93	9606.ENSP00000352400	9606.ENSP00000310668	0	0	0	0	0.049	0.984	0.800	0.844	0.999
NUP214	NUP98	9606.ENSP00000352400	9606.ENSP00000316032	0	0	0	0.547	0.117	0.993	0.500	0.820	0.999
NUP214	TNFSF13	9606.ENSP00000352400	9606.ENSP00000343505	0	0	0	0	0	0	0.800	0	0.800
NUP214	ABL1	9606.ENSP00000352400	9606.ENSP00000361423	0	0	0	0	0.058	0	0	0.906	0.907
NUP214	DEK	9606.ENSP00000352400	9606.ENSP00000498653	0	0	0	0	0.097	0	0	0.928	0.932
NUP214	TPR	9606.ENSP00000352400	9606.ENSP00000356448	0	0	0	0	0.163	0.296	0.800	0.688	0.958
NUP93	RANBP2	9606.ENSP00000310668	9606.ENSP00000283195	0	0	0	0	0.238	0.957	0.800	0.852	0.998
NUP93	TPR	9606.ENSP00000310668	9606.ENSP00000356448	0	0	0	0	0.155	0.480	0.800	0.662	0.966
NUP93	NUP98	9606.ENSP00000310668	9606.ENSP00000316032	0	0	0	0	0.421	0.987	0.500	0.897	0.999
NUP93	NUP214	9606.ENSP00000310668	9606.ENSP00000352400	0	0	0	0	0.049	0.984	0.800	0.844	0.999
NUP98	PRRX1	9606.ENSP00000316032	9606.ENSP00000239461	0	0	0	0	0	0	0	0.842	0.842
NUP98	CREBBP	9606.ENSP00000316032	9606.ENSP00000262367	0	0	0	0	0.157	0.510	0	0.588	0.815
NUP98	RANBP2	9606.ENSP00000316032	9606.ENSP00000283195	0	0	0	0	0.279	0.965	0.900	0.974	0.999
NUP98	MSI2	9606.ENSP00000316032	9606.ENSP00000284073	0	0	0	0	0.076	0.125	0	0.844	0.862
NUP98	BUB1B	9606.ENSP00000316032	9606.ENSP00000287598	0	0	0	0	0.097	0	0.500	0.660	0.833
NUP98	NUP93	9606.ENSP00000316032	9606.ENSP00000310668	0	0	0	0	0.421	0.987	0.500	0.897	0.999
NUP98	NSD3	9606.ENSP00000316032	9606.ENSP00000313983	0	0	0	0	0.069	0.053	0	0.823	0.831
NUP98	DDX10	9606.ENSP00000316032	9606.ENSP00000314348	0	0	0	0	0.066	0.092	0	0.825	0.839
NUP98	SETBP1	9606.ENSP00000316032	9606.ENSP00000497406	0	0	0	0	0.060	0.053	0	0.805	0.811
NUP98	HOXD13	9606.ENSP00000316032	9606.ENSP00000376322	0	0	0	0	0	0	0	0.828	0.828
NUP98	KDM5A	9606.ENSP00000316032	9606.ENSP00000382688	0	0	0	0	0.136	0	0	0.896	0.906
NUP98	NSD1	9606.ENSP00000316032	9606.ENSP00000395929	0	0	0	0	0.116	0.053	0	0.930	0.937
NUP98	HOXA9	9606.ENSP00000316032	9606.ENSP00000343619	0	0	0	0	0	0	0	0.964	0.964
NUP98	TPR	9606.ENSP00000316032	9606.ENSP00000356448	0	0	0	0	0.278	0.644	0.900	0.793	0.994
NUP98	NUP214	9606.ENSP00000316032	9606.ENSP00000352400	0	0	0	0.547	0.117	0.993	0.500	0.820	0.999
NUTM1	EP300	9606.ENSP00000444896	9606.ENSP00000263253	0	0	0	0	0	0.516	0	0.755	0.876
NUTM1	BRD4	9606.ENSP00000444896	9606.ENSP00000263377	0	0	0	0	0	0	0	0.981	0.981
NUTM1	NSD3	9606.ENSP00000444896	9606.ENSP00000313983	0	0	0	0	0.054	0.079	0	0.810	0.820
P2RY8	IKZF1	9606.ENSP00000370697	9606.ENSP00000331614	0	0	0	0	0.337	0.053	0	0.730	0.815
P2RY8	CRLF2	9606.ENSP00000370697	9606.ENSP00000370978	0	0	0	0	0	0	0	0.953	0.953
PAG1	SLC9A3R1	9606.ENSP00000220597	9606.ENSP00000262613	0	0	0	0	0	0.406	0	0.838	0.899
PAG1	LYN	9606.ENSP00000220597	9606.ENSP00000428924	0	0	0	0	0.122	0.679	0	0.874	0.961
PAK1	MAP3K1	9606.ENSP00000278568	9606.ENSP00000382423	0	0	0	0.633	0.054	0.395	0.750	0.146	0.861
PAK1	ROBO1	9606.ENSP00000278568	9606.ENSP00000420321	0	0	0	0	0.074	0.073	0.900	0.102	0.912
PAK1	NF2	9606.ENSP00000278568	9606.ENSP00000344666	0	0	0	0	0.067	0.301	0.700	0.611	0.914
PAK1	MAP3K14	9606.ENSP00000278568	9606.ENSP00000482657	0	0	0	0.604	0	0.143	0.900	0.115	0.917
PAK1	RAF1	9606.ENSP00000278568	9606.ENSP00000401888	0	0	0	0.593	0.060	0.525	0.900	0.169	0.957
PAK1	PAK3	9606.ENSP00000278568	9606.ENSP00000353864	0	0	0.053	0.975	0	0.597	0.900	0.053	0.959
PAK1	CDC42	9606.ENSP00000278568	9606.ENSP00000497733	0	0	0	0	0.092	0.993	0.900	0.993	0.999
PAK1	RAC1	9606.ENSP00000278568	9606.ENSP00000348461	0	0	0	0	0.063	0.995	0.700	0.580	0.999
PAK3	PAK1	9606.ENSP00000353864	9606.ENSP00000278568	0	0	0.053	0.975	0	0.597	0.900	0.053	0.959
PAK3	RAC1	9606.ENSP00000353864	9606.ENSP00000348461	0	0	0	0	0.056	0.729	0.700	0.208	0.931
PAK3	RAF1	9606.ENSP00000353864	9606.ENSP00000401888	0	0	0	0.591	0	0.071	0.900	0.105	0.909
PAK3	ROBO1	9606.ENSP00000353864	9606.ENSP00000420321	0	0	0	0	0.088	0.073	0.900	0.077	0.911
PAK3	CDC42	9606.ENSP00000353864	9606.ENSP00000497733	0	0	0	0	0.086	0.669	0.900	0.869	0.995
PALB2	FANCE	9606.ENSP00000261584	9606.ENSP00000229769	0	0	0	0	0.222	0	0	0.858	0.884
PALB2	MLH1	9606.ENSP00000261584	9606.ENSP00000231790	0	0	0	0	0.085	0	0.540	0.765	0.892
PALB2	MSH2	9606.ENSP00000261584	9606.ENSP00000233146	0	0	0	0	0.108	0	0.540	0.773	0.898
PALB2	MSH6	9606.ENSP00000261584	9606.ENSP00000234420	0	0	0	0	0.075	0	0.540	0.773	0.894
PALB2	BRIP1	9606.ENSP00000261584	9606.ENSP00000259008	0	0	0	0	0.149	0.292	0.900	0.980	0.998
PALB2	NBN	9606.ENSP00000261584	9606.ENSP00000265433	0	0	0	0	0.095	0	0.500	0.596	0.801
PALB2	MSH3	9606.ENSP00000261584	9606.ENSP00000265081	0	0	0	0	0.247	0	0.540	0.475	0.802
PALB2	POLD1	9606.ENSP00000261584	9606.ENSP00000472445	0	0	0	0	0.058	0	0.540	0.586	0.805
PALB2	ERCC5	9606.ENSP00000261584	9606.ENSP00000498881	0.044	0	0	0	0.100	0.292	0.540	0.436	0.813
PALB2	ERCC4	9606.ENSP00000261584	9606.ENSP00000310520	0	0	0	0	0.068	0	0.540	0.610	0.818
PALB2	STK11	9606.ENSP00000261584	9606.ENSP00000324856	0	0	0	0	0	0	0	0.843	0.843
PALB2	RAD52	9606.ENSP00000261584	9606.ENSP00000351284	0	0	0	0	0.047	0	0	0.844	0.845
PALB2	FANCG	9606.ENSP00000261584	9606.ENSP00000367910	0	0	0	0	0.109	0	0	0.855	0.865
PALB2	FANCB	9606.ENSP00000261584	9606.ENSP00000498215	0	0	0	0	0.097	0	0	0.858	0.866
PALB2	SLX4	9606.ENSP00000261584	9606.ENSP00000294008	0.056	0	0	0	0.078	0	0.500	0.732	0.868
PALB2	MRE11	9606.ENSP00000261584	9606.ENSP00000325863	0	0	0	0	0.094	0	0.500	0.736	0.870
PALB2	FANCL	9606.ENSP00000261584	9606.ENSP00000385021	0	0	0	0	0.082	0	0	0.878	0.883
PALB2	FANCA	9606.ENSP00000261584	9606.ENSP00000373952	0	0	0	0	0.182	0	0	0.883	0.900
PALB2	CHEK2	9606.ENSP00000261584	9606.ENSP00000372023	0	0	0	0	0.068	0	0	0.919	0.921
PALB2	FANCM	9606.ENSP00000261584	9606.ENSP00000267430	0	0	0	0	0.138	0	0	0.933	0.940
PALB2	ATM	9606.ENSP00000261584	9606.ENSP00000278616	0	0	0	0	0	0	0.540	0.886	0.945
PALB2	FANCI	9606.ENSP00000261584	9606.ENSP00000310842	0	0	0	0	0.153	0	0.540	0.972	0.988
PALB2	FANCD2	9606.ENSP00000261584	9606.ENSP00000287647	0	0	0	0	0.128	0	0.540	0.981	0.991
PALB2	KEAP1	9606.ENSP00000261584	9606.ENSP00000377245	0	0	0	0	0.074	0.847	0.400	0.961	0.996
PALB2	RAD51	9606.ENSP00000261584	9606.ENSP00000493712	0.061	0	0	0	0.145	0.911	0.500	0.997	0.999
PALB2	BRCA1	9606.ENSP00000261584	9606.ENSP00000418960	0	0	0	0	0.097	0.944	0.900	0.999	0.999
PALB2	RAD51C	9606.ENSP00000261584	9606.ENSP00000336701	0.061	0	0	0	0.088	0.294	0.900	0.995	0.999
PALB2	BRCA2	9606.ENSP00000261584	9606.ENSP00000369497	0	0	0	0	0.166	0.997	0.900	0.999	0.999
PARP1	ERCC1	9606.ENSP00000355759	9606.ENSP00000013807	0	0	0	0	0.049	0	0.500	0.746	0.869
PARP1	PARP2	9606.ENSP00000355759	9606.ENSP00000250416	0	0	0.098	0.870	0.130	0.613	0.800	0.513	0.965
PARP1	H3-3B	9606.ENSP00000355759	9606.ENSP00000254810	0	0	0	0	0.067	0.574	0	0.626	0.838
PARP1	EP300	9606.ENSP00000355759	9606.ENSP00000263253	0	0	0	0	0.076	0.786	0	0.447	0.881
PARP1	POLQ	9606.ENSP00000355759	9606.ENSP00000264233	0	0	0	0	0.088	0	0.500	0.678	0.840
PARP1	TP53	9606.ENSP00000355759	9606.ENSP00000269305	0	0	0	0	0.067	0.794	0	0.870	0.972
PARP1	ATM	9606.ENSP00000355759	9606.ENSP00000278616	0	0	0	0	0.056	0.292	0	0.828	0.875
PARP1	XPC	9606.ENSP00000355759	9606.ENSP00000285021	0	0	0	0	0.049	0.830	0.500	0.221	0.928
PARP1	ERCC3	9606.ENSP00000355759	9606.ENSP00000285398	0	0	0	0	0.092	0	0.500	0.623	0.813
PARP1	NPM1	9606.ENSP00000355759	9606.ENSP00000296930	0	0	0	0	0.180	0.331	0	0.949	0.970
PARP1	WRN	9606.ENSP00000355759	9606.ENSP00000298139	0	0	0	0	0.049	0.521	0	0.828	0.915
PARP1	MRE11	9606.ENSP00000355759	9606.ENSP00000325863	0	0	0	0	0.133	0.292	0.500	0.448	0.808
PARP1	SMAD3	9606.ENSP00000355759	9606.ENSP00000332973	0	0	0	0	0.049	0	0.500	0.746	0.869
PARP1	SMAD4	9606.ENSP00000355759	9606.ENSP00000341551	0	0	0	0	0.049	0	0.500	0.784	0.888
PARP1	SMARCA4	9606.ENSP00000355759	9606.ENSP00000343896	0	0	0	0	0.221	0.216	0	0.995	0.996
PARP1	DNMT1	9606.ENSP00000355759	9606.ENSP00000352516	0	0	0	0	0.326	0.634	0	0.822	0.952
PARP1	CHD4	9606.ENSP00000355759	9606.ENSP00000440542	0	0	0	0	0.065	0.698	0	0.423	0.823
PARP1	ERCC2	9606.ENSP00000355759	9606.ENSP00000375809	0	0	0	0	0.086	0	0.500	0.690	0.846
PARP1	RAD51	9606.ENSP00000355759	9606.ENSP00000493712	0	0	0	0	0.144	0	0	0.844	0.860
PARP1	TIPARP	9606.ENSP00000355759	9606.ENSP00000420612	0	0	0	0	0	0	0	0.862	0.862
PARP1	TP53BP1	9606.ENSP00000355759	9606.ENSP00000371475	0	0	0	0	0.074	0.303	0	0.828	0.879
PARP1	HDAC1	9606.ENSP00000355759	9606.ENSP00000362649	0	0	0	0	0.124	0.647	0	0.701	0.900
PARP1	BCL2	9606.ENSP00000355759	9606.ENSP00000381185	0	0	0	0	0.112	0.292	0	0.879	0.917
PARP1	CTCF	9606.ENSP00000355759	9606.ENSP00000494538	0	0	0	0	0.059	0.688	0	0.762	0.924
PARP1	BRCA1	9606.ENSP00000355759	9606.ENSP00000418960	0	0	0	0	0.085	0.596	0	0.935	0.974
PARP1	BRCA2	9606.ENSP00000355759	9606.ENSP00000369497	0	0	0	0	0.060	0.621	0.400	0.942	0.985
PARP2	XPC	9606.ENSP00000250416	9606.ENSP00000285021	0	0	0	0	0.049	0.695	0.500	0.159	0.861
PARP2	BRCA2	9606.ENSP00000250416	9606.ENSP00000369497	0	0	0	0	0.049	0.225	0.400	0.730	0.865
PARP2	PARP1	9606.ENSP00000250416	9606.ENSP00000355759	0	0	0.098	0.870	0.130	0.613	0.800	0.513	0.965
PAX8	SMAD3	9606.ENSP00000263334	9606.ENSP00000332973	0	0	0	0	0.057	0	0	0.837	0.839
PAX8	RXRA	9606.ENSP00000263334	9606.ENSP00000419692	0	0	0	0	0	0.045	0.900	0.100	0.906
PAX8	PRKACA	9606.ENSP00000263334	9606.ENSP00000309591	0	0	0	0	0	0	0.900	0.165	0.913
PAX8	PRKCB	9606.ENSP00000263334	9606.ENSP00000496129	0	0	0	0	0.060	0	0.900	0.201	0.918
PBRM1	H3-3B	9606.ENSP00000386593	9606.ENSP00000254810	0	0	0	0	0.068	0.926	0	0.898	0.992
PBRM1	ARID1A	9606.ENSP00000386593	9606.ENSP00000320485	0	0	0	0	0.183	0.556	0.720	0.997	0.999
PBRM1	H3C13	9606.ENSP00000386593	9606.ENSP00000333277	0	0	0	0	0.058	0.926	0.400	0.897	0.995
PBRM1	ARID2	9606.ENSP00000386593	9606.ENSP00000335044	0	0	0	0	0.643	0.985	0.800	0.999	0.999
PBRM1	SMARCB1	9606.ENSP00000386593	9606.ENSP00000340883	0	0	0	0	0.109	0.992	0.720	0.995	0.999
PBRM1	SMARCA4	9606.ENSP00000386593	9606.ENSP00000343896	0	0	0	0.549	0.214	0.994	0.720	0.991	0.999
PBRM1	KDM5C	9606.ENSP00000386593	9606.ENSP00000364550	0	0	0	0	0.192	0.292	0	0.772	0.858
PBRM1	SMARCA2	9606.ENSP00000386593	9606.ENSP00000371638	0	0	0	0.549	0.150	0.921	0.720	0.965	0.999
PBRM1	SETD2	9606.ENSP00000386593	9606.ENSP00000386759	0	0	0	0	0.333	0.091	0	0.857	0.906
PBRM1	H3C8	9606.ENSP00000386593	9606.ENSP00000484638	0	0	0	0	0	0.926	0	0.116	0.932
PBRM1	H3C1	9606.ENSP00000386593	9606.ENSP00000480826	0	0	0	0	0	0.976	0	0.116	0.978
PBRM1	ACTB	9606.ENSP00000386593	9606.ENSP00000494750	0	0	0	0	0	0.843	0.800	0.533	0.984
PBRM1	ARID1B	9606.ENSP00000386593	9606.ENSP00000490491	0	0	0	0	0.253	0.359	0.720	0.993	0.998
PCBP1	SRSF2	9606.ENSP00000305556	9606.ENSP00000376276	0	0	0	0	0.138	0	0.400	0.676	0.818
PCBP1	SMAD3	9606.ENSP00000305556	9606.ENSP00000332973	0	0	0	0	0.047	0	0	0.928	0.928
PCBP1	PRPF8	9606.ENSP00000305556	9606.ENSP00000460348	0	0	0	0	0.190	0.994	0	0.156	0.995
PDCD11	FANCE	9606.ENSP00000358812	9606.ENSP00000229769	0	0	0	0	0.808	0.486	0	0.315	0.926
PDCD11	CCNE1	9606.ENSP00000358812	9606.ENSP00000262643	0	0	0	0	0.825	0	0	0	0.825
PDCD11	DDX10	9606.ENSP00000358812	9606.ENSP00000314348	0	0	0	0	0.838	0.139	0	0.824	0.973
PDCD11	DHX15	9606.ENSP00000358812	9606.ENSP00000336741	0.061	0	0	0	0.696	0.257	0	0.754	0.941
PDCD11	RPL5	9606.ENSP00000358812	9606.ENSP00000359345	0.056	0	0	0	0.922	0.590	0	0.490	0.982
PDE4DIP	PRKACA	9606.ENSP00000358363	9606.ENSP00000309591	0	0	0	0	0.051	0.806	0	0.159	0.832
PDGFRA	PIK3R2	9606.ENSP00000257290	9606.ENSP00000222254	0	0	0	0	0.044	0.230	0.900	0.263	0.938
PDGFRA	NF1	9606.ENSP00000257290	9606.ENSP00000351015	0	0	0	0	0.044	0	0	0.803	0.804
PDGFRA	PTEN	9606.ENSP00000257290	9606.ENSP00000361021	0	0	0	0	0.042	0.192	0	0.796	0.828
PDGFRA	CSF1	9606.ENSP00000257290	9606.ENSP00000327513	0	0	0	0	0.081	0.093	0.650	0.591	0.864
PDGFRA	FGF10	9606.ENSP00000257290	9606.ENSP00000264664	0	0	0	0	0.133	0.168	0.650	0.583	0.880
PDGFRA	IGF1	9606.ENSP00000257290	9606.ENSP00000376637	0	0	0	0	0.087	0	0.650	0.681	0.889
PDGFRA	PLCG2	9606.ENSP00000257290	9606.ENSP00000482457	0	0	0	0	0	0.094	0.900	0.125	0.913
PDGFRA	PIK3CD	9606.ENSP00000257290	9606.ENSP00000366563	0	0	0	0	0	0.098	0.900	0.227	0.924
PDGFRA	PIK3R3	9606.ENSP00000257290	9606.ENSP00000262741	0	0	0	0	0	0.266	0.900	0.231	0.938
PDGFRA	PIK3CB	9606.ENSP00000257290	9606.ENSP00000501150	0	0	0	0	0	0.098	0.900	0.562	0.957
PDGFRA	FIP1L1	9606.ENSP00000257290	9606.ENSP00000336752	0	0	0	0	0	0	0	0.981	0.981
PDGFRA	EGFR	9606.ENSP00000257290	9606.ENSP00000275493	0	0	0	0.566	0.108	0.663	0.900	0.590	0.986
PDGFRA	PIK3CA	9606.ENSP00000257290	9606.ENSP00000263967	0	0	0	0	0	0.334	0.900	0.866	0.990
PDGFRA	PTPN11	9606.ENSP00000257290	9606.ENSP00000489597	0	0	0	0	0.060	0.607	0.900	0.888	0.995
PDGFRA	PIK3R1	9606.ENSP00000257290	9606.ENSP00000428056	0	0	0	0	0.054	0.808	0.900	0.795	0.995
PGR	PIK3R2	9606.ENSP00000325120	9606.ENSP00000222254	0	0	0	0	0	0.065	0.900	0.138	0.912
PGR	FOXA1	9606.ENSP00000325120	9606.ENSP00000250448	0	0	0	0	0.083	0.045	0.500	0.774	0.887
PGR	PIK3R3	9606.ENSP00000325120	9606.ENSP00000262741	0	0	0	0	0	0.065	0.900	0.132	0.911
PGR	PIK3CA	9606.ENSP00000325120	9606.ENSP00000263967	0	0	0	0	0.060	0	0.900	0.626	0.961
PGR	NCOR1	9606.ENSP00000325120	9606.ENSP00000268712	0	0	0	0	0	0.932	0.500	0.831	0.993
PGR	TP53	9606.ENSP00000325120	9606.ENSP00000269305	0	0	0	0	0	0	0	0.849	0.849
PGR	ERBB2	9606.ENSP00000325120	9606.ENSP00000269571	0	0	0	0	0	0.329	0	0.972	0.980
PGR	EGFR	9606.ENSP00000325120	9606.ENSP00000275493	0	0	0	0	0	0.092	0	0.820	0.830
PGR	STAT5B	9606.ENSP00000325120	9606.ENSP00000293328	0	0	0	0	0	0.309	0	0.832	0.879
PGR	PRKACA	9606.ENSP00000325120	9606.ENSP00000309591	0	0	0	0	0	0	0.900	0.398	0.937
PGR	GATA3	9606.ENSP00000325120	9606.ENSP00000368632	0	0	0	0	0.056	0.057	0.500	0.623	0.810
PGR	FGFR2	9606.ENSP00000325120	9606.ENSP00000410294	0	0	0	0	0.048	0.294	0	0.800	0.854
PGR	ERBB4	9606.ENSP00000325120	9606.ENSP00000342235	0	0	0	0	0.107	0.092	0.750	0.485	0.881
PGR	STAT5A	9606.ENSP00000325120	9606.ENSP00000341208	0	0	0	0	0	0.309	0	0.841	0.885
PGR	PIK3CD	9606.ENSP00000325120	9606.ENSP00000366563	0	0	0	0	0.060	0	0.900	0.136	0.911
PGR	NCOA2	9606.ENSP00000325120	9606.ENSP00000399968	0	0	0	0	0	0.582	0	0.796	0.911
PGR	PIK3CB	9606.ENSP00000325120	9606.ENSP00000501150	0	0	0	0	0.060	0	0.900	0.220	0.920
PGR	PIK3R1	9606.ENSP00000325120	9606.ENSP00000428056	0	0	0	0	0	0.065	0.900	0.322	0.931
PGR	BRCA1	9606.ENSP00000325120	9606.ENSP00000418960	0	0	0	0	0	0.512	0	0.928	0.963
PGR	ESR1	9606.ENSP00000325120	9606.ENSP00000405330	0	0	0	0.673	0.240	0.771	0.700	0.560	0.974
PGR	NCOR2	9606.ENSP00000325120	9606.ENSP00000384018	0	0	0	0	0	0.963	0.500	0.619	0.992
PHF1	H3-3B	9606.ENSP00000363640	9606.ENSP00000254810	0	0	0	0	0.069	0.091	0.500	0.652	0.833
PHF1	TP53	9606.ENSP00000363640	9606.ENSP00000269305	0	0	0	0	0	0.615	0	0.507	0.802
PHF1	SUZ12	9606.ENSP00000363640	9606.ENSP00000316578	0	0	0	0	0.068	0.883	0.500	0.885	0.992
PHF1	H3C13	9606.ENSP00000363640	9606.ENSP00000333277	0	0	0	0	0.067	0.905	0.500	0.705	0.985
PHF1	EED	9606.ENSP00000363640	9606.ENSP00000338186	0	0	0	0	0.077	0.889	0.500	0.506	0.971
PHF1	H3C8	9606.ENSP00000363640	9606.ENSP00000484638	0	0	0	0	0.067	0.930	0	0.074	0.934
PHF1	EZH1	9606.ENSP00000363640	9606.ENSP00000404658	0	0	0	0	0.090	0.797	0	0.704	0.940
PHF1	H3C1	9606.ENSP00000363640	9606.ENSP00000480826	0	0	0	0	0.067	0.951	0	0.077	0.955
PHF1	PHF19	9606.ENSP00000363640	9606.ENSP00000483946	0	0	0.077	0.885	0.042	0.302	0.500	0.899	0.963
PHF19	H3-3B	9606.ENSP00000483946	9606.ENSP00000254810	0	0	0	0	0.067	0.091	0.500	0.623	0.819
PHF19	SUZ12	9606.ENSP00000483946	9606.ENSP00000316578	0	0	0	0	0.070	0.985	0.500	0.766	0.998
PHF19	H3C13	9606.ENSP00000483946	9606.ENSP00000333277	0	0	0	0	0.067	0.091	0.500	0.623	0.819
PHF19	EED	9606.ENSP00000483946	9606.ENSP00000338186	0	0	0	0	0.085	0.884	0.500	0.533	0.972
PHF19	PHF1	9606.ENSP00000483946	9606.ENSP00000363640	0	0	0.077	0.885	0.042	0.302	0.500	0.899	0.963
PHF19	EZH1	9606.ENSP00000483946	9606.ENSP00000404658	0	0	0	0	0.067	0.827	0.360	0.758	0.971
PHF6	TLX3	9606.ENSP00000329097	9606.ENSP00000296921	0	0	0	0	0	0.045	0	0.896	0.896
PHF6	KMT2A	9606.ENSP00000329097	9606.ENSP00000436786	0	0	0	0.585	0.049	0	0	0.838	0.839
PHLPP1	PTEN	9606.ENSP00000262719	9606.ENSP00000361021	0	0	0	0	0	0.236	0	0.767	0.814
PHLPP1	PHLPP2	9606.ENSP00000262719	9606.ENSP00000457991	0	0	0.061	0.946	0.067	0.711	0.900	0.572	0.987
PHLPP2	SLC9A3R1	9606.ENSP00000457991	9606.ENSP00000262613	0	0	0	0	0	0.524	0	0.683	0.842
PHLPP2	PHLPP1	9606.ENSP00000457991	9606.ENSP00000262719	0	0	0.061	0.946	0.067	0.711	0.900	0.572	0.987
PIK3C2B	INPP4A	9606.ENSP00000356155	9606.ENSP00000074304	0	0	0	0	0.055	0	0.900	0.373	0.935
PIK3C2B	PIK3R2	9606.ENSP00000356155	9606.ENSP00000222254	0	0	0	0	0.124	0	0.900	0.505	0.952
PIK3C2B	PIK3R3	9606.ENSP00000356155	9606.ENSP00000262741	0	0	0	0	0.049	0	0.900	0.504	0.948
PIK3C2B	EGFR	9606.ENSP00000356155	9606.ENSP00000275493	0	0	0	0	0.044	0.838	0	0.576	0.928
PIK3C2B	INPPL1	9606.ENSP00000356155	9606.ENSP00000298229	0	0	0	0	0.047	0	0.900	0.569	0.955
PIK3C2B	INPP5D	9606.ENSP00000356155	9606.ENSP00000405338	0	0	0	0	0.048	0	0.900	0.173	0.914
PIK3C2B	PTEN	9606.ENSP00000356155	9606.ENSP00000361021	0	0	0	0	0.067	0	0.900	0.424	0.941
PIK3C2B	PIK3R1	9606.ENSP00000356155	9606.ENSP00000428056	0	0	0	0	0.044	0.138	0.900	0.498	0.953
PIK3C2B	PIK3C2G	9606.ENSP00000356155	9606.ENSP00000445381	0	0	0	0.847	0	0	0.900	0.688	0.967
PIK3C2G	INPP4A	9606.ENSP00000445381	9606.ENSP00000074304	0	0	0	0	0	0	0.900	0.354	0.932
PIK3C2G	PIK3R2	9606.ENSP00000445381	9606.ENSP00000222254	0	0	0	0	0	0	0.900	0.507	0.948
PIK3C2G	PIK3R3	9606.ENSP00000445381	9606.ENSP00000262741	0	0	0	0	0	0	0.900	0.473	0.945
PIK3C2G	INPPL1	9606.ENSP00000445381	9606.ENSP00000298229	0	0	0	0	0	0	0.900	0.293	0.926
PIK3C2G	PIK3C2B	9606.ENSP00000445381	9606.ENSP00000356155	0	0	0	0.847	0	0	0.900	0.688	0.967
PIK3C2G	PTEN	9606.ENSP00000445381	9606.ENSP00000361021	0	0	0	0	0.067	0	0.900	0.393	0.938
PIK3C2G	INPP5D	9606.ENSP00000445381	9606.ENSP00000405338	0	0	0	0	0	0	0.900	0.177	0.914
PIK3C2G	PIK3R1	9606.ENSP00000445381	9606.ENSP00000428056	0	0	0	0	0.050	0	0.900	0.450	0.943
PIK3CA	PIK3R2	9606.ENSP00000263967	9606.ENSP00000222254	0	0	0	0	0	0.881	0.922	0.996	0.999
PIK3CA	FLT3	9606.ENSP00000263967	9606.ENSP00000241453	0	0	0	0	0	0.098	0.900	0.572	0.958
PIK3CA	TRAF2	9606.ENSP00000263967	9606.ENSP00000247668	0	0	0	0	0.068	0	0.900	0.063	0.905
PIK3CA	PDGFRA	9606.ENSP00000263967	9606.ENSP00000257290	0	0	0	0	0	0.334	0.900	0.866	0.990
PIK3CA	FLT4	9606.ENSP00000263967	9606.ENSP00000261937	0	0	0	0	0	0.098	0.650	0.446	0.810
PIK3CA	PIK3R3	9606.ENSP00000263967	9606.ENSP00000262741	0	0	0	0	0	0.881	0.944	0.994	0.999
PIK3CA	KDR	9606.ENSP00000263967	9606.ENSP00000263923	0	0	0	0	0	0.098	0.900	0.754	0.975
PIK3CA	SMAD4	9606.ENSP00000263967	9606.ENSP00000341551	0	0	0	0	0.210	0	0	0.763	0.805
PIK3CA	BRCA2	9606.ENSP00000263967	9606.ENSP00000369497	0	0	0	0	0.047	0	0	0.811	0.812
PIK3CA	CSF1R	9606.ENSP00000263967	9606.ENSP00000286301	0	0	0	0	0.106	0.325	0.500	0.478	0.821
PIK3CA	STK11	9606.ENSP00000263967	9606.ENSP00000324856	0	0	0	0	0.049	0.178	0	0.817	0.844
PIK3CA	FLT1	9606.ENSP00000263967	9606.ENSP00000282397	0	0	0	0	0	0.098	0.650	0.672	0.887
PIK3CA	GNAQ	9606.ENSP00000263967	9606.ENSP00000286548	0	0	0	0	0.055	0.292	0.500	0.741	0.901
PIK3CA	CTNNB1	9606.ENSP00000263967	9606.ENSP00000495360	0	0	0	0	0.049	0.130	0	0.890	0.901
PIK3CA	FGFR2	9606.ENSP00000263967	9606.ENSP00000410294	0	0	0	0	0	0.087	0.650	0.737	0.908
PIK3CA	ARID1A	9606.ENSP00000263967	9606.ENSP00000320485	0	0	0	0	0.067	0	0	0.911	0.913
PIK3CA	IFNGR1	9606.ENSP00000263967	9606.ENSP00000356713	0	0	0	0	0.058	0	0.900	0.161	0.914
PIK3CA	LIFR	9606.ENSP00000263967	9606.ENSP00000398368	0	0	0	0	0.048	0	0.900	0.183	0.915
PIK3CA	ITK	9606.ENSP00000263967	9606.ENSP00000398655	0	0	0	0	0.057	0.069	0.900	0.243	0.924
PIK3CA	INPP5D	9606.ENSP00000263967	9606.ENSP00000405338	0	0	0	0	0.105	0	0.900	0.252	0.927
PIK3CA	PLCG2	9606.ENSP00000263967	9606.ENSP00000482457	0	0	0	0	0	0	0.900	0.315	0.928
PIK3CA	INPPL1	9606.ENSP00000263967	9606.ENSP00000298229	0	0	0	0	0.081	0	0.900	0.327	0.932
PIK3CA	SYK	9606.ENSP00000263967	9606.ENSP00000364898	0	0	0	0	0	0.069	0.900	0.364	0.935
PIK3CA	LYN	9606.ENSP00000263967	9606.ENSP00000428924	0	0	0	0	0.055	0.069	0.900	0.353	0.935
PIK3CA	CD28	9606.ENSP00000263967	9606.ENSP00000324890	0	0	0	0	0.057	0.292	0.900	0.220	0.940
PIK3CA	ESR1	9606.ENSP00000263967	9606.ENSP00000405330	0	0	0	0	0	0.510	0.400	0.817	0.941
PIK3CA	TP53	9606.ENSP00000263967	9606.ENSP00000269305	0	0	0	0	0	0.292	0	0.920	0.941
PIK3CA	BTK	9606.ENSP00000263967	9606.ENSP00000483570	0	0	0	0	0.057	0.069	0.900	0.461	0.946
PIK3CA	INSR	9606.ENSP00000263967	9606.ENSP00000303830	0	0	0	0	0	0.098	0.900	0.462	0.947
PIK3CA	BRAF	9606.ENSP00000263967	9606.ENSP00000419060	0	0	0	0	0.128	0.190	0	0.931	0.947
PIK3CA	IL6ST	9606.ENSP00000263967	9606.ENSP00000370698	0	0	0	0	0.097	0	0.900	0.479	0.948
PIK3CA	EML4	9606.ENSP00000263967	9606.ENSP00000320663	0	0	0	0	0.049	0.072	0.900	0.609	0.960
PIK3CA	NTRK1	9606.ENSP00000263967	9606.ENSP00000431418	0	0	0	0	0.050	0.087	0.900	0.593	0.960
PIK3CA	MET	9606.ENSP00000263967	9606.ENSP00000317272	0	0	0	0	0.042	0.069	0.900	0.617	0.961
PIK3CA	PGR	9606.ENSP00000263967	9606.ENSP00000325120	0	0	0	0	0.060	0	0.900	0.626	0.961
PIK3CA	MTOR	9606.ENSP00000263967	9606.ENSP00000354558	0	0	0	0.548	0.060	0.166	0.900	0.592	0.963
PIK3CA	FGFR3	9606.ENSP00000263967	9606.ENSP00000339824	0	0	0	0	0	0.087	0.650	0.901	0.965
PIK3CA	JAK3	9606.ENSP00000263967	9606.ENSP00000432511	0	0	0	0	0.048	0.069	0.900	0.675	0.967
PIK3CA	ERBB4	9606.ENSP00000263967	9606.ENSP00000342235	0	0	0	0	0	0	0.900	0.713	0.970
PIK3CA	RAF1	9606.ENSP00000263967	9606.ENSP00000401888	0	0	0	0	0.066	0.069	0.900	0.719	0.972
PIK3CA	IRS4	9606.ENSP00000263967	9606.ENSP00000361202	0	0	0	0	0.062	0.648	0.900	0.256	0.972
PIK3CA	ALK	9606.ENSP00000263967	9606.ENSP00000373700	0	0	0	0	0	0.069	0.900	0.801	0.979
PIK3CA	CDC42	9606.ENSP00000263967	9606.ENSP00000497733	0	0	0	0	0.073	0.504	0.900	0.664	0.982
PIK3CA	IRS2	9606.ENSP00000263967	9606.ENSP00000365016	0	0	0	0	0.070	0.557	0.900	0.670	0.984
PIK3CA	KIT	9606.ENSP00000263967	9606.ENSP00000288135	0	0	0	0	0.106	0.325	0.900	0.809	0.986
PIK3CA	PTPN11	9606.ENSP00000263967	9606.ENSP00000489597	0	0	0	0	0.118	0.661	0.900	0.725	0.990
PIK3CA	ERBB2	9606.ENSP00000263967	9606.ENSP00000269571	0	0	0	0	0	0.115	0.900	0.927	0.992
PIK3CA	PTEN	9606.ENSP00000263967	9606.ENSP00000361021	0	0	0	0	0.112	0.134	0.900	0.949	0.995
PIK3CA	PIK3CD	9606.ENSP00000263967	9606.ENSP00000366563	0	0	0.060	0.888	0	0	0.900	0.983	0.998
PIK3CA	PIK3CB	9606.ENSP00000263967	9606.ENSP00000501150	0	0	0.060	0.882	0.083	0	0.900	0.984	0.998
PIK3CA	EGFR	9606.ENSP00000263967	9606.ENSP00000275493	0	0	0	0	0	0.790	0.900	0.976	0.999
PIK3CA	PIK3R1	9606.ENSP00000263967	9606.ENSP00000428056	0	0	0	0	0.156	0.997	0.967	0.998	0.999
PIK3CB	PIK3R2	9606.ENSP00000501150	9606.ENSP00000222254	0	0	0	0	0	0.916	0.914	0.996	0.999
PIK3CB	FLT3	9606.ENSP00000501150	9606.ENSP00000241453	0	0	0	0	0	0.098	0.900	0.290	0.930
PIK3CB	TRAF2	9606.ENSP00000501150	9606.ENSP00000247668	0	0	0	0	0.068	0	0.900	0.063	0.905
PIK3CB	PDGFRA	9606.ENSP00000501150	9606.ENSP00000257290	0	0	0	0	0	0.098	0.900	0.562	0.957
PIK3CB	PIK3R3	9606.ENSP00000501150	9606.ENSP00000262741	0	0	0	0	0	0.857	0.914	0.996	0.999
PIK3CB	KDR	9606.ENSP00000501150	9606.ENSP00000263923	0	0	0	0	0	0.098	0.900	0.315	0.932
PIK3CB	PIK3CA	9606.ENSP00000501150	9606.ENSP00000263967	0	0	0.060	0.882	0.083	0	0.900	0.984	0.998
PIK3CB	ERBB2	9606.ENSP00000501150	9606.ENSP00000269571	0	0	0	0	0	0.162	0.900	0.702	0.972
PIK3CB	EGFR	9606.ENSP00000501150	9606.ENSP00000275493	0	0	0	0	0	0.622	0.900	0.842	0.993
PIK3CB	FLT1	9606.ENSP00000501150	9606.ENSP00000282397	0	0	0	0	0	0.098	0.650	0.732	0.908
PIK3CB	KIT	9606.ENSP00000501150	9606.ENSP00000288135	0	0	0	0	0.108	0.087	0.900	0.580	0.961
PIK3CB	INPPL1	9606.ENSP00000501150	9606.ENSP00000298229	0	0	0	0	0.088	0	0.900	0.637	0.964
PIK3CB	INSR	9606.ENSP00000501150	9606.ENSP00000303830	0	0	0	0	0.042	0.098	0.900	0.432	0.944
PIK3CB	MET	9606.ENSP00000501150	9606.ENSP00000317272	0	0	0	0	0.042	0.069	0.900	0.265	0.925
PIK3CB	EML4	9606.ENSP00000501150	9606.ENSP00000320663	0	0	0	0	0.044	0.072	0.900	0.149	0.914
PIK3CB	CD28	9606.ENSP00000501150	9606.ENSP00000324890	0	0	0	0	0.057	0	0.900	0.200	0.917
PIK3CB	PGR	9606.ENSP00000501150	9606.ENSP00000325120	0	0	0	0	0.060	0	0.900	0.220	0.920
PIK3CB	ERBB4	9606.ENSP00000501150	9606.ENSP00000342235	0	0	0	0	0	0	0.900	0.497	0.947
PIK3CB	MTOR	9606.ENSP00000501150	9606.ENSP00000354558	0	0	0	0.549	0.082	0.166	0.900	0.350	0.943
PIK3CB	IFNGR1	9606.ENSP00000501150	9606.ENSP00000356713	0	0	0	0	0.049	0	0.900	0.162	0.913
PIK3CB	PTEN	9606.ENSP00000501150	9606.ENSP00000361021	0	0	0	0	0.058	0.134	0.900	0.829	0.984
PIK3CB	IRS4	9606.ENSP00000501150	9606.ENSP00000361202	0	0	0	0	0.062	0.594	0.900	0.196	0.965
PIK3CB	SYK	9606.ENSP00000501150	9606.ENSP00000364898	0	0	0	0	0.049	0.069	0.900	0.390	0.938
PIK3CB	IRS2	9606.ENSP00000501150	9606.ENSP00000365016	0	0	0	0	0.069	0.133	0.900	0.424	0.947
PIK3CB	PIK3CD	9606.ENSP00000501150	9606.ENSP00000366563	0	0	0.060	0.956	0	0	0.900	0.983	0.998
PIK3CB	FOXO1	9606.ENSP00000501150	9606.ENSP00000368880	0	0	0	0	0	0.184	0	0.792	0.823
PIK3CB	IL6ST	9606.ENSP00000501150	9606.ENSP00000370698	0	0	0	0	0.063	0	0.900	0.085	0.906
PIK3CB	ALK	9606.ENSP00000501150	9606.ENSP00000373700	0	0	0	0	0	0.186	0.900	0.275	0.935
PIK3CB	LIFR	9606.ENSP00000501150	9606.ENSP00000398368	0	0	0	0	0	0	0.900	0.077	0.903
PIK3CB	ITK	9606.ENSP00000501150	9606.ENSP00000398655	0	0	0	0	0.057	0.069	0.900	0.195	0.919
PIK3CB	RAF1	9606.ENSP00000501150	9606.ENSP00000401888	0	0	0	0	0.059	0.069	0.900	0.387	0.939
PIK3CB	INPP5D	9606.ENSP00000501150	9606.ENSP00000405338	0	0	0	0	0.105	0	0.900	0.272	0.929
PIK3CB	PIK3R1	9606.ENSP00000501150	9606.ENSP00000428056	0	0	0	0	0.049	0.936	0.914	0.996	0.999
PIK3CB	LYN	9606.ENSP00000501150	9606.ENSP00000428924	0	0	0	0	0.057	0.069	0.900	0.568	0.957
PIK3CB	NTRK1	9606.ENSP00000501150	9606.ENSP00000431418	0	0	0	0	0.050	0.087	0.900	0.313	0.932
PIK3CB	JAK3	9606.ENSP00000501150	9606.ENSP00000432511	0	0	0	0	0.048	0.069	0.900	0.242	0.923
PIK3CB	PLCG2	9606.ENSP00000501150	9606.ENSP00000482457	0	0	0	0	0	0	0.900	0.409	0.938
PIK3CB	BTK	9606.ENSP00000501150	9606.ENSP00000483570	0	0	0	0	0.057	0.069	0.900	0.433	0.943
PIK3CB	PTPN11	9606.ENSP00000501150	9606.ENSP00000489597	0	0	0	0	0.121	0.049	0.900	0.310	0.934
PIK3CB	CDC42	9606.ENSP00000501150	9606.ENSP00000497733	0	0	0	0	0.061	0.954	0.900	0.859	0.999
PIK3CD	PIK3R2	9606.ENSP00000366563	9606.ENSP00000222254	0	0	0	0	0.042	0.563	0.914	0.996	0.999
PIK3CD	FLT3	9606.ENSP00000366563	9606.ENSP00000241453	0	0	0	0	0.062	0.098	0.900	0.380	0.940
PIK3CD	TRAF2	9606.ENSP00000366563	9606.ENSP00000247668	0	0	0	0	0.074	0	0.900	0.063	0.905
PIK3CD	PDGFRA	9606.ENSP00000366563	9606.ENSP00000257290	0	0	0	0	0	0.098	0.900	0.227	0.924
PIK3CD	PIK3R3	9606.ENSP00000366563	9606.ENSP00000262741	0	0	0	0	0	0.610	0.914	0.996	0.999
PIK3CD	KDR	9606.ENSP00000366563	9606.ENSP00000263923	0	0	0	0	0	0.098	0.900	0.272	0.928
PIK3CD	PIK3CA	9606.ENSP00000366563	9606.ENSP00000263967	0	0	0.060	0.888	0	0	0.900	0.983	0.998
PIK3CD	ERBB2	9606.ENSP00000366563	9606.ENSP00000269571	0	0	0	0	0	0	0.900	0.440	0.941
PIK3CD	EGFR	9606.ENSP00000366563	9606.ENSP00000275493	0	0	0	0	0.042	0	0.900	0.443	0.942
PIK3CD	KIT	9606.ENSP00000366563	9606.ENSP00000288135	0	0	0	0	0.106	0.087	0.900	0.353	0.940
PIK3CD	INPPL1	9606.ENSP00000366563	9606.ENSP00000298229	0	0	0	0	0.111	0	0.900	0.358	0.937
PIK3CD	INSR	9606.ENSP00000366563	9606.ENSP00000303830	0	0	0	0	0	0.098	0.900	0.260	0.927
PIK3CD	MET	9606.ENSP00000366563	9606.ENSP00000317272	0	0	0	0	0	0.069	0.900	0.232	0.922
PIK3CD	EML4	9606.ENSP00000366563	9606.ENSP00000320663	0	0	0	0	0.054	0.072	0.900	0.090	0.909
PIK3CD	CD28	9606.ENSP00000366563	9606.ENSP00000324890	0	0	0	0	0.104	0	0.900	0.415	0.943
PIK3CD	PGR	9606.ENSP00000366563	9606.ENSP00000325120	0	0	0	0	0.060	0	0.900	0.136	0.911
PIK3CD	ERBB4	9606.ENSP00000366563	9606.ENSP00000342235	0	0	0	0	0	0	0.900	0.282	0.925
PIK3CD	MTOR	9606.ENSP00000366563	9606.ENSP00000354558	0	0	0	0.550	0.056	0.166	0.900	0.360	0.942
PIK3CD	IFNGR1	9606.ENSP00000366563	9606.ENSP00000356713	0	0	0	0	0.055	0	0.900	0.134	0.911
PIK3CD	PTEN	9606.ENSP00000366563	9606.ENSP00000361021	0	0	0	0	0.058	0.134	0.900	0.708	0.973
PIK3CD	IRS4	9606.ENSP00000366563	9606.ENSP00000361202	0	0	0	0	0.062	0.133	0.900	0.122	0.919
PIK3CD	SYK	9606.ENSP00000366563	9606.ENSP00000364898	0	0	0	0	0.092	0.069	0.900	0.758	0.976
PIK3CD	IRS2	9606.ENSP00000366563	9606.ENSP00000365016	0	0	0	0	0.064	0.133	0.900	0.262	0.932
PIK3CD	CD79B	9606.ENSP00000366563	9606.ENSP00000376544	0	0	0	0	0.109	0	0.500	0.662	0.836
PIK3CD	IL6ST	9606.ENSP00000366563	9606.ENSP00000370698	0	0	0	0	0.051	0	0.900	0	0.901
PIK3CD	LIFR	9606.ENSP00000366563	9606.ENSP00000398368	0	0	0	0	0	0	0.900	0.155	0.911
PIK3CD	NTRK1	9606.ENSP00000366563	9606.ENSP00000431418	0	0	0	0	0.050	0.069	0.900	0.222	0.922
PIK3CD	ALK	9606.ENSP00000366563	9606.ENSP00000373700	0	0	0	0	0	0.069	0.900	0.284	0.927
PIK3CD	PTPN11	9606.ENSP00000366563	9606.ENSP00000489597	0	0	0	0	0.104	0.049	0.900	0.289	0.931
PIK3CD	RAF1	9606.ENSP00000366563	9606.ENSP00000401888	0	0	0	0	0.060	0.069	0.900	0.322	0.932
PIK3CD	JAK3	9606.ENSP00000366563	9606.ENSP00000432511	0	0	0	0	0.114	0.069	0.900	0.326	0.937
PIK3CD	INPP5D	9606.ENSP00000366563	9606.ENSP00000405338	0	0	0	0	0.208	0	0.900	0.361	0.945
PIK3CD	ITK	9606.ENSP00000366563	9606.ENSP00000398655	0	0	0	0	0.101	0.069	0.900	0.458	0.948
PIK3CD	LYN	9606.ENSP00000366563	9606.ENSP00000428924	0	0	0	0	0.135	0.069	0.900	0.526	0.956
PIK3CD	CDC42	9606.ENSP00000366563	9606.ENSP00000497733	0	0	0	0	0.069	0.504	0.900	0.339	0.965
PIK3CD	PLCG2	9606.ENSP00000366563	9606.ENSP00000482457	0	0	0	0	0.103	0	0.900	0.743	0.974
PIK3CD	BTK	9606.ENSP00000366563	9606.ENSP00000483570	0	0	0	0	0.112	0.069	0.900	0.770	0.978
PIK3CD	PIK3CB	9606.ENSP00000366563	9606.ENSP00000501150	0	0	0.060	0.956	0	0	0.900	0.983	0.998
PIK3CD	PIK3R1	9606.ENSP00000366563	9606.ENSP00000428056	0	0	0	0	0.042	0.987	0.914	0.995	0.999
PIK3R1	INPP4A	9606.ENSP00000428056	9606.ENSP00000074304	0	0	0	0	0.060	0	0.900	0.174	0.915
PIK3R1	XBP1	9606.ENSP00000428056	9606.ENSP00000216037	0	0	0	0	0	0	0	0.802	0.802
PIK3R1	PIK3R2	9606.ENSP00000428056	9606.ENSP00000222254	0	0	0.052	0.960	0.044	0.864	0.900	0.959	0.999
PIK3R1	FLT3	9606.ENSP00000428056	9606.ENSP00000241453	0	0	0	0	0.062	0.374	0.900	0.353	0.956
PIK3R1	TRAF2	9606.ENSP00000428056	9606.ENSP00000247668	0	0	0	0	0.042	0	0.900	0.112	0.907
PIK3R1	PDGFRA	9606.ENSP00000428056	9606.ENSP00000257290	0	0	0	0	0.054	0.808	0.900	0.795	0.995
PIK3R1	FLT4	9606.ENSP00000428056	9606.ENSP00000261937	0	0	0	0	0	0.185	0.650	0.527	0.853
PIK3R1	PIK3R3	9606.ENSP00000428056	9606.ENSP00000262741	0	0	0.050	0.974	0.042	0.807	0.944	0.768	0.997
PIK3R1	KDR	9606.ENSP00000428056	9606.ENSP00000263923	0	0	0	0	0.049	0.153	0.900	0.377	0.943
PIK3R1	PIK3CA	9606.ENSP00000428056	9606.ENSP00000263967	0	0	0	0	0.156	0.997	0.967	0.998	0.999
PIK3R1	TP53	9606.ENSP00000428056	9606.ENSP00000269305	0	0	0	0	0	0	0	0.853	0.853
PIK3R1	ERBB2	9606.ENSP00000428056	9606.ENSP00000269571	0	0	0	0	0	0.840	0.900	0.728	0.995
PIK3R1	EGFR	9606.ENSP00000428056	9606.ENSP00000275493	0	0	0	0	0.042	0.900	0.900	0.901	0.998
PIK3R1	FLT1	9606.ENSP00000428056	9606.ENSP00000282397	0	0	0	0	0	0.670	0.650	0.281	0.909
PIK3R1	CSF1R	9606.ENSP00000428056	9606.ENSP00000286301	0	0	0	0	0.072	0.696	0.500	0.532	0.925
PIK3R1	GNAQ	9606.ENSP00000428056	9606.ENSP00000286548	0	0	0	0	0.072	0.292	0.500	0.608	0.854
PIK3R1	KIT	9606.ENSP00000428056	9606.ENSP00000288135	0	0	0	0	0.056	0.870	0.900	0.668	0.995
PIK3R1	INPPL1	9606.ENSP00000428056	9606.ENSP00000298229	0	0	0	0	0.042	0.616	0.900	0.327	0.971
PIK3R1	AXL	9606.ENSP00000428056	9606.ENSP00000301178	0	0	0	0	0	0.581	0.500	0.518	0.890
PIK3R1	INSR	9606.ENSP00000428056	9606.ENSP00000303830	0	0	0	0	0.049	0.854	0.650	0.794	0.988
PIK3R1	MET	9606.ENSP00000428056	9606.ENSP00000317272	0	0	0	0	0	0.197	0.650	0.582	0.872
PIK3R1	EML4	9606.ENSP00000428056	9606.ENSP00000320663	0	0	0	0	0.049	0	0.900	0.201	0.917
PIK3R1	CD28	9606.ENSP00000428056	9606.ENSP00000324890	0	0	0	0	0.044	0.923	0.900	0.221	0.993
PIK3R1	PGR	9606.ENSP00000428056	9606.ENSP00000325120	0	0	0	0	0	0.065	0.900	0.322	0.931
PIK3R1	FGFR3	9606.ENSP00000428056	9606.ENSP00000339824	0	0	0	0	0	0.204	0.650	0.419	0.824
PIK3R1	ERBB4	9606.ENSP00000428056	9606.ENSP00000342235	0	0	0	0	0.060	0.194	0.900	0.398	0.948
PIK3R1	MTOR	9606.ENSP00000428056	9606.ENSP00000354558	0	0	0	0	0.044	0	0.900	0.577	0.956
PIK3R1	PIK3C2B	9606.ENSP00000428056	9606.ENSP00000356155	0	0	0	0	0.044	0.138	0.900	0.498	0.953
PIK3R1	IFNGR1	9606.ENSP00000428056	9606.ENSP00000356713	0	0	0	0	0.059	0	0.900	0.189	0.917
PIK3R1	PTEN	9606.ENSP00000428056	9606.ENSP00000361021	0	0	0	0	0.056	0.554	0.900	0.943	0.997
PIK3R1	IRS4	9606.ENSP00000428056	9606.ENSP00000361202	0	0	0	0	0	0.858	0.900	0.308	0.989
PIK3R1	ABL1	9606.ENSP00000428056	9606.ENSP00000361423	0	0	0	0.551	0.062	0.793	0	0.203	0.832
PIK3R1	SYK	9606.ENSP00000428056	9606.ENSP00000364898	0	0	0	0	0.050	0.536	0.900	0.605	0.980
PIK3R1	IRS2	9606.ENSP00000428056	9606.ENSP00000365016	0	0	0	0	0.054	0.903	0.900	0.814	0.998
PIK3R1	PIK3CD	9606.ENSP00000428056	9606.ENSP00000366563	0	0	0	0	0.042	0.987	0.914	0.995	0.999
PIK3R1	IL6ST	9606.ENSP00000428056	9606.ENSP00000370698	0	0	0	0	0.149	0.292	0.900	0.182	0.944
PIK3R1	ALK	9606.ENSP00000428056	9606.ENSP00000373700	0	0	0	0	0	0.378	0.900	0.606	0.973
PIK3R1	LIFR	9606.ENSP00000428056	9606.ENSP00000398368	0	0	0	0	0.064	0	0.900	0.127	0.911
PIK3R1	ITK	9606.ENSP00000428056	9606.ENSP00000398655	0	0	0	0	0.056	0.330	0.900	0.301	0.949
PIK3R1	RAF1	9606.ENSP00000428056	9606.ENSP00000401888	0	0	0	0	0.042	0.263	0.900	0.303	0.944
PIK3R1	ESR1	9606.ENSP00000428056	9606.ENSP00000405330	0	0	0	0	0	0.708	0.400	0.971	0.994
PIK3R1	INPP5D	9606.ENSP00000428056	9606.ENSP00000405338	0	0	0	0	0.049	0.510	0.900	0.346	0.965
PIK3R1	FGFR2	9606.ENSP00000428056	9606.ENSP00000410294	0	0	0	0	0.042	0.416	0.650	0.659	0.924
PIK3R1	CTNNB1	9606.ENSP00000428056	9606.ENSP00000495360	0	0	0	0	0.075	0.683	0	0.555	0.858
PIK3R1	JAK3	9606.ENSP00000428056	9606.ENSP00000432511	0	0	0	0	0	0.093	0.900	0.314	0.932
PIK3R1	PIK3C2G	9606.ENSP00000428056	9606.ENSP00000445381	0	0	0	0	0.050	0	0.900	0.450	0.943
PIK3R1	BTK	9606.ENSP00000428056	9606.ENSP00000483570	0	0	0	0.551	0.044	0.093	0.900	0.466	0.947
PIK3R1	NTRK1	9606.ENSP00000428056	9606.ENSP00000431418	0	0	0	0	0	0.453	0.900	0.370	0.962
PIK3R1	LYN	9606.ENSP00000428056	9606.ENSP00000428924	0	0	0	0	0.044	0.207	0.900	0.581	0.964
PIK3R1	PLCG2	9606.ENSP00000428056	9606.ENSP00000482457	0	0	0	0.553	0.049	0.616	0.900	0.503	0.979
PIK3R1	CDC42	9606.ENSP00000428056	9606.ENSP00000497733	0	0	0	0	0.074	0.683	0.900	0.768	0.992
PIK3R1	PTPN11	9606.ENSP00000428056	9606.ENSP00000489597	0	0	0	0	0.048	0.880	0.900	0.691	0.996
PIK3R1	PIK3CB	9606.ENSP00000428056	9606.ENSP00000501150	0	0	0	0	0.049	0.936	0.914	0.996	0.999
PIK3R2	INPP4A	9606.ENSP00000222254	9606.ENSP00000074304	0	0	0	0	0.054	0	0.900	0.477	0.946
PIK3R2	XBP1	9606.ENSP00000222254	9606.ENSP00000216037	0	0	0	0	0	0	0	0.936	0.936
PIK3R2	INSR	9606.ENSP00000222254	9606.ENSP00000303830	0	0	0	0	0	0.231	0.650	0.356	0.811
PIK3R2	SPRED1	9606.ENSP00000222254	9606.ENSP00000299084	0	0	0	0	0.044	0.071	0	0.804	0.811
PIK3R2	FGFR2	9606.ENSP00000222254	9606.ENSP00000410294	0	0	0	0	0	0.207	0.650	0.403	0.819
PIK3R2	FGFR3	9606.ENSP00000222254	9606.ENSP00000339824	0	0	0	0	0.061	0.127	0.650	0.522	0.844
PIK3R2	LIFR	9606.ENSP00000222254	9606.ENSP00000398368	0	0	0	0	0	0	0.900	0	0.900
PIK3R2	IFNGR1	9606.ENSP00000222254	9606.ENSP00000356713	0	0	0	0	0	0	0.900	0.097	0.905
PIK3R2	IL6ST	9606.ENSP00000222254	9606.ENSP00000370698	0	0	0	0	0	0	0.900	0.089	0.905
PIK3R2	TRAF2	9606.ENSP00000222254	9606.ENSP00000247668	0	0	0	0	0.082	0	0.900	0.057	0.905
PIK3R2	EML4	9606.ENSP00000222254	9606.ENSP00000320663	0	0	0	0	0.044	0	0.900	0.116	0.908
PIK3R2	PLCG2	9606.ENSP00000222254	9606.ENSP00000482457	0	0	0	0.552	0.042	0.046	0.900	0.134	0.910
PIK3R2	ITK	9606.ENSP00000222254	9606.ENSP00000398655	0	0	0	0.554	0	0.093	0.900	0.100	0.911
PIK3R2	PGR	9606.ENSP00000222254	9606.ENSP00000325120	0	0	0	0	0	0.065	0.900	0.138	0.912
PIK3R2	INPP5D	9606.ENSP00000222254	9606.ENSP00000405338	0	0	0	0	0.047	0	0.900	0.234	0.920
PIK3R2	FLT3	9606.ENSP00000222254	9606.ENSP00000241453	0	0	0	0	0	0.153	0.900	0.163	0.922
PIK3R2	JAK3	9606.ENSP00000222254	9606.ENSP00000432511	0	0	0	0	0	0.176	0.900	0.170	0.925
PIK3R2	RAF1	9606.ENSP00000222254	9606.ENSP00000401888	0	0	0	0	0.082	0.093	0.900	0.206	0.925
PIK3R2	BTK	9606.ENSP00000222254	9606.ENSP00000483570	0	0	0	0.551	0.049	0.093	0.900	0.242	0.925
PIK3R2	ALK	9606.ENSP00000222254	9606.ENSP00000373700	0	0	0	0	0	0.180	0.900	0.188	0.927
PIK3R2	NTRK1	9606.ENSP00000222254	9606.ENSP00000431418	0	0	0	0	0	0.179	0.900	0.224	0.930
PIK3R2	LYN	9606.ENSP00000222254	9606.ENSP00000428924	0	0	0	0	0	0.165	0.900	0.229	0.930
PIK3R2	KDR	9606.ENSP00000222254	9606.ENSP00000263923	0	0	0	0	0	0.153	0.900	0.254	0.931
PIK3R2	CD28	9606.ENSP00000222254	9606.ENSP00000324890	0	0	0	0	0	0.292	0.900	0.137	0.933
PIK3R2	PDGFRA	9606.ENSP00000222254	9606.ENSP00000257290	0	0	0	0	0.044	0.230	0.900	0.263	0.938
PIK3R2	MTOR	9606.ENSP00000222254	9606.ENSP00000354558	0	0	0	0	0.060	0	0.900	0.453	0.944
PIK3R2	PIK3C2G	9606.ENSP00000222254	9606.ENSP00000445381	0	0	0	0	0	0	0.900	0.507	0.948
PIK3R2	PIK3C2B	9606.ENSP00000222254	9606.ENSP00000356155	0	0	0	0	0.124	0	0.900	0.505	0.952
PIK3R2	INPPL1	9606.ENSP00000222254	9606.ENSP00000298229	0	0	0	0	0.097	0.342	0.900	0.328	0.954
PIK3R2	PTPN11	9606.ENSP00000222254	9606.ENSP00000489597	0	0	0	0	0.044	0.443	0.900	0.336	0.960
PIK3R2	SYK	9606.ENSP00000222254	9606.ENSP00000364898	0	0	0	0	0.049	0.271	0.900	0.552	0.964
PIK3R2	KIT	9606.ENSP00000222254	9606.ENSP00000288135	0	0	0	0	0	0.605	0.900	0.256	0.968
PIK3R2	CDC42	9606.ENSP00000222254	9606.ENSP00000497733	0	0	0	0	0.042	0.175	0.900	0.718	0.974
PIK3R2	ERBB4	9606.ENSP00000222254	9606.ENSP00000342235	0	0	0	0	0	0.654	0.900	0.394	0.977
PIK3R2	IRS2	9606.ENSP00000222254	9606.ENSP00000365016	0	0	0	0	0	0.264	0.900	0.770	0.981
PIK3R2	ERBB2	9606.ENSP00000222254	9606.ENSP00000269571	0	0	0	0	0.049	0.794	0.900	0.365	0.985
PIK3R2	PTEN	9606.ENSP00000222254	9606.ENSP00000361021	0	0	0	0	0	0.313	0.900	0.806	0.985
PIK3R2	IRS4	9606.ENSP00000222254	9606.ENSP00000361202	0	0	0	0	0	0.833	0.900	0.249	0.986
PIK3R2	EGFR	9606.ENSP00000222254	9606.ENSP00000275493	0	0	0	0	0.044	0.848	0.900	0.623	0.993
PIK3R2	PIK3R3	9606.ENSP00000222254	9606.ENSP00000262741	0	0	0.049	0.971	0.049	0.835	0.900	0.957	0.999
PIK3R2	PIK3R1	9606.ENSP00000222254	9606.ENSP00000428056	0	0	0.052	0.960	0.044	0.864	0.900	0.959	0.999
PIK3R2	PIK3CB	9606.ENSP00000222254	9606.ENSP00000501150	0	0	0	0	0	0.916	0.914	0.996	0.999
PIK3R2	PIK3CD	9606.ENSP00000222254	9606.ENSP00000366563	0	0	0	0	0.042	0.563	0.914	0.996	0.999
PIK3R2	PIK3CA	9606.ENSP00000222254	9606.ENSP00000263967	0	0	0	0	0	0.881	0.922	0.996	0.999
PIK3R3	INPP4A	9606.ENSP00000262741	9606.ENSP00000074304	0	0	0	0	0.042	0	0.900	0.166	0.913
PIK3R3	PIK3R2	9606.ENSP00000262741	9606.ENSP00000222254	0	0	0.049	0.971	0.049	0.835	0.900	0.957	0.999
PIK3R3	FLT3	9606.ENSP00000262741	9606.ENSP00000241453	0	0	0	0	0	0.153	0.900	0.135	0.920
PIK3R3	TRAF2	9606.ENSP00000262741	9606.ENSP00000247668	0	0	0	0	0	0	0.900	0.057	0.901
PIK3R3	PDGFRA	9606.ENSP00000262741	9606.ENSP00000257290	0	0	0	0	0	0.266	0.900	0.231	0.938
PIK3R3	FGFR3	9606.ENSP00000262741	9606.ENSP00000339824	0	0	0	0	0	0.127	0.650	0.450	0.817
PIK3R3	MET	9606.ENSP00000262741	9606.ENSP00000317272	0	0	0	0	0	0.197	0.650	0.490	0.844
PIK3R3	INSR	9606.ENSP00000262741	9606.ENSP00000303830	0	0	0	0	0	0.153	0.650	0.630	0.880
PIK3R3	EML4	9606.ENSP00000262741	9606.ENSP00000320663	0	0	0	0	0	0	0.900	0	0.900
PIK3R3	IL6ST	9606.ENSP00000262741	9606.ENSP00000370698	0	0	0	0	0	0	0.900	0.052	0.901
PIK3R3	IFNGR1	9606.ENSP00000262741	9606.ENSP00000356713	0	0	0	0	0	0	0.900	0.097	0.905
PIK3R3	CD28	9606.ENSP00000262741	9606.ENSP00000324890	0	0	0	0	0	0	0.900	0.108	0.906
PIK3R3	LIFR	9606.ENSP00000262741	9606.ENSP00000398368	0	0	0	0	0.060	0	0.900	0.109	0.908
PIK3R3	PLCG2	9606.ENSP00000262741	9606.ENSP00000482457	0	0	0	0.570	0	0.046	0.900	0.130	0.909
PIK3R3	PGR	9606.ENSP00000262741	9606.ENSP00000325120	0	0	0	0	0	0.065	0.900	0.132	0.911
PIK3R3	INPP5D	9606.ENSP00000262741	9606.ENSP00000405338	0	0	0	0	0	0	0.900	0.161	0.912
PIK3R3	RAF1	9606.ENSP00000262741	9606.ENSP00000401888	0	0	0	0	0.049	0.093	0.900	0.120	0.913
PIK3R3	JAK3	9606.ENSP00000262741	9606.ENSP00000432511	0	0	0	0	0	0.093	0.900	0.123	0.913
PIK3R3	ITK	9606.ENSP00000262741	9606.ENSP00000398655	0	0	0	0	0	0.093	0.900	0.129	0.914
PIK3R3	ALK	9606.ENSP00000262741	9606.ENSP00000373700	0	0	0	0	0	0.093	0.900	0.134	0.914
PIK3R3	LYN	9606.ENSP00000262741	9606.ENSP00000428924	0	0	0	0	0	0.124	0.900	0.178	0.921
PIK3R3	KDR	9606.ENSP00000262741	9606.ENSP00000263923	0	0	0	0	0.045	0.153	0.900	0.158	0.922
PIK3R3	INPPL1	9606.ENSP00000262741	9606.ENSP00000298229	0	0	0	0	0	0	0.900	0.266	0.923
PIK3R3	NTRK1	9606.ENSP00000262741	9606.ENSP00000431418	0	0	0	0	0	0.145	0.900	0.186	0.924
PIK3R3	CDC42	9606.ENSP00000262741	9606.ENSP00000497733	0	0	0	0	0.042	0.054	0.900	0.278	0.925
PIK3R3	BTK	9606.ENSP00000262741	9606.ENSP00000483570	0	0	0	0.567	0	0.241	0.900	0.126	0.927
PIK3R3	PTPN11	9606.ENSP00000262741	9606.ENSP00000489597	0	0	0	0	0	0.195	0.900	0.222	0.932
PIK3R3	KIT	9606.ENSP00000262741	9606.ENSP00000288135	0	0	0	0	0.054	0.228	0.900	0.183	0.932
PIK3R3	SYK	9606.ENSP00000262741	9606.ENSP00000364898	0	0	0	0	0	0.093	0.900	0.371	0.937
PIK3R3	MTOR	9606.ENSP00000262741	9606.ENSP00000354558	0	0	0	0	0.049	0	0.900	0.397	0.937
PIK3R3	ERBB4	9606.ENSP00000262741	9606.ENSP00000342235	0	0	0	0	0.067	0.194	0.900	0.325	0.942
PIK3R3	PIK3C2G	9606.ENSP00000262741	9606.ENSP00000445381	0	0	0	0	0	0	0.900	0.473	0.945
PIK3R3	PIK3C2B	9606.ENSP00000262741	9606.ENSP00000356155	0	0	0	0	0.049	0	0.900	0.504	0.948
PIK3R3	PTEN	9606.ENSP00000262741	9606.ENSP00000361021	0	0	0	0	0	0.070	0.900	0.558	0.955
PIK3R3	IRS2	9606.ENSP00000262741	9606.ENSP00000365016	0	0	0	0	0	0.595	0.900	0.375	0.972
PIK3R3	ERBB2	9606.ENSP00000262741	9606.ENSP00000269571	0	0	0	0	0.044	0.440	0.900	0.593	0.975
PIK3R3	IRS4	9606.ENSP00000262741	9606.ENSP00000361202	0	0	0	0	0	0.712	0.900	0.202	0.975
PIK3R3	EGFR	9606.ENSP00000262741	9606.ENSP00000275493	0	0	0	0	0	0.810	0.900	0.554	0.990
PIK3R3	PIK3R1	9606.ENSP00000262741	9606.ENSP00000428056	0	0	0.050	0.974	0.042	0.807	0.944	0.768	0.997
PIK3R3	PIK3CA	9606.ENSP00000262741	9606.ENSP00000263967	0	0	0	0	0	0.881	0.944	0.994	0.999
PIK3R3	PIK3CD	9606.ENSP00000262741	9606.ENSP00000366563	0	0	0	0	0	0.610	0.914	0.996	0.999
PIK3R3	PIK3CB	9606.ENSP00000262741	9606.ENSP00000501150	0	0	0	0	0	0.857	0.914	0.996	0.999
PLCG2	PIK3R2	9606.ENSP00000482457	9606.ENSP00000222254	0	0	0	0.552	0.042	0.046	0.900	0.134	0.910
PLCG2	PDGFRA	9606.ENSP00000482457	9606.ENSP00000257290	0	0	0	0	0	0.094	0.900	0.125	0.913
PLCG2	PIK3R3	9606.ENSP00000482457	9606.ENSP00000262741	0	0	0	0.570	0	0.046	0.900	0.130	0.909
PLCG2	KDR	9606.ENSP00000482457	9606.ENSP00000263923	0	0	0	0	0.045	0.094	0.900	0.169	0.918
PLCG2	PIK3CA	9606.ENSP00000482457	9606.ENSP00000263967	0	0	0	0	0	0	0.900	0.315	0.928
PLCG2	ERBB2	9606.ENSP00000482457	9606.ENSP00000269571	0	0	0	0	0	0.724	0.900	0.299	0.979
PLCG2	EGFR	9606.ENSP00000482457	9606.ENSP00000275493	0	0	0	0	0.042	0.843	0.900	0.614	0.993
PLCG2	NTRK2	9606.ENSP00000482457	9606.ENSP00000277120	0	0	0	0	0	0.059	0.900	0.100	0.907
PLCG2	GNAQ	9606.ENSP00000482457	9606.ENSP00000286548	0	0	0	0	0.054	0	0.900	0.299	0.927
PLCG2	INPPL1	9606.ENSP00000482457	9606.ENSP00000298229	0	0	0	0	0.072	0.045	0.800	0.284	0.856
PLCG2	AXL	9606.ENSP00000482457	9606.ENSP00000301178	0	0	0	0	0	0	0.900	0.220	0.918
PLCG2	MET	9606.ENSP00000482457	9606.ENSP00000317272	0	0	0	0	0.063	0.152	0.900	0.068	0.916
PLCG2	EML4	9606.ENSP00000482457	9606.ENSP00000320663	0	0	0	0	0.049	0	0.900	0	0.900
PLCG2	FGFR3	9606.ENSP00000482457	9606.ENSP00000339824	0	0	0	0	0	0.091	0.900	0.159	0.916
PLCG2	ERBB4	9606.ENSP00000482457	9606.ENSP00000342235	0	0	0	0	0	0.224	0.900	0.270	0.938
PLCG2	PTEN	9606.ENSP00000482457	9606.ENSP00000361021	0	0	0	0	0.062	0	0.900	0.332	0.931
PLCG2	SYK	9606.ENSP00000482457	9606.ENSP00000364898	0	0	0	0.554	0.282	0.292	0.900	0.987	0.999
PLCG2	PIK3CD	9606.ENSP00000482457	9606.ENSP00000366563	0	0	0	0	0.103	0	0.900	0.743	0.974
PLCG2	ALK	9606.ENSP00000482457	9606.ENSP00000373700	0	0	0	0	0	0	0.900	0.191	0.915
PLCG2	CD79B	9606.ENSP00000482457	9606.ENSP00000376544	0	0	0	0	0.202	0	0.400	0.665	0.825
PLCG2	INPP5D	9606.ENSP00000482457	9606.ENSP00000405338	0	0	0	0.547	0.237	0.091	0.500	0.544	0.820
PLCG2	FGFR2	9606.ENSP00000482457	9606.ENSP00000410294	0	0	0	0	0	0.091	0.900	0.105	0.911
PLCG2	PIK3R1	9606.ENSP00000482457	9606.ENSP00000428056	0	0	0	0.553	0.049	0.616	0.900	0.503	0.979
PLCG2	LYN	9606.ENSP00000482457	9606.ENSP00000428924	0	0	0	0.563	0.263	0.516	0.400	0.839	0.961
PLCG2	NTRK1	9606.ENSP00000482457	9606.ENSP00000431418	0	0	0	0	0	0.059	0.900	0.108	0.908
PLCG2	PTPN11	9606.ENSP00000482457	9606.ENSP00000489597	0	0	0	0.573	0.121	0.297	0.800	0.531	0.934
PLCG2	PIK3CB	9606.ENSP00000482457	9606.ENSP00000501150	0	0	0	0	0	0	0.900	0.409	0.938
PLCG2	PRKCB	9606.ENSP00000482457	9606.ENSP00000496129	0	0	0	0	0.174	0	0.900	0.701	0.973
PLCG2	BTK	9606.ENSP00000482457	9606.ENSP00000483570	0	0	0	0	0.302	0.512	0.900	0.997	0.999
PML	H3-3B	9606.ENSP00000268058	9606.ENSP00000254810	0	0	0	0	0.042	0.339	0.500	0.567	0.844
PML	CREBBP	9606.ENSP00000268058	9606.ENSP00000262367	0	0	0	0	0.060	0.783	0	0.230	0.829
PML	EP300	9606.ENSP00000268058	9606.ENSP00000263253	0	0	0	0	0.060	0	0.800	0.276	0.852
PML	NCOR1	9606.ENSP00000268058	9606.ENSP00000268712	0	0	0	0	0.049	0.512	0.400	0.433	0.821
PML	NCOR2	9606.ENSP00000268058	9606.ENSP00000384018	0	0	0	0	0.139	0.512	0.400	0.449	0.842
PML	EIF4E	9606.ENSP00000268058	9606.ENSP00000425561	0	0	0	0	0.044	0.783	0	0.357	0.854
PML	HDAC1	9606.ENSP00000268058	9606.ENSP00000362649	0	0	0	0	0.074	0.785	0.400	0.290	0.903
PML	TP53	9606.ENSP00000268058	9606.ENSP00000269305	0	0	0	0	0.085	0.874	0.500	0.509	0.967
PMS1	ERCC1	9606.ENSP00000406490	9606.ENSP00000013807	0	0	0	0	0.049	0.073	0.540	0.585	0.809
PMS1	MLH1	9606.ENSP00000406490	9606.ENSP00000231790	0	0	0.124	0.587	0.095	0.935	0.540	0.992	0.999
PMS1	MSH2	9606.ENSP00000406490	9606.ENSP00000233146	0.061	0	0.342	0	0.485	0.569	0.540	0.999	0.999
PMS1	MSH6	9606.ENSP00000406490	9606.ENSP00000234420	0.061	0	0.315	0	0.395	0.569	0.540	0.997	0.999
PMS1	MSH3	9606.ENSP00000406490	9606.ENSP00000265081	0.061	0	0.429	0	0.400	0.417	0.540	0.995	0.999
PMS1	ATM	9606.ENSP00000406490	9606.ENSP00000278616	0	0	0	0	0.111	0	0.540	0.692	0.863
PMS1	MLH3	9606.ENSP00000406490	9606.ENSP00000348020	0	0	0	0.560	0.060	0.105	0.540	0.978	0.990
PMS1	BRCA2	9606.ENSP00000406490	9606.ENSP00000369497	0	0	0	0	0.056	0.142	0.540	0.629	0.843
PMS1	MUTYH	9606.ENSP00000406490	9606.ENSP00000500891	0.069	0	0	0	0.095	0	0	0.813	0.828
PMS1	BRCA1	9606.ENSP00000406490	9606.ENSP00000418960	0	0	0	0	0.080	0	0.540	0.752	0.886
PMS1	POLD1	9606.ENSP00000406490	9606.ENSP00000472445	0	0	0	0	0.091	0.276	0.540	0.758	0.917
POLD1	ERCC1	9606.ENSP00000472445	9606.ENSP00000013807	0	0	0	0	0.056	0.092	0.900	0.525	0.953
POLD1	MLH1	9606.ENSP00000472445	9606.ENSP00000231790	0	0	0	0	0.292	0.278	0.540	0.790	0.944
POLD1	MSH2	9606.ENSP00000472445	9606.ENSP00000233146	0	0	0	0	0.293	0.637	0.900	0.811	0.994
POLD1	MSH6	9606.ENSP00000472445	9606.ENSP00000234420	0	0	0	0	0.445	0.528	0.900	0.839	0.995
POLD1	BRIP1	9606.ENSP00000472445	9606.ENSP00000259008	0.042	0	0	0	0.127	0.071	0.500	0.565	0.800
POLD1	PALB2	9606.ENSP00000472445	9606.ENSP00000261584	0	0	0	0	0.058	0	0.540	0.586	0.805
POLD1	MSH3	9606.ENSP00000472445	9606.ENSP00000265081	0	0	0	0	0.133	0.144	0.720	0.774	0.946
POLD1	FANCM	9606.ENSP00000472445	9606.ENSP00000267430	0.041	0	0	0	0.051	0.599	0	0.592	0.831
POLD1	ATM	9606.ENSP00000472445	9606.ENSP00000278616	0	0	0	0	0.057	0	0.900	0.613	0.960
POLD1	XPC	9606.ENSP00000472445	9606.ENSP00000285021	0	0	0	0	0.067	0.068	0.900	0.188	0.919
POLD1	WRN	9606.ENSP00000472445	9606.ENSP00000298139	0	0	0	0	0.206	0.114	0.400	0.793	0.901
POLD1	ERCC4	9606.ENSP00000472445	9606.ENSP00000310520	0	0	0	0	0.104	0.241	0.900	0.506	0.962
POLD1	POLE	9606.ENSP00000472445	9606.ENSP00000322570	0	0	0	0	0.495	0.705	0.900	0.987	0.999
POLD1	RAD51C	9606.ENSP00000472445	9606.ENSP00000336701	0.054	0	0	0	0.090	0.186	0.400	0.622	0.812
POLD1	MLH3	9606.ENSP00000472445	9606.ENSP00000348020	0	0	0	0	0.086	0.114	0.540	0.793	0.912
POLD1	REV3L	9606.ENSP00000472445	9606.ENSP00000351697	0	0	0	0.657	0	0.635	0.900	0.610	0.984
POLD1	RTEL1	9606.ENSP00000472445	9606.ENSP00000353332	0.042	0	0	0	0.198	0.071	0.500	0.573	0.819
POLD1	BRCA2	9606.ENSP00000472445	9606.ENSP00000369497	0	0	0	0	0.134	0	0.540	0.761	0.896
POLD1	TP53BP1	9606.ENSP00000472445	9606.ENSP00000371475	0	0	0	0	0.178	0.555	0.360	0.374	0.834
POLD1	ERCC2	9606.ENSP00000472445	9606.ENSP00000375809	0.042	0	0	0	0.168	0.071	0.500	0.581	0.816
POLD1	POLG	9606.ENSP00000472445	9606.ENSP00000399851	0	0	0	0	0.141	0.066	0.900	0.632	0.966
POLD1	PMS1	9606.ENSP00000472445	9606.ENSP00000406490	0	0	0	0	0.091	0.276	0.540	0.758	0.917
POLD1	BRCA1	9606.ENSP00000472445	9606.ENSP00000418960	0	0	0	0	0.189	0.421	0.540	0.743	0.937
POLD1	RECQL4	9606.ENSP00000472445	9606.ENSP00000482313	0	0	0	0	0.687	0.114	0	0.481	0.843
POLD1	MUTYH	9606.ENSP00000472445	9606.ENSP00000500891	0.111	0	0	0	0.138	0	0	0.868	0.890
POLD1	RAD51	9606.ENSP00000472445	9606.ENSP00000493712	0.054	0	0	0	0.214	0.622	0.400	0.607	0.921
POLD1	ERCC5	9606.ENSP00000472445	9606.ENSP00000498881	0	0	0	0	0.155	0.310	0.900	0.486	0.966
POLE	MLH1	9606.ENSP00000322570	9606.ENSP00000231790	0	0	0	0	0.149	0.114	0	0.852	0.879
POLE	MSH2	9606.ENSP00000322570	9606.ENSP00000233146	0	0	0	0	0.122	0.620	0	0.855	0.947
POLE	MSH6	9606.ENSP00000322570	9606.ENSP00000234420	0	0	0	0	0.284	0.574	0	0.871	0.957
POLE	MSH3	9606.ENSP00000322570	9606.ENSP00000265081	0	0	0	0	0.122	0.144	0	0.776	0.817
POLE	FANCM	9606.ENSP00000322570	9606.ENSP00000267430	0.041	0	0	0	0.056	0.599	0	0.588	0.830
POLE	ELOC	9606.ENSP00000322570	9606.ENSP00000478121	0	0	0	0	0.049	0.800	0	0.048	0.803
POLE	MRE11	9606.ENSP00000322570	9606.ENSP00000325863	0	0	0	0	0.250	0.131	0.400	0.570	0.809
POLE	RAD51C	9606.ENSP00000322570	9606.ENSP00000336701	0.054	0	0	0	0.069	0.186	0.400	0.632	0.813
POLE	MUTYH	9606.ENSP00000322570	9606.ENSP00000500891	0.111	0	0	0	0.126	0	0	0.789	0.822
POLE	RAD51	9606.ENSP00000322570	9606.ENSP00000493712	0.054	0	0	0	0.260	0.186	0.400	0.574	0.828
POLE	BRCA2	9606.ENSP00000322570	9606.ENSP00000369497	0	0	0	0	0.220	0	0.400	0.703	0.849
POLE	BRCA1	9606.ENSP00000322570	9606.ENSP00000418960	0	0	0	0	0.370	0.439	0.400	0.662	0.919
POLE	POLG	9606.ENSP00000322570	9606.ENSP00000399851	0	0	0	0	0.129	0.066	0.900	0.633	0.966
POLE	REV3L	9606.ENSP00000322570	9606.ENSP00000351697	0	0	0	0	0	0.419	0.900	0.838	0.989
POLE	POLD1	9606.ENSP00000322570	9606.ENSP00000472445	0	0	0	0	0.495	0.705	0.900	0.987	0.999
POLG	POLQ	9606.ENSP00000399851	9606.ENSP00000264233	0	0	0	0	0.074	0	0	0.890	0.894
POLG	POLE	9606.ENSP00000399851	9606.ENSP00000322570	0	0	0	0	0.129	0.066	0.900	0.633	0.966
POLG	REV3L	9606.ENSP00000399851	9606.ENSP00000351697	0	0	0	0	0.112	0.088	0.900	0.346	0.940
POLG	POLD1	9606.ENSP00000399851	9606.ENSP00000472445	0	0	0	0	0.141	0.066	0.900	0.632	0.966
POLQ	BRCA2	9606.ENSP00000264233	9606.ENSP00000369497	0	0	0	0	0.302	0	0.400	0.570	0.804
POLQ	RAD51	9606.ENSP00000264233	9606.ENSP00000493712	0.054	0	0	0	0.394	0.366	0	0.568	0.822
POLQ	PARP1	9606.ENSP00000264233	9606.ENSP00000355759	0	0	0	0	0.088	0	0.500	0.678	0.840
POLQ	POLG	9606.ENSP00000264233	9606.ENSP00000399851	0	0	0	0	0.074	0	0	0.890	0.894
POU2AF1	IKZF3	9606.ENSP00000376786	9606.ENSP00000344544	0	0	0	0	0.274	0	0	0.751	0.811
POU2AF1	SYK	9606.ENSP00000376786	9606.ENSP00000364898	0	0	0	0	0.132	0.217	0	0.755	0.819
POU2AF1	CD79B	9606.ENSP00000376786	9606.ENSP00000376544	0	0	0	0	0.636	0	0	0.506	0.812
POU2AF1	MS4A1	9606.ENSP00000376786	9606.ENSP00000433277	0	0	0	0	0.737	0	0	0.595	0.889
POU3F2	SOX2	9606.ENSP00000329170	9606.ENSP00000323588	0	0	0	0	0.140	0.132	0	0.875	0.899
PPFIBP1	PTPRD	9606.ENSP00000314724	9606.ENSP00000370593	0	0	0	0	0.073	0	0.500	0.661	0.829
PPP2R2A	CHEK2	9606.ENSP00000325074	9606.ENSP00000372023	0	0	0	0	0	0.762	0	0.374	0.844
PPP2R2A	ATR	9606.ENSP00000325074	9606.ENSP00000343741	0	0	0	0	0.081	0.840	0	0.100	0.856
PPP2R2A	WWTR1	9606.ENSP00000325074	9606.ENSP00000419465	0	0	0	0	0.057	0	0.900	0.068	0.904
PPP2R2A	BCL2	9606.ENSP00000325074	9606.ENSP00000381185	0	0	0	0	0.074	0	0.900	0.220	0.921
PRDM1	XBP1	9606.ENSP00000358092	9606.ENSP00000216037	0	0	0	0	0.100	0	0	0.858	0.866
PRDM1	TP53	9606.ENSP00000358092	9606.ENSP00000269305	0	0	0	0	0	0	0.750	0.502	0.870
PRDM1	IRF4	9606.ENSP00000358092	9606.ENSP00000370343	0	0	0	0	0.181	0.045	0	0.927	0.938
PRDM14	SALL4	9606.ENSP00000276594	9606.ENSP00000217086	0	0	0	0.560	0.084	0.067	0.800	0.529	0.908
PRDM14	TET2	9606.ENSP00000276594	9606.ENSP00000442788	0	0	0	0	0	0	0	0.854	0.854
PRDM14	TET1	9606.ENSP00000276594	9606.ENSP00000362748	0	0	0	0	0.067	0	0	0.880	0.883
PRDM14	SOX2	9606.ENSP00000276594	9606.ENSP00000323588	0	0	0	0	0.067	0.094	0.800	0.821	0.965
PREX2	CDC42	9606.ENSP00000288368	9606.ENSP00000497733	0	0	0	0	0	0.506	0.400	0.525	0.847
PREX2	PTEN	9606.ENSP00000288368	9606.ENSP00000361021	0	0	0	0	0	0	0.700	0.968	0.990
PRKACA	NFKBIA	9606.ENSP00000309591	9606.ENSP00000216797	0	0	0	0	0.063	0.045	0.900	0.664	0.965
PRKACA	RPS6KB1	9606.ENSP00000309591	9606.ENSP00000225577	0	0	0.066	0.869	0.057	0.252	0.900	0.159	0.934
PRKACA	SMO	9606.ENSP00000309591	9606.ENSP00000249373	0	0	0	0	0	0.241	0.900	0.579	0.965
PRKACA	CREBBP	9606.ENSP00000309591	9606.ENSP00000262367	0	0	0	0	0.042	0	0.650	0.549	0.835
PRKACA	SLC9A3R1	9606.ENSP00000309591	9606.ENSP00000262613	0	0	0	0	0.103	0.046	0.900	0.681	0.969
PRKACA	EP300	9606.ENSP00000309591	9606.ENSP00000263253	0	0	0	0	0.047	0	0.650	0.589	0.851
PRKACA	PAX8	9606.ENSP00000309591	9606.ENSP00000263334	0	0	0	0	0	0	0.900	0.165	0.913
PRKACA	ATP2B3	9606.ENSP00000309591	9606.ENSP00000263519	0	0	0	0	0.118	0.046	0.900	0.293	0.932
PRKACA	CACNA1D	9606.ENSP00000309591	9606.ENSP00000288139	0	0	0	0	0	0	0.900	0.382	0.935
PRKACA	PDE4DIP	9606.ENSP00000309591	9606.ENSP00000358363	0	0	0	0	0.051	0.806	0	0.159	0.832
PRKACA	BRAF	9606.ENSP00000309591	9606.ENSP00000419060	0	0	0	0.596	0.054	0.088	0.900	0.204	0.922
PRKACA	RAF1	9606.ENSP00000309591	9606.ENSP00000401888	0	0	0	0.588	0.054	0.088	0.900	0.216	0.923
PRKACA	RUNX2	9606.ENSP00000309591	9606.ENSP00000360493	0	0	0	0	0.055	0	0.900	0.391	0.937
PRKACA	PGR	9606.ENSP00000309591	9606.ENSP00000325120	0	0	0	0	0	0	0.900	0.398	0.937
PRKACA	AR	9606.ENSP00000309591	9606.ENSP00000363822	0	0	0	0	0.048	0	0.900	0.415	0.939
PRKACA	GRIN2A	9606.ENSP00000309591	9606.ENSP00000332549	0	0	0	0	0	0.065	0.900	0.431	0.942
PRKACA	ESR1	9606.ENSP00000309591	9606.ENSP00000405330	0	0	0	0	0	0	0.900	0.581	0.956
PRKACA	CTNNB1	9606.ENSP00000309591	9606.ENSP00000495360	0	0	0	0	0.044	0	0.900	0.588	0.957
PRKACA	SUFU	9606.ENSP00000309591	9606.ENSP00000358918	0	0	0	0	0.067	0.101	0.500	0.928	0.966
PRKACA	RHOA	9606.ENSP00000309591	9606.ENSP00000400175	0	0	0	0	0.056	0.213	0.900	0.614	0.967
PRKACA	FOXO1	9606.ENSP00000309591	9606.ENSP00000368880	0	0	0	0	0	0.312	0.900	0.662	0.974
PRKACA	PRKAR1A	9606.ENSP00000309591	9606.ENSP00000376475	0	0.306	0	0	0.160	0.953	0.900	0.955	0.999
PRKAR1A	PRKACA	9606.ENSP00000376475	9606.ENSP00000309591	0	0.306	0	0	0.160	0.953	0.900	0.955	0.999
PRKCB	SLC9A3R1	9606.ENSP00000496129	9606.ENSP00000262613	0	0	0	0	0.055	0.108	0.900	0.045	0.908
PRKCB	PAX8	9606.ENSP00000496129	9606.ENSP00000263334	0	0	0	0	0.060	0	0.900	0.201	0.918
PRKCB	CACNA1D	9606.ENSP00000496129	9606.ENSP00000288139	0	0	0	0	0	0	0.900	0.366	0.933
PRKCB	INSR	9606.ENSP00000496129	9606.ENSP00000303830	0	0	0	0.556	0	0.050	0.900	0.143	0.911
PRKCB	MTOR	9606.ENSP00000496129	9606.ENSP00000354558	0	0	0	0	0.044	0	0.900	0.401	0.937
PRKCB	ATP6AP1	9606.ENSP00000496129	9606.ENSP00000358777	0	0	0	0	0.042	0	0.900	0.069	0.903
PRKCB	CARD11	9606.ENSP00000496129	9606.ENSP00000380150	0	0	0	0	0.072	0.317	0.900	0.620	0.972
PRKCB	PRKD1	9606.ENSP00000496129	9606.ENSP00000390535	0	0	0	0.610	0	0	0.900	0.144	0.910
PRKCB	RAF1	9606.ENSP00000496129	9606.ENSP00000401888	0	0	0	0.572	0.047	0.050	0.900	0.111	0.908
PRKCB	BRAF	9606.ENSP00000496129	9606.ENSP00000419060	0	0	0	0.578	0	0.050	0.900	0.126	0.909
PRKCB	LYN	9606.ENSP00000496129	9606.ENSP00000428924	0	0	0	0.578	0.100	0.327	0.900	0.238	0.947
PRKCB	PLCG2	9606.ENSP00000496129	9606.ENSP00000482457	0	0	0	0	0.174	0	0.900	0.701	0.973
PRKD1	PRKCB	9606.ENSP00000390535	9606.ENSP00000496129	0	0	0	0.610	0	0	0.900	0.144	0.910
PRPF8	SDHA	9606.ENSP00000460348	9606.ENSP00000264932	0	0	0	0	0.129	0.840	0	0	0.854
PRPF8	PCBP1	9606.ENSP00000460348	9606.ENSP00000305556	0	0	0	0	0.190	0.994	0	0.156	0.995
PRPF8	SF3B1	9606.ENSP00000460348	9606.ENSP00000335321	0	0	0	0	0.517	0.982	0.900	0.540	0.999
PRPF8	DHX15	9606.ENSP00000460348	9606.ENSP00000336741	0	0	0	0	0.323	0.992	0	0.401	0.996
PRRX1	NUP98	9606.ENSP00000239461	9606.ENSP00000316032	0	0	0	0	0	0	0	0.842	0.842
PTCH1	SMO	9606.ENSP00000332353	9606.ENSP00000249373	0	0	0	0	0.043	0.736	0.900	0.999	0.999
PTCH1	SUFU	9606.ENSP00000332353	9606.ENSP00000358918	0	0	0	0	0.060	0.189	0	0.974	0.979
PTEN	INPP4A	9606.ENSP00000361021	9606.ENSP00000074304	0	0	0	0	0	0	0.900	0.490	0.946
PTEN	TSC2	9606.ENSP00000361021	9606.ENSP00000219476	0	0	0	0	0	0	0	0.889	0.889
PTEN	PIK3R2	9606.ENSP00000361021	9606.ENSP00000222254	0	0	0	0	0	0.313	0.900	0.806	0.985
PTEN	RPS6KB1	9606.ENSP00000361021	9606.ENSP00000225577	0	0	0	0	0.100	0.086	0	0.904	0.914
PTEN	MLH1	9606.ENSP00000361021	9606.ENSP00000231790	0	0	0	0	0.086	0.098	0	0.810	0.830
PTEN	PDGFRA	9606.ENSP00000361021	9606.ENSP00000257290	0	0	0	0	0.042	0.192	0	0.796	0.828
PTEN	CDK4	9606.ENSP00000361021	9606.ENSP00000257904	0	0	0	0	0.078	0.236	0	0.824	0.865
PTEN	CDH1	9606.ENSP00000361021	9606.ENSP00000261769	0	0	0	0	0.053	0	0	0.929	0.930
PTEN	RHEB	9606.ENSP00000361021	9606.ENSP00000262187	0	0	0	0	0.059	0.099	0	0.788	0.805
PTEN	SLC9A3R1	9606.ENSP00000361021	9606.ENSP00000262613	0	0	0	0	0	0.825	0	0.905	0.982
PTEN	PHLPP1	9606.ENSP00000361021	9606.ENSP00000262719	0	0	0	0	0	0.236	0	0.767	0.814
PTEN	PIK3R3	9606.ENSP00000361021	9606.ENSP00000262741	0	0	0	0	0	0.070	0.900	0.558	0.955
PTEN	PIK3CA	9606.ENSP00000361021	9606.ENSP00000263967	0	0	0	0	0.112	0.134	0.900	0.949	0.995
PTEN	CDK6	9606.ENSP00000361021	9606.ENSP00000265734	0	0	0	0	0.078	0.126	0	0.773	0.801
PTEN	TP53	9606.ENSP00000361021	9606.ENSP00000269305	0	0	0	0	0.067	0.748	0.900	0.968	0.999
PTEN	ERBB2	9606.ENSP00000361021	9606.ENSP00000269571	0	0	0	0	0	0.070	0	0.864	0.868
PTEN	EGFR	9606.ENSP00000361021	9606.ENSP00000275493	0	0	0	0	0	0.608	0	0.925	0.969
PTEN	ATM	9606.ENSP00000361021	9606.ENSP00000278616	0	0	0	0	0.087	0	0	0.892	0.897
PTEN	PREX2	9606.ENSP00000361021	9606.ENSP00000288368	0	0	0	0	0	0	0.700	0.968	0.990
PTEN	INPPL1	9606.ENSP00000361021	9606.ENSP00000298229	0	0	0	0	0.061	0	0.900	0.610	0.960
PTEN	TSC1	9606.ENSP00000361021	9606.ENSP00000298552	0	0	0	0	0	0.113	0	0.785	0.801
PTEN	TERT	9606.ENSP00000361021	9606.ENSP00000309572	0	0	0	0	0.111	0	0	0.808	0.822
PTEN	STK11	9606.ENSP00000361021	9606.ENSP00000324856	0	0	0	0	0	0.331	0	0.971	0.979
PTEN	SMAD4	9606.ENSP00000361021	9606.ENSP00000341551	0	0	0	0	0.072	0.053	0	0.908	0.912
PTEN	MAGI2	9606.ENSP00000361021	9606.ENSP00000346151	0	0	0	0	0	0.523	0.900	0.974	0.998
PTEN	NF1	9606.ENSP00000361021	9606.ENSP00000351015	0	0	0	0	0.084	0.218	0	0.838	0.874
PTEN	MTOR	9606.ENSP00000361021	9606.ENSP00000354558	0	0	0	0	0	0.281	0	0.922	0.942
PTEN	PIK3C2B	9606.ENSP00000361021	9606.ENSP00000356155	0	0	0	0	0.067	0	0.900	0.424	0.941
PTEN	XIAP	9606.ENSP00000361021	9606.ENSP00000360242	0	0	0	0	0.103	0.534	0.400	0.723	0.921
PTEN	ESR1	9606.ENSP00000361021	9606.ENSP00000405330	0	0	0	0	0	0.295	0	0.737	0.807
PTEN	CHEK2	9606.ENSP00000361021	9606.ENSP00000372023	0	0.008	0	0	0	0.082	0	0.802	0.810
PTEN	BCL2	9606.ENSP00000361021	9606.ENSP00000381185	0	0	0	0	0.049	0.057	0	0.810	0.815
PTEN	BRCA1	9606.ENSP00000361021	9606.ENSP00000418960	0	0	0	0	0.067	0	0	0.816	0.821
PTEN	HIF1A	9606.ENSP00000361021	9606.ENSP00000437955	0	0	0	0	0.060	0	0	0.827	0.830
PTEN	BRCA2	9606.ENSP00000361021	9606.ENSP00000369497	0	0	0	0	0	0	0	0.877	0.877
PTEN	AR	9606.ENSP00000361021	9606.ENSP00000363822	0	0	0	0	0	0.295	0	0.853	0.892
PTEN	FOXO1	9606.ENSP00000361021	9606.ENSP00000368880	0	0	0	0	0.064	0.099	0	0.894	0.903
PTEN	CDKN2A	9606.ENSP00000361021	9606.ENSP00000418915	0	0	0	0	0.053	0.188	0	0.908	0.923
PTEN	PLCG2	9606.ENSP00000361021	9606.ENSP00000482457	0	0	0	0	0.062	0	0.900	0.332	0.931
PTEN	PIK3C2G	9606.ENSP00000361021	9606.ENSP00000445381	0	0	0	0	0.067	0	0.900	0.393	0.938
PTEN	CTNNB1	9606.ENSP00000361021	9606.ENSP00000495360	0	0	0	0	0.069	0.527	0	0.881	0.943
PTEN	BRAF	9606.ENSP00000361021	9606.ENSP00000419060	0	0	0	0	0.094	0.206	0	0.927	0.943
PTEN	INPP5D	9606.ENSP00000361021	9606.ENSP00000405338	0	0	0	0	0.074	0	0.900	0.542	0.953
PTEN	TRIM27	9606.ENSP00000361021	9606.ENSP00000366404	0	0	0	0	0.042	0.292	0.900	0.530	0.963
PTEN	CDC42	9606.ENSP00000361021	9606.ENSP00000497733	0	0	0	0	0.057	0.099	0.900	0.704	0.971
PTEN	PIK3CD	9606.ENSP00000361021	9606.ENSP00000366563	0	0	0	0	0.058	0.134	0.900	0.708	0.973
PTEN	PIK3CB	9606.ENSP00000361021	9606.ENSP00000501150	0	0	0	0	0.058	0.134	0.900	0.829	0.984
PTEN	PIK3R1	9606.ENSP00000361021	9606.ENSP00000428056	0	0	0	0	0.056	0.554	0.900	0.943	0.997
PTK7	LRP6	9606.ENSP00000418754	9606.ENSP00000261349	0	0	0	0	0.087	0.057	0	0.807	0.819
PTPN11	PIK3R2	9606.ENSP00000489597	9606.ENSP00000222254	0	0	0	0	0.044	0.443	0.900	0.336	0.960
PTPN11	FLT3	9606.ENSP00000489597	9606.ENSP00000241453	0	0	0	0	0.060	0.389	0.400	0.717	0.889
PTPN11	PDGFRA	9606.ENSP00000489597	9606.ENSP00000257290	0	0	0	0	0.060	0.607	0.900	0.888	0.995
PTPN11	PIK3R3	9606.ENSP00000489597	9606.ENSP00000262741	0	0	0	0	0	0.195	0.900	0.222	0.932
PTPN11	KDR	9606.ENSP00000489597	9606.ENSP00000263923	0	0	0	0	0.060	0.402	0	0.867	0.919
PTPN11	PIK3CA	9606.ENSP00000489597	9606.ENSP00000263967	0	0	0	0	0.118	0.661	0.900	0.725	0.990
PTPN11	ERBB2	9606.ENSP00000489597	9606.ENSP00000269571	0	0	0	0	0	0.847	0	0.820	0.971
PTPN11	EGFR	9606.ENSP00000489597	9606.ENSP00000275493	0	0	0	0	0.042	0.995	0.900	0.991	0.999
PTPN11	NTRK2	9606.ENSP00000489597	9606.ENSP00000277120	0	0	0	0	0.042	0.215	0.500	0.858	0.939
PTPN11	CSF1R	9606.ENSP00000489597	9606.ENSP00000286301	0	0	0	0	0.140	0.051	0.500	0.693	0.858
PTPN11	KIT	9606.ENSP00000489597	9606.ENSP00000288135	0	0	0	0	0.140	0.596	0.900	0.754	0.990
PTPN11	STAT5B	9606.ENSP00000489597	9606.ENSP00000293328	0	0	0	0	0.065	0.315	0.800	0.743	0.962
PTPN11	INPPL1	9606.ENSP00000489597	9606.ENSP00000298229	0	0	0	0	0.107	0	0.800	0.447	0.892
PTPN11	INSR	9606.ENSP00000489597	9606.ENSP00000303830	0	0	0	0	0.064	0.757	0.900	0.238	0.980
PTPN11	MET	9606.ENSP00000489597	9606.ENSP00000317272	0	0	0	0	0.049	0.407	0.400	0.810	0.927
PTPN11	STAT5A	9606.ENSP00000489597	9606.ENSP00000341208	0	0	0	0	0.063	0.526	0.800	0.742	0.974
PTPN11	ERBB4	9606.ENSP00000489597	9606.ENSP00000342235	0	0	0	0	0	0.754	0	0.715	0.927
PTPN11	NF1	9606.ENSP00000489597	9606.ENSP00000351015	0	0	0	0	0.133	0	0	0.836	0.852
PTPN11	SYK	9606.ENSP00000489597	9606.ENSP00000364898	0	0	0	0.555	0.067	0.097	0.900	0.616	0.963
PTPN11	IRS2	9606.ENSP00000489597	9606.ENSP00000365016	0	0	0	0	0	0.392	0	0.823	0.887
PTPN11	PIK3CD	9606.ENSP00000489597	9606.ENSP00000366563	0	0	0	0	0.104	0.049	0.900	0.289	0.931
PTPN11	IL6ST	9606.ENSP00000489597	9606.ENSP00000370698	0	0	0	0	0.102	0.785	0.500	0.831	0.981
PTPN11	INPP5D	9606.ENSP00000489597	9606.ENSP00000405338	0	0	0	0.553	0.191	0.516	0.500	0.249	0.833
PTPN11	FGFR2	9606.ENSP00000489597	9606.ENSP00000410294	0	0	0	0	0.060	0.240	0.400	0.593	0.802
PTPN11	BRAF	9606.ENSP00000489597	9606.ENSP00000419060	0	0	0	0	0.049	0.098	0	0.852	0.862
PTPN11	PIK3R1	9606.ENSP00000489597	9606.ENSP00000428056	0	0	0	0	0.048	0.880	0.900	0.691	0.996
PTPN11	LYN	9606.ENSP00000489597	9606.ENSP00000428924	0	0	0	0	0.103	0.097	0.500	0.579	0.807
PTPN11	JAK3	9606.ENSP00000489597	9606.ENSP00000432511	0	0	0	0	0.075	0.097	0.900	0.608	0.962
PTPN11	PLCG2	9606.ENSP00000489597	9606.ENSP00000482457	0	0	0	0.573	0.121	0.297	0.800	0.531	0.934
PTPN11	CTNNB1	9606.ENSP00000489597	9606.ENSP00000495360	0	0	0	0	0.055	0.297	0	0.864	0.902
PTPN11	PIK3CB	9606.ENSP00000489597	9606.ENSP00000501150	0	0	0	0	0.121	0.049	0.900	0.310	0.934
PTPN13	APC	9606.ENSP00000394794	9606.ENSP00000257430	0	0	0	0	0.059	0.783	0	0.682	0.929
PTPN13	FAS	9606.ENSP00000394794	9606.ENSP00000498466	0	0	0	0	0.060	0.625	0	0.923	0.970
PTPN14	LATS1	9606.ENSP00000355923	9606.ENSP00000437550	0	0	0	0	0.056	0.545	0	0.616	0.820
PTPN14	CTNNB1	9606.ENSP00000355923	9606.ENSP00000495360	0	0	0	0	0	0.297	0	0.855	0.894
PTPN2	STAT5B	9606.ENSP00000311857	9606.ENSP00000293328	0	0	0	0	0.053	0.071	0.900	0.483	0.948
PTPN2	STAT6	9606.ENSP00000311857	9606.ENSP00000300134	0	0	0	0	0.060	0.314	0.900	0.358	0.953
PTPN2	STAT2	9606.ENSP00000311857	9606.ENSP00000315768	0	0	0	0	0.065	0.071	0.900	0.364	0.937
PTPN2	STAT5A	9606.ENSP00000311857	9606.ENSP00000341208	0	0	0	0	0.053	0.071	0.900	0.479	0.948
PTPN2	JAK3	9606.ENSP00000311857	9606.ENSP00000432511	0	0	0	0	0.093	0.097	0.900	0.689	0.971
PTPRB	CTNNB1	9606.ENSP00000334928	9606.ENSP00000495360	0	0	0	0	0	0.168	0.900	0.637	0.967
PTPRC	KDR	9606.ENSP00000411355	9606.ENSP00000263923	0	0	0	0	0.060	0.051	0	0.804	0.809
PTPRC	CSF1R	9606.ENSP00000411355	9606.ENSP00000286301	0	0	0	0	0.332	0.051	0	0.736	0.818
PTPRC	KIT	9606.ENSP00000411355	9606.ENSP00000288135	0	0	0	0	0.235	0.051	0	0.881	0.906
PTPRC	CD28	9606.ENSP00000411355	9606.ENSP00000324890	0	0	0	0	0.172	0	0	0.769	0.800
PTPRC	IKZF1	9606.ENSP00000411355	9606.ENSP00000331614	0	0	0	0	0.664	0.045	0	0.445	0.806
PTPRC	CXCR4	9606.ENSP00000411355	9606.ENSP00000386884	0	0	0	0	0.268	0.292	0	0.881	0.933
PTPRC	IL10	9606.ENSP00000411355	9606.ENSP00000412237	0	0	0	0	0.067	0	0	0.798	0.804
PTPRC	LYN	9606.ENSP00000411355	9606.ENSP00000428924	0	0	0	0	0.297	0.333	0.900	0.647	0.981
PTPRD	PPFIBP1	9606.ENSP00000370593	9606.ENSP00000314724	0	0	0	0	0.073	0	0.500	0.661	0.829
PTPRK	EGFR	9606.ENSP00000432973	9606.ENSP00000275493	0	0	0	0	0.154	0.289	0.400	0.583	0.829
RAC1	PAK1	9606.ENSP00000348461	9606.ENSP00000278568	0	0	0	0	0.063	0.995	0.700	0.580	0.999
RAC1	CLIP1	9606.ENSP00000348461	9606.ENSP00000479322	0	0	0	0	0.068	0.294	0.500	0.472	0.803
RAC1	ACTB	9606.ENSP00000348461	9606.ENSP00000494750	0	0	0	0	0.182	0.259	0.500	0.484	0.823
RAC1	CDC42	9606.ENSP00000348461	9606.ENSP00000497733	0	0	0.055	0.969	0.108	0.207	0.700	0.462	0.872
RAC1	WAS	9606.ENSP00000348461	9606.ENSP00000365891	0	0	0	0	0.138	0.449	0.500	0.621	0.898
RAC1	PAK3	9606.ENSP00000348461	9606.ENSP00000353864	0	0	0	0	0.056	0.729	0.700	0.208	0.931
RAD21	STAG2	9606.ENSP00000297338	9606.ENSP00000218089	0	0	0	0	0.419	0.999	0.900	0.999	0.999
RAD21	MSH6	9606.ENSP00000297338	9606.ENSP00000234420	0	0	0	0	0.603	0.484	0	0.382	0.862
RAD21	BRCA1	9606.ENSP00000297338	9606.ENSP00000418960	0	0	0	0	0.102	0.164	0.500	0.627	0.841
RAD21	ESCO2	9606.ENSP00000297338	9606.ENSP00000306999	0	0	0	0	0.121	0.410	0.400	0.895	0.963
RAD21	STAG1	9606.ENSP00000297338	9606.ENSP00000372689	0	0	0	0	0.214	0.999	0.900	0.999	0.999
RAD21	CTCF	9606.ENSP00000297338	9606.ENSP00000494538	0	0	0	0	0.196	0.603	0	0.997	0.999
RAD21	SMC1A	9606.ENSP00000297338	9606.ENSP00000323421	0	0	0	0	0.553	0.999	0.900	0.998	0.999
RAD21	SMC3	9606.ENSP00000297338	9606.ENSP00000354720	0	0	0	0	0.526	0.999	0.900	0.999	0.999
RAD50	NBN	9606.ENSP00000368100	9606.ENSP00000265433	0	0	0	0	0.126	0.994	0.900	0.994	0.999
RAD50	ATM	9606.ENSP00000368100	9606.ENSP00000278616	0	0	0	0	0.105	0.730	0.900	0.635	0.990
RAD50	MRE11	9606.ENSP00000368100	9606.ENSP00000325863	0.120	0	0	0	0.861	0.998	0.900	0.996	0.999
RAD50	ATR	9606.ENSP00000368100	9606.ENSP00000343741	0	0	0	0	0.171	0.508	0.500	0.590	0.905
RAD50	BLM	9606.ENSP00000368100	9606.ENSP00000347232	0.052	0	0	0	0.103	0.724	0.500	0.423	0.920
RAD50	RAD52	9606.ENSP00000368100	9606.ENSP00000351284	0	0	0	0	0.054	0.513	0.500	0.556	0.884
RAD50	RAD51	9606.ENSP00000368100	9606.ENSP00000493712	0.069	0	0	0	0.072	0.416	0.500	0.525	0.858
RAD50	TP53BP1	9606.ENSP00000368100	9606.ENSP00000371475	0	0	0	0	0.100	0.586	0.500	0.329	0.858
RAD50	BRCA1	9606.ENSP00000368100	9606.ENSP00000418960	0	0	0	0	0.072	0.994	0.540	0.762	0.999
RAD51	ERCC1	9606.ENSP00000493712	9606.ENSP00000013807	0	0	0	0	0	0	0.400	0.853	0.908
RAD51	FANCE	9606.ENSP00000493712	9606.ENSP00000229769	0	0	0	0	0.122	0	0	0.805	0.821
RAD51	MLH1	9606.ENSP00000493712	9606.ENSP00000231790	0.057	0	0	0	0.065	0.151	0.500	0.758	0.893
RAD51	MSH2	9606.ENSP00000493712	9606.ENSP00000233146	0.057	0	0	0	0.242	0.354	0	0.893	0.944
RAD51	MSH6	9606.ENSP00000493712	9606.ENSP00000234420	0.057	0	0	0	0.265	0.338	0	0.794	0.893
RAD51	CDK4	9606.ENSP00000493712	9606.ENSP00000257904	0	0	0	0	0.229	0.071	0.800	0.468	0.913
RAD51	BRIP1	9606.ENSP00000493712	9606.ENSP00000259008	0.057	0	0	0	0.276	0	0.500	0.875	0.951
RAD51	PALB2	9606.ENSP00000493712	9606.ENSP00000261584	0.061	0	0	0	0.145	0.911	0.500	0.997	0.999
RAD51	POLQ	9606.ENSP00000493712	9606.ENSP00000264233	0.054	0	0	0	0.394	0.366	0	0.568	0.822
RAD51	NBN	9606.ENSP00000493712	9606.ENSP00000265433	0	0	0	0	0.042	0.273	0.500	0.811	0.925
RAD51	FANCM	9606.ENSP00000493712	9606.ENSP00000267430	0	0	0	0	0.137	0.864	0	0.794	0.973
RAD51	TP53	9606.ENSP00000493712	9606.ENSP00000269305	0	0	0	0	0.135	0.884	0	0.995	0.999
RAD51	ATM	9606.ENSP00000493712	9606.ENSP00000278616	0	0	0	0	0	0.485	0.800	0.958	0.995
RAD51	BUB1B	9606.ENSP00000493712	9606.ENSP00000287598	0	0	0	0	0.595	0.071	0.720	0.521	0.942
RAD51	FANCD2	9606.ENSP00000493712	9606.ENSP00000287647	0	0	0	0	0.305	0.647	0	0.992	0.998
RAD51	SLX4	9606.ENSP00000493712	9606.ENSP00000294008	0.042	0	0	0	0.049	0	0.500	0.716	0.853
RAD51	WRN	9606.ENSP00000493712	9606.ENSP00000298139	0.042	0	0	0	0.090	0.657	0.500	0.965	0.993
RAD51	ERCC4	9606.ENSP00000493712	9606.ENSP00000310520	0	0	0	0	0.094	0.619	0.400	0.691	0.927
RAD51	FANCI	9606.ENSP00000493712	9606.ENSP00000310842	0	0	0	0	0.491	0.324	0	0.864	0.949
RAD51	POLE	9606.ENSP00000493712	9606.ENSP00000322570	0.054	0	0	0	0.260	0.186	0.400	0.574	0.828
RAD51	MRE11	9606.ENSP00000493712	9606.ENSP00000325863	0.095	0	0	0	0.127	0.622	0.500	0.914	0.984
RAD51	RAD51C	9606.ENSP00000493712	9606.ENSP00000336701	0	0	0.141	0.652	0.138	0.938	0.500	0.863	0.996
RAD51	ATR	9606.ENSP00000493712	9606.ENSP00000343741	0	0	0	0	0.056	0.473	0.500	0.796	0.942
RAD51	BLM	9606.ENSP00000493712	9606.ENSP00000347232	0.042	0	0	0	0.437	0.970	0.500	0.891	0.998
RAD51	MLH3	9606.ENSP00000493712	9606.ENSP00000348020	0.057	0	0	0	0	0.151	0.500	0.727	0.876
RAD51	RAD52	9606.ENSP00000493712	9606.ENSP00000351284	0	0	0	0	0.042	0.993	0	0.999	0.999
RAD51	REV3L	9606.ENSP00000493712	9606.ENSP00000351697	0.054	0	0	0	0.062	0.593	0	0.710	0.881
RAD51	RTEL1	9606.ENSP00000493712	9606.ENSP00000353332	0.057	0	0	0	0.107	0.129	0.400	0.638	0.812
RAD51	PARP1	9606.ENSP00000493712	9606.ENSP00000355759	0	0	0	0	0.144	0	0	0.844	0.860
RAD51	RAD54L	9606.ENSP00000493712	9606.ENSP00000361043	0.042	0	0	0	0.737	0.709	0	0.903	0.992
RAD51	ABL1	9606.ENSP00000493712	9606.ENSP00000361423	0	0	0	0	0	0.642	0	0.772	0.915
RAD51	ATRX	9606.ENSP00000493712	9606.ENSP00000362441	0.042	0	0	0	0	0.886	0	0.998	0.999
RAD51	FANCG	9606.ENSP00000493712	9606.ENSP00000367910	0	0	0	0	0.242	0	0	0.825	0.862
RAD51	RAD50	9606.ENSP00000493712	9606.ENSP00000368100	0.069	0	0	0	0.072	0.416	0.500	0.525	0.858
RAD51	BRCA2	9606.ENSP00000493712	9606.ENSP00000369497	0	0	0	0	0.280	0.996	0.900	0.999	0.999
RAD51	TP53BP1	9606.ENSP00000493712	9606.ENSP00000371475	0	0	0	0	0.057	0.398	0	0.903	0.940
RAD51	CHEK2	9606.ENSP00000493712	9606.ENSP00000372023	0	0	0	0	0.273	0.252	0	0.882	0.930
RAD51	FANCA	9606.ENSP00000493712	9606.ENSP00000373952	0	0	0	0	0.330	0.162	0	0.895	0.936
RAD51	ERCC2	9606.ENSP00000493712	9606.ENSP00000375809	0.057	0	0	0	0.085	0.292	0	0.825	0.879
RAD51	BRCA1	9606.ENSP00000493712	9606.ENSP00000418960	0	0	0	0	0.501	0.923	0.800	0.999	0.999
RAD51	POLD1	9606.ENSP00000493712	9606.ENSP00000472445	0.054	0	0	0	0.214	0.622	0.400	0.607	0.921
RAD51	RECQL4	9606.ENSP00000493712	9606.ENSP00000482313	0.042	0	0	0	0.278	0.844	0	0.855	0.982
RAD51C	FANCE	9606.ENSP00000336701	9606.ENSP00000229769	0	0	0	0	0.064	0	0	0.806	0.811
RAD51C	MLH1	9606.ENSP00000336701	9606.ENSP00000231790	0.057	0	0	0	0.085	0.151	0	0.786	0.822
RAD51C	MSH2	9606.ENSP00000336701	9606.ENSP00000233146	0.057	0	0	0	0.226	0.104	0	0.795	0.848
RAD51C	MSH6	9606.ENSP00000336701	9606.ENSP00000234420	0.057	0	0	0	0.132	0.104	0	0.761	0.802
RAD51C	BRIP1	9606.ENSP00000336701	9606.ENSP00000259008	0.057	0	0	0	0.155	0	0.500	0.869	0.941
RAD51C	PALB2	9606.ENSP00000336701	9606.ENSP00000261584	0.061	0	0	0	0.088	0.294	0.900	0.995	0.999
RAD51C	NBN	9606.ENSP00000336701	9606.ENSP00000265433	0	0	0	0	0.042	0.068	0.500	0.637	0.816
RAD51C	FANCM	9606.ENSP00000336701	9606.ENSP00000267430	0	0	0	0	0.102	0.596	0	0.900	0.960
RAD51C	ATM	9606.ENSP00000336701	9606.ENSP00000278616	0	0	0	0	0	0.134	0.500	0.832	0.921
RAD51C	FANCD2	9606.ENSP00000336701	9606.ENSP00000287647	0	0	0	0	0.118	0.096	0	0.923	0.934
RAD51C	SLX4	9606.ENSP00000336701	9606.ENSP00000294008	0.042	0	0	0	0	0	0.500	0.802	0.897
RAD51C	WRN	9606.ENSP00000336701	9606.ENSP00000298139	0.042	0	0	0	0.089	0.347	0.500	0.597	0.864
RAD51C	ERCC4	9606.ENSP00000336701	9606.ENSP00000310520	0	0	0	0	0.132	0.252	0	0.739	0.816
RAD51C	FANCI	9606.ENSP00000336701	9606.ENSP00000310842	0	0	0	0	0.193	0.071	0	0.931	0.944
RAD51C	POLE	9606.ENSP00000336701	9606.ENSP00000322570	0.054	0	0	0	0.069	0.186	0.400	0.632	0.813
RAD51C	MRE11	9606.ENSP00000336701	9606.ENSP00000325863	0.095	0	0	0	0.111	0.273	0.500	0.806	0.933
RAD51C	POLD1	9606.ENSP00000336701	9606.ENSP00000472445	0.054	0	0	0	0.090	0.186	0.400	0.622	0.812
RAD51C	FANCA	9606.ENSP00000336701	9606.ENSP00000373952	0	0	0	0	0.099	0	0	0.807	0.819
RAD51C	RECQL4	9606.ENSP00000336701	9606.ENSP00000482313	0.042	0	0	0	0.089	0.576	0	0.589	0.827
RAD51C	ATR	9606.ENSP00000336701	9606.ENSP00000343741	0	0	0	0	0.062	0.314	0.500	0.562	0.840
RAD51C	FANCB	9606.ENSP00000336701	9606.ENSP00000498215	0	0	0	0	0.053	0	0	0.838	0.840
RAD51C	RAD54L	9606.ENSP00000336701	9606.ENSP00000361043	0.042	0	0	0	0.124	0.312	0	0.764	0.845
RAD51C	BLM	9606.ENSP00000336701	9606.ENSP00000347232	0.042	0	0	0	0.157	0.426	0.500	0.485	0.859
RAD51C	CHEK2	9606.ENSP00000336701	9606.ENSP00000372023	0	0	0	0	0.196	0.258	0	0.826	0.887
RAD51C	FANCG	9606.ENSP00000336701	9606.ENSP00000367910	0	0	0	0	0.109	0	0	0.909	0.915
RAD51C	FANCL	9606.ENSP00000336701	9606.ENSP00000385021	0	0	0	0	0.086	0	0	0.916	0.920
RAD51C	RAD52	9606.ENSP00000336701	9606.ENSP00000351284	0	0	0	0	0.067	0.514	0	0.850	0.926
RAD51C	BRCA1	9606.ENSP00000336701	9606.ENSP00000418960	0	0	0	0	0.211	0.045	0.500	0.953	0.980
RAD51C	RAD51	9606.ENSP00000336701	9606.ENSP00000493712	0	0	0.141	0.652	0.138	0.938	0.500	0.863	0.996
RAD51C	BRCA2	9606.ENSP00000336701	9606.ENSP00000369497	0	0	0	0	0.067	0.635	0.900	0.976	0.999
RAD52	ERCC1	9606.ENSP00000351284	9606.ENSP00000013807	0	0	0	0	0	0.396	0.400	0.935	0.974
RAD52	MSH2	9606.ENSP00000351284	9606.ENSP00000233146	0	0	0	0	0.042	0.585	0	0.671	0.857
RAD52	MSH6	9606.ENSP00000351284	9606.ENSP00000234420	0	0	0	0	0.042	0.553	0	0.648	0.836
RAD52	PALB2	9606.ENSP00000351284	9606.ENSP00000261584	0	0	0	0	0.047	0	0	0.844	0.845
RAD52	FANCM	9606.ENSP00000351284	9606.ENSP00000267430	0	0	0	0	0.068	0.967	0	0.729	0.990
RAD52	ATM	9606.ENSP00000351284	9606.ENSP00000278616	0	0	0	0	0.053	0.463	0.500	0.791	0.940
RAD52	WRN	9606.ENSP00000351284	9606.ENSP00000298139	0	0	0	0	0.063	0.766	0.500	0.969	0.996
RAD52	ERCC4	9606.ENSP00000351284	9606.ENSP00000310520	0	0	0	0	0.125	0.833	0.400	0.625	0.962
RAD52	MRE11	9606.ENSP00000351284	9606.ENSP00000325863	0	0	0	0	0.065	0.287	0.500	0.680	0.879
RAD52	RAD51C	9606.ENSP00000351284	9606.ENSP00000336701	0	0	0	0	0.067	0.514	0	0.850	0.926
RAD52	ATR	9606.ENSP00000351284	9606.ENSP00000343741	0	0	0	0	0.056	0.585	0.500	0.800	0.955
RAD52	BLM	9606.ENSP00000351284	9606.ENSP00000347232	0	0	0	0	0.063	0.763	0.500	0.672	0.958
RAD52	ERCC2	9606.ENSP00000351284	9606.ENSP00000375809	0	0	0	0	0.049	0.512	0	0.644	0.820
RAD52	ABL1	9606.ENSP00000351284	9606.ENSP00000361423	0	0	0	0	0.042	0.050	0.750	0.311	0.822
RAD52	RAD50	9606.ENSP00000351284	9606.ENSP00000368100	0	0	0	0	0.054	0.513	0.500	0.556	0.884
RAD52	CHEK2	9606.ENSP00000351284	9606.ENSP00000372023	0	0	0	0	0.074	0.304	0	0.845	0.891
RAD52	RECQL4	9606.ENSP00000351284	9606.ENSP00000482313	0	0	0	0	0.063	0.763	0	0.640	0.913
RAD52	RAD54L	9606.ENSP00000351284	9606.ENSP00000361043	0	0	0	0	0.044	0.402	0	0.899	0.937
RAD52	REV3L	9606.ENSP00000351284	9606.ENSP00000351697	0	0	0	0	0	0.757	0	0.758	0.938
RAD52	TP53BP1	9606.ENSP00000351284	9606.ENSP00000371475	0	0	0	0	0	0.770	0	0.865	0.967
RAD52	BRCA1	9606.ENSP00000351284	9606.ENSP00000418960	0	0	0	0	0.050	0.421	0.500	0.961	0.987
RAD52	ATRX	9606.ENSP00000351284	9606.ENSP00000362441	0	0	0	0	0.047	0.129	0	0.992	0.993
RAD52	BRCA2	9606.ENSP00000351284	9606.ENSP00000369497	0	0	0	0	0.056	0.225	0	0.991	0.993
RAD52	RAD51	9606.ENSP00000351284	9606.ENSP00000493712	0	0	0	0	0.042	0.993	0	0.999	0.999
RAD54L	RAD51C	9606.ENSP00000361043	9606.ENSP00000336701	0.042	0	0	0	0.124	0.312	0	0.764	0.845
RAD54L	RAD52	9606.ENSP00000361043	9606.ENSP00000351284	0	0	0	0	0.044	0.402	0	0.899	0.937
RAD54L	RECQL4	9606.ENSP00000361043	9606.ENSP00000482313	0.048	0	0	0	0.462	0.401	0	0.482	0.820
RAD54L	RAD51	9606.ENSP00000361043	9606.ENSP00000493712	0.042	0	0	0	0.737	0.709	0	0.903	0.992
RAF1	PIK3R2	9606.ENSP00000401888	9606.ENSP00000222254	0	0	0	0	0.082	0.093	0.900	0.206	0.925
RAF1	RHEB	9606.ENSP00000401888	9606.ENSP00000262187	0	0	0	0	0.079	0.754	0	0.503	0.877
RAF1	PIK3R3	9606.ENSP00000401888	9606.ENSP00000262741	0	0	0	0	0.049	0.093	0.900	0.120	0.913
RAF1	PIK3CA	9606.ENSP00000401888	9606.ENSP00000263967	0	0	0	0	0.066	0.069	0.900	0.719	0.972
RAF1	RB1	9606.ENSP00000401888	9606.ENSP00000267163	0	0	0	0	0.042	0.785	0	0.211	0.824
RAF1	EGFR	9606.ENSP00000401888	9606.ENSP00000275493	0	0	0	0.575	0.042	0.645	0	0.590	0.848
RAF1	PAK1	9606.ENSP00000401888	9606.ENSP00000278568	0	0	0	0.593	0.060	0.525	0.900	0.169	0.957
RAF1	PRKACA	9606.ENSP00000401888	9606.ENSP00000309591	0	0	0	0.588	0.054	0.088	0.900	0.216	0.923
RAF1	NF1	9606.ENSP00000401888	9606.ENSP00000351015	0	0	0	0	0.049	0.343	0	0.723	0.812
RAF1	PAK3	9606.ENSP00000401888	9606.ENSP00000353864	0	0	0	0.591	0	0.071	0.900	0.105	0.909
RAF1	XIAP	9606.ENSP00000401888	9606.ENSP00000360242	0	0	0	0	0.071	0.786	0	0.331	0.856
RAF1	PIK3CD	9606.ENSP00000401888	9606.ENSP00000366563	0	0	0	0	0.060	0.069	0.900	0.322	0.932
RAF1	BCL2	9606.ENSP00000401888	9606.ENSP00000381185	0	0	0	0	0.051	0.625	0	0.723	0.892
RAF1	RHOA	9606.ENSP00000401888	9606.ENSP00000400175	0	0	0	0	0.150	0.110	0.900	0.402	0.948
RAF1	PRKCB	9606.ENSP00000401888	9606.ENSP00000496129	0	0	0	0.572	0.047	0.050	0.900	0.111	0.908
RAF1	PIK3CB	9606.ENSP00000401888	9606.ENSP00000501150	0	0	0	0	0.059	0.069	0.900	0.387	0.939
RAF1	PIK3R1	9606.ENSP00000401888	9606.ENSP00000428056	0	0	0	0	0.042	0.263	0.900	0.303	0.944
RAF1	BRAF	9606.ENSP00000401888	9606.ENSP00000419060	0	0	0.066	0.945	0	0.927	0.900	0.983	0.999
RALGDS	AFDN	9606.ENSP00000361120	9606.ENSP00000355771	0	0	0	0	0	0	0	0.805	0.805
RALGDS	RHOA	9606.ENSP00000361120	9606.ENSP00000400175	0	0	0	0	0	0.132	0.900	0.592	0.961
RANBP2	TP53	9606.ENSP00000283195	9606.ENSP00000269305	0	0	0	0	0.064	0.610	0	0.526	0.812
RANBP2	RASA1	9606.ENSP00000283195	9606.ENSP00000274376	0	0	0	0	0.093	0	0	0.865	0.872
RANBP2	CLTC	9606.ENSP00000283195	9606.ENSP00000479606	0	0	0	0	0.160	0.191	0.500	0.544	0.824
RANBP2	ALK	9606.ENSP00000283195	9606.ENSP00000373700	0	0	0	0	0	0.117	0.500	0.639	0.826
RANBP2	TOP2A	9606.ENSP00000283195	9606.ENSP00000411532	0.042	0	0	0	0.114	0.455	0.400	0.472	0.827
RANBP2	TPR	9606.ENSP00000283195	9606.ENSP00000356448	0	0	0	0	0.114	0.206	0.900	0.886	0.990
RANBP2	NUP93	9606.ENSP00000283195	9606.ENSP00000310668	0	0	0	0	0.238	0.957	0.800	0.852	0.998
RANBP2	NUP214	9606.ENSP00000283195	9606.ENSP00000352400	0	0	0	0	0.079	0.921	0.800	0.997	0.999
RANBP2	NUP98	9606.ENSP00000283195	9606.ENSP00000316032	0	0	0	0	0.279	0.965	0.900	0.974	0.999
RASA1	TSC2	9606.ENSP00000274376	9606.ENSP00000219476	0	0	0	0	0.049	0	0	0.928	0.928
RASA1	RHEB	9606.ENSP00000274376	9606.ENSP00000262187	0	0	0	0	0.047	0.092	0	0.798	0.810
RASA1	ERBB2	9606.ENSP00000274376	9606.ENSP00000269571	0	0	0	0	0	0.508	0	0.641	0.815
RASA1	NF1	9606.ENSP00000274376	9606.ENSP00000351015	0	0	0	0.557	0.108	0.126	0.400	0.640	0.809
RASA1	RHOA	9606.ENSP00000274376	9606.ENSP00000400175	0	0	0	0	0.074	0.092	0	0.796	0.813
RASA1	RANBP2	9606.ENSP00000274376	9606.ENSP00000283195	0	0	0	0	0.093	0	0	0.865	0.872
RASA1	EPHA7	9606.ENSP00000274376	9606.ENSP00000358309	0	0	0	0	0.074	0	0.900	0.137	0.913
RASA1	EPHA3	9606.ENSP00000274376	9606.ENSP00000337451	0	0	0	0	0.076	0	0.900	0.151	0.914
RASA1	CDC42	9606.ENSP00000274376	9606.ENSP00000497733	0	0	0	0	0.060	0.092	0	0.928	0.933
RASA1	TSC1	9606.ENSP00000274376	9606.ENSP00000298552	0	0	0	0	0.082	0.230	0	0.913	0.933
RASA1	EGFR	9606.ENSP00000274376	9606.ENSP00000275493	0	0	0	0	0.042	0.716	0	0.901	0.970
RASA1	ARHGAP35	9606.ENSP00000274376	9606.ENSP00000500409	0	0	0	0	0.049	0.973	0.900	0.993	0.999
RB1	CDK4	9606.ENSP00000267163	9606.ENSP00000257904	0	0	0	0	0.077	0.994	0.900	0.984	0.999
RB1	CCNE1	9606.ENSP00000267163	9606.ENSP00000262643	0	0	0	0	0.189	0.863	0.900	0.584	0.994
RB1	EP300	9606.ENSP00000267163	9606.ENSP00000263253	0	0	0	0	0.049	0.681	0	0.418	0.808
RB1	ARID4B	9606.ENSP00000267163	9606.ENSP00000264183	0	0	0	0	0.055	0.827	0	0.051	0.831
RB1	CDK6	9606.ENSP00000267163	9606.ENSP00000265734	0	0	0	0	0.095	0.871	0.900	0.840	0.997
RB1	SMARCB1	9606.ENSP00000267163	9606.ENSP00000340883	0	0	0	0	0.109	0.091	0.720	0.232	0.802
RB1	NPM1	9606.ENSP00000267163	9606.ENSP00000296930	0	0	0	0	0.077	0.625	0	0.509	0.815
RB1	LMNA	9606.ENSP00000267163	9606.ENSP00000357283	0	0	0	0	0.059	0.780	0	0.189	0.817
RB1	RAF1	9606.ENSP00000267163	9606.ENSP00000401888	0	0	0	0	0.042	0.785	0	0.211	0.824
RB1	SMARCA2	9606.ENSP00000267163	9606.ENSP00000371638	0	0	0	0	0.066	0.314	0.720	0.178	0.832
RB1	CDKN2A	9606.ENSP00000267163	9606.ENSP00000418915	0	0	0	0	0	0.052	0	0.842	0.843
RB1	BRCA1	9606.ENSP00000267163	9606.ENSP00000418960	0	0	0	0	0.070	0.727	0	0.485	0.858
RB1	AR	9606.ENSP00000267163	9606.ENSP00000363822	0	0	0	0	0	0.629	0.500	0.397	0.878
RB1	FZR1	9606.ENSP00000267163	9606.ENSP00000378529	0	0	0	0	0.082	0.516	0.700	0.272	0.890
RB1	TP53BP1	9606.ENSP00000267163	9606.ENSP00000371475	0	0	0	0	0.119	0.900	0	0.256	0.928
RB1	TP53	9606.ENSP00000267163	9606.ENSP00000269305	0	0	0	0	0.064	0.510	0	0.872	0.936
RB1	KDM5A	9606.ENSP00000267163	9606.ENSP00000382688	0	0	0	0	0.049	0.785	0	0.763	0.947
RB1	RUNX2	9606.ENSP00000267163	9606.ENSP00000360493	0	0	0	0	0	0.512	0.700	0.816	0.970
RB1	SMARCA4	9606.ENSP00000267163	9606.ENSP00000343896	0	0	0	0	0.066	0.842	0.720	0.553	0.979
RB1	ABL1	9606.ENSP00000267163	9606.ENSP00000361423	0	0	0	0	0.049	0.736	0.900	0.312	0.980
RB1	HDAC1	9606.ENSP00000267163	9606.ENSP00000362649	0	0	0	0	0.085	0.987	0.900	0.962	0.999
RBM15	NCOR2	9606.ENSP00000358799	9606.ENSP00000384018	0	0	0	0	0.062	0	0	0.849	0.853
RBM15	MRTFA	9606.ENSP00000358799	9606.ENSP00000498671	0	0	0	0	0.076	0	0	0.953	0.954
RECQL4	MLH1	9606.ENSP00000482313	9606.ENSP00000231790	0.045	0	0	0	0.142	0.509	0	0.591	0.813
RECQL4	MSH6	9606.ENSP00000482313	9606.ENSP00000234420	0.047	0	0	0	0.168	0.590	0	0.594	0.850
RECQL4	FANCM	9606.ENSP00000482313	9606.ENSP00000267430	0	0	0	0	0.127	0.967	0	0.731	0.991
RECQL4	ATM	9606.ENSP00000482313	9606.ENSP00000278616	0	0	0	0	0.106	0.300	0	0.792	0.858
RECQL4	MRE11	9606.ENSP00000482313	9606.ENSP00000325863	0.054	0	0	0	0.131	0.723	0	0.545	0.882
RECQL4	RAD51C	9606.ENSP00000482313	9606.ENSP00000336701	0.042	0	0	0	0.089	0.576	0	0.589	0.827
RECQL4	ATR	9606.ENSP00000482313	9606.ENSP00000343741	0	0	0	0	0.113	0.765	0	0.532	0.894
RECQL4	RAD52	9606.ENSP00000482313	9606.ENSP00000351284	0	0	0	0	0.063	0.763	0	0.640	0.913
RECQL4	RAD54L	9606.ENSP00000482313	9606.ENSP00000361043	0.048	0	0	0	0.462	0.401	0	0.482	0.820
RECQL4	TP53BP1	9606.ENSP00000482313	9606.ENSP00000371475	0	0	0	0	0.063	0.747	0	0.727	0.929
RECQL4	CHEK2	9606.ENSP00000482313	9606.ENSP00000372023	0	0	0	0	0.121	0.370	0	0.735	0.840
RECQL4	POLD1	9606.ENSP00000482313	9606.ENSP00000472445	0	0	0	0	0.687	0.114	0	0.481	0.843
RECQL4	RAD51	9606.ENSP00000482313	9606.ENSP00000493712	0.042	0	0	0	0.278	0.844	0	0.855	0.982
REL	NFKBIA	9606.ENSP00000295025	9606.ENSP00000216797	0	0.002	0	0	0.113	0.908	0.500	0.999	0.999
REL	EP300	9606.ENSP00000295025	9606.ENSP00000263253	0	0	0	0	0.140	0.649	0	0.706	0.903
REL	TP53	9606.ENSP00000295025	9606.ENSP00000269305	0	0	0	0	0.049	0.169	0	0.803	0.831
REL	CARD11	9606.ENSP00000295025	9606.ENSP00000380150	0	0	0	0	0.047	0.125	0.500	0.582	0.802
REST	KDM5C	9606.ENSP00000311816	9606.ENSP00000364550	0	0	0	0	0.056	0.332	0	0.794	0.859
REST	HDAC1	9606.ENSP00000311816	9606.ENSP00000362649	0	0	0	0	0.049	0.535	0.800	0.948	0.994
REV3L	FANCM	9606.ENSP00000351697	9606.ENSP00000267430	0.041	0	0	0	0.069	0.962	0	0.678	0.987
REV3L	POLE	9606.ENSP00000351697	9606.ENSP00000322570	0	0	0	0	0	0.419	0.900	0.838	0.989
REV3L	RAD52	9606.ENSP00000351697	9606.ENSP00000351284	0	0	0	0	0	0.757	0	0.758	0.938
REV3L	RAD51	9606.ENSP00000351697	9606.ENSP00000493712	0.054	0	0	0	0.062	0.593	0	0.710	0.881
REV3L	POLG	9606.ENSP00000351697	9606.ENSP00000399851	0	0	0	0	0.112	0.088	0.900	0.346	0.940
REV3L	POLD1	9606.ENSP00000351697	9606.ENSP00000472445	0	0	0	0.657	0	0.635	0.900	0.610	0.984
RHEB	TSC2	9606.ENSP00000262187	9606.ENSP00000219476	0	0	0	0	0.047	0.934	0.900	0.996	0.999
RHEB	RPS6KB1	9606.ENSP00000262187	9606.ENSP00000225577	0	0	0	0	0.059	0.357	0.400	0.923	0.968
RHEB	PTEN	9606.ENSP00000262187	9606.ENSP00000361021	0	0	0	0	0.059	0.099	0	0.788	0.805
RHEB	RASA1	9606.ENSP00000262187	9606.ENSP00000274376	0	0	0	0	0.047	0.092	0	0.798	0.810
RHEB	RAF1	9606.ENSP00000262187	9606.ENSP00000401888	0	0	0	0	0.079	0.754	0	0.503	0.877
RHEB	EIF4E	9606.ENSP00000262187	9606.ENSP00000425561	0	0	0	0	0.101	0.045	0.400	0.816	0.892
RHEB	MTOR	9606.ENSP00000262187	9606.ENSP00000354558	0	0	0	0	0.049	0.975	0.900	0.996	0.999
RHEB	TSC1	9606.ENSP00000262187	9606.ENSP00000298552	0.042	0	0	0	0.056	0.805	0.900	0.976	0.999
RHOA	CUL3	9606.ENSP00000400175	9606.ENSP00000264414	0	0	0	0	0.060	0.628	0	0.626	0.858
RHOA	RASA1	9606.ENSP00000400175	9606.ENSP00000274376	0	0	0	0	0.074	0.092	0	0.796	0.813
RHOA	EGFR	9606.ENSP00000400175	9606.ENSP00000275493	0	0	0	0	0.075	0.258	0.500	0.752	0.903
RHOA	GNAQ	9606.ENSP00000400175	9606.ENSP00000286548	0	0	0	0	0.049	0.800	0	0.873	0.973
RHOA	PRKACA	9606.ENSP00000400175	9606.ENSP00000309591	0	0	0	0	0.056	0.213	0.900	0.614	0.967
RHOA	TGFBR2	9606.ENSP00000400175	9606.ENSP00000351905	0	0	0	0	0.106	0.110	0.900	0.474	0.952
RHOA	MTOR	9606.ENSP00000400175	9606.ENSP00000354558	0	0	0	0	0.053	0.139	0.900	0.555	0.958
RHOA	RALGDS	9606.ENSP00000400175	9606.ENSP00000361120	0	0	0	0	0	0.132	0.900	0.592	0.961
RHOA	WAS	9606.ENSP00000400175	9606.ENSP00000365891	0	0	0	0	0.080	0.123	0	0.808	0.831
RHOA	ARHGEF12	9606.ENSP00000400175	9606.ENSP00000380942	0	0	0	0	0.098	0.983	0.900	0.990	0.999
RHOA	MAP3K1	9606.ENSP00000400175	9606.ENSP00000382423	0	0	0	0	0.128	0.759	0	0.391	0.861
RHOA	CTNNB1	9606.ENSP00000400175	9606.ENSP00000495360	0	0	0	0	0.127	0.210	0	0.842	0.882
RHOA	MRTFA	9606.ENSP00000400175	9606.ENSP00000498671	0	0	0	0	0.051	0.060	0.500	0.777	0.887
RHOA	RAF1	9606.ENSP00000400175	9606.ENSP00000401888	0	0	0	0	0.150	0.110	0.900	0.402	0.948
RHOA	CDC42	9606.ENSP00000400175	9606.ENSP00000497733	0	0	0.062	0.948	0.361	0.295	0.900	0.103	0.955
RHOA	ACTB	9606.ENSP00000400175	9606.ENSP00000494750	0	0	0	0	0.426	0.070	0.900	0.646	0.978
RHOA	ARHGEF28	9606.ENSP00000400175	9606.ENSP00000441913	0	0	0	0	0.067	0.623	0.900	0.741	0.989
RHOA	ARHGAP35	9606.ENSP00000400175	9606.ENSP00000500409	0	0	0	0	0.042	0.843	0.900	0.922	0.998
RNF213	MYH9	9606.ENSP00000464087	9606.ENSP00000216181	0	0	0	0	0.067	0.126	0.750	0.532	0.892
RNF43	LRP5	9606.ENSP00000463069	9606.ENSP00000294304	0	0	0	0	0.042	0	0.500	0.772	0.881
RNF43	AXIN2	9606.ENSP00000463069	9606.ENSP00000302625	0	0	0	0	0.124	0	0	0.787	0.805
ROBO1	PAK1	9606.ENSP00000420321	9606.ENSP00000278568	0	0	0	0	0.074	0.073	0.900	0.102	0.912
ROBO1	SLIT3	9606.ENSP00000420321	9606.ENSP00000332164	0	0	0	0	0.106	0.406	0.900	0.999	0.999
ROBO1	PAK3	9606.ENSP00000420321	9606.ENSP00000353864	0	0	0	0	0.088	0.073	0.900	0.077	0.911
ROBO1	ABL1	9606.ENSP00000420321	9606.ENSP00000361423	0	0	0	0	0.086	0.167	0.900	0.173	0.928
ROBO1	CDC42	9606.ENSP00000420321	9606.ENSP00000497733	0	0	0	0	0.052	0.177	0.500	0.593	0.820
ROBO1	SLIT2	9606.ENSP00000420321	9606.ENSP00000422591	0	0	0	0	0.147	0.966	0.900	0.999	0.999
ROS1	EML4	9606.ENSP00000357494	9606.ENSP00000320663	0	0	0	0	0.074	0.067	0	0.921	0.925
ROS1	SLC34A2	9606.ENSP00000357494	9606.ENSP00000371483	0	0	0	0	0.112	0.108	0	0.815	0.841
RPL22	XBP1	9606.ENSP00000346088	9606.ENSP00000216037	0	0	0	0	0.095	0.800	0	0.087	0.820
RPL22	FANCE	9606.ENSP00000346088	9606.ENSP00000229769	0	0	0	0	0.379	0.747	0	0.239	0.870
RPL22	CDH1	9606.ENSP00000346088	9606.ENSP00000261769	0	0	0	0	0	0.800	0	0.104	0.813
RPL22	MECOM	9606.ENSP00000346088	9606.ENSP00000264674	0	0	0	0	0	0	0	0.801	0.801
RPL22	SRP72	9606.ENSP00000346088	9606.ENSP00000495128	0	0	0	0	0.167	0.878	0	0.057	0.896
RPL22	NACA	9606.ENSP00000346088	9606.ENSP00000448035	0	0	0	0	0.452	0.800	0	0.165	0.900
RPL22	RPL5	9606.ENSP00000346088	9606.ENSP00000359345	0	0	0	0	0.845	0.994	0	0.772	0.999
RPL5	XBP1	9606.ENSP00000359345	9606.ENSP00000216037	0	0	0	0	0.048	0.800	0	0.135	0.821
RPL5	FANCE	9606.ENSP00000359345	9606.ENSP00000229769	0.115	0	0	0	0.830	0.840	0	0.383	0.983
RPL5	CDH1	9606.ENSP00000359345	9606.ENSP00000261769	0	0	0	0	0.048	0.800	0	0.096	0.812
RPL5	TP53	9606.ENSP00000359345	9606.ENSP00000269305	0	0	0	0	0	0.783	0	0.758	0.945
RPL5	NPM1	9606.ENSP00000359345	9606.ENSP00000296930	0	0	0	0	0.675	0.623	0	0.820	0.976
RPL5	RPL22	9606.ENSP00000359345	9606.ENSP00000346088	0	0	0	0	0.845	0.994	0	0.772	0.999
RPL5	PDCD11	9606.ENSP00000359345	9606.ENSP00000358812	0.056	0	0	0	0.922	0.590	0	0.490	0.982
RPL5	SRP72	9606.ENSP00000359345	9606.ENSP00000495128	0	0	0	0	0.110	0.875	0	0.236	0.908
RPL5	NACA	9606.ENSP00000359345	9606.ENSP00000448035	0	0	0	0	0.885	0.828	0	0.096	0.980
RPS6KB1	TSC2	9606.ENSP00000225577	9606.ENSP00000219476	0	0	0	0	0.055	0.189	0	0.943	0.952
RPS6KB1	TSC1	9606.ENSP00000225577	9606.ENSP00000298552	0	0	0	0	0.075	0.125	0	0.893	0.906
RPS6KB1	PTEN	9606.ENSP00000225577	9606.ENSP00000361021	0	0	0	0	0.100	0.086	0	0.904	0.914
RPS6KB1	PRKACA	9606.ENSP00000225577	9606.ENSP00000309591	0	0	0.066	0.869	0.057	0.252	0.900	0.159	0.934
RPS6KB1	ESR1	9606.ENSP00000225577	9606.ENSP00000405330	0	0	0	0	0.057	0.053	0.900	0.558	0.955
RPS6KB1	RHEB	9606.ENSP00000225577	9606.ENSP00000262187	0	0	0	0	0.059	0.357	0.400	0.923	0.968
RPS6KB1	EIF4E	9606.ENSP00000225577	9606.ENSP00000425561	0	0	0	0	0.071	0.292	0	0.979	0.985
RPS6KB1	MTOR	9606.ENSP00000225577	9606.ENSP00000354558	0	0	0	0	0.049	0.995	0.900	0.977	0.999
RTEL1	SLX4	9606.ENSP00000353332	9606.ENSP00000294008	0.069	0	0	0	0.160	0.510	0	0.898	0.955
RTEL1	WRN	9606.ENSP00000353332	9606.ENSP00000298139	0.047	0	0	0	0.088	0	0.400	0.755	0.855
RTEL1	TERT	9606.ENSP00000353332	9606.ENSP00000309572	0	0	0	0	0.107	0	0.500	0.831	0.918
RTEL1	BLM	9606.ENSP00000353332	9606.ENSP00000347232	0.047	0	0	0	0.090	0	0.400	0.716	0.832
RTEL1	RAD51	9606.ENSP00000353332	9606.ENSP00000493712	0.057	0	0	0	0.107	0.129	0.400	0.638	0.812
RTEL1	POLD1	9606.ENSP00000353332	9606.ENSP00000472445	0.042	0	0	0	0.198	0.071	0.500	0.573	0.819
RTEL1	BRCA1	9606.ENSP00000353332	9606.ENSP00000418960	0	0	0	0	0.131	0	0.400	0.738	0.852
RTEL1	CTC1	9606.ENSP00000353332	9606.ENSP00000498499	0	0	0	0	0.049	0	0	0.874	0.875
RUNX2	COL1A1	9606.ENSP00000360493	9606.ENSP00000225964	0	0	0	0	0.061	0	0.750	0.826	0.955
RUNX2	EP300	9606.ENSP00000360493	9606.ENSP00000263253	0	0	0	0	0.042	0.627	0	0.704	0.885
RUNX2	KAT6A	9606.ENSP00000360493	9606.ENSP00000265713	0	0	0	0	0.045	0.048	0	0.805	0.807
RUNX2	RB1	9606.ENSP00000360493	9606.ENSP00000267163	0	0	0	0	0	0.512	0.700	0.816	0.970
RUNX2	TP53	9606.ENSP00000360493	9606.ENSP00000269305	0	0	0	0	0.042	0.292	0	0.740	0.808
RUNX2	KAT6B	9606.ENSP00000360493	9606.ENSP00000287239	0	0	0	0	0	0.294	0	0.765	0.827
RUNX2	LRP5	9606.ENSP00000360493	9606.ENSP00000294304	0	0	0	0	0	0	0	0.830	0.830
RUNX2	PRKACA	9606.ENSP00000360493	9606.ENSP00000309591	0	0	0	0	0.055	0	0.900	0.391	0.937
RUNX2	SMAD3	9606.ENSP00000360493	9606.ENSP00000332973	0	0	0	0	0.094	0.608	0	0.896	0.960
RUNX2	HEY1	9606.ENSP00000360493	9606.ENSP00000338272	0	0	0	0	0	0	0.500	0.788	0.889
RUNX2	SMAD4	9606.ENSP00000360493	9606.ENSP00000341551	0	0	0	0	0.055	0.091	0.500	0.783	0.894
RUNX2	CTNNB1	9606.ENSP00000360493	9606.ENSP00000495360	0	0	0	0	0	0.130	0	0.782	0.802
RUNX2	ABL1	9606.ENSP00000360493	9606.ENSP00000361423	0	0	0	0	0	0	0.750	0.322	0.823
RUNX2	HIF1A	9606.ENSP00000360493	9606.ENSP00000437955	0	0	0	0	0.049	0.292	0	0.787	0.844
RUNX2	FLI1	9606.ENSP00000360493	9606.ENSP00000433488	0	0	0	0	0.073	0.840	0	0.064	0.849
RUNX2	HDAC1	9606.ENSP00000360493	9606.ENSP00000362649	0	0	0	0	0	0.636	0	0.681	0.879
RUNX2	AR	9606.ENSP00000360493	9606.ENSP00000363822	0	0	0	0	0.056	0.071	0.700	0.602	0.881
RUNX2	WWTR1	9606.ENSP00000360493	9606.ENSP00000419465	0	0	0	0	0.042	0.067	0.700	0.784	0.934
RUNX2	ESR1	9606.ENSP00000360493	9606.ENSP00000405330	0	0	0	0	0.056	0.071	0.750	0.770	0.942
RXRA	CREBBP	9606.ENSP00000419692	9606.ENSP00000262367	0	0	0	0	0.081	0.859	0.650	0.563	0.977
RXRA	EP300	9606.ENSP00000419692	9606.ENSP00000263253	0	0	0	0	0.063	0.325	0.650	0.739	0.934
RXRA	PAX8	9606.ENSP00000419692	9606.ENSP00000263334	0	0	0	0	0	0.045	0.900	0.100	0.906
RXRA	NCOR1	9606.ENSP00000419692	9606.ENSP00000268712	0	0	0	0	0.075	0.711	0.650	0.789	0.977
RXRA	NCOR2	9606.ENSP00000419692	9606.ENSP00000384018	0	0	0	0	0.107	0.982	0.500	0.639	0.996
RXRA	NCOA2	9606.ENSP00000419692	9606.ENSP00000399968	0	0	0	0	0.099	0.991	0.800	0.638	0.999
SALL4	CHD4	9606.ENSP00000217086	9606.ENSP00000440542	0	0	0	0	0.044	0.428	0.500	0.356	0.800
SALL4	TBX3	9606.ENSP00000217086	9606.ENSP00000257566	0	0	0	0	0.076	0.060	0	0.819	0.829
SALL4	CRBN	9606.ENSP00000217086	9606.ENSP00000231948	0	0	0	0	0	0.785	0	0.527	0.894
SALL4	PRDM14	9606.ENSP00000217086	9606.ENSP00000276594	0	0	0	0.560	0.084	0.067	0.800	0.529	0.908
SALL4	SOX2	9606.ENSP00000217086	9606.ENSP00000323588	0	0	0	0	0.145	0.141	0.800	0.901	0.983
SDHA	PRPF8	9606.ENSP00000264932	9606.ENSP00000460348	0	0	0	0	0.129	0.840	0	0	0.854
SDHA	SDHAF2	9606.ENSP00000264932	9606.ENSP00000301761	0.115	0	0	0	0.074	0.985	0.290	0.999	0.999
SDHA	FH	9606.ENSP00000264932	9606.ENSP00000355518	0.231	0.540	0	0	0.838	0.098	0.980	0.768	0.999
SDHAF2	SDHA	9606.ENSP00000301761	9606.ENSP00000264932	0.115	0	0	0	0.074	0.985	0.290	0.999	0.999
SEC31A	XBP1	9606.ENSP00000378721	9606.ENSP00000216037	0	0	0	0	0.065	0	0.750	0.220	0.801
SEC31A	ATIC	9606.ENSP00000378721	9606.ENSP00000236959	0	0	0	0	0.068	0	0.500	0.610	0.802
SEC31A	ALK	9606.ENSP00000378721	9606.ENSP00000373700	0	0	0	0	0	0.134	0.500	0.630	0.825
SEC31A	CLTC	9606.ENSP00000378721	9606.ENSP00000479606	0	0	0	0	0.100	0	0.500	0.609	0.808
SEPTIN5	SEPTIN6	9606.ENSP00000391311	9606.ENSP00000341524	0	0	0.099	0.879	0.099	0.925	0.720	0.804	0.996
SEPTIN5	SEPTIN9	9606.ENSP00000391311	9606.ENSP00000391249	0	0	0.079	0.909	0.055	0.753	0.720	0.183	0.942
SEPTIN6	SEPTIN5	9606.ENSP00000341524	9606.ENSP00000391311	0	0	0.099	0.879	0.099	0.925	0.720	0.804	0.996
SEPTIN6	SEPTIN9	9606.ENSP00000341524	9606.ENSP00000391249	0	0	0.092	0.849	0.095	0.921	0.900	0.919	0.999
SEPTIN9	SEPTIN6	9606.ENSP00000391249	9606.ENSP00000341524	0	0	0.092	0.849	0.095	0.921	0.900	0.919	0.999
SEPTIN9	HIF1A	9606.ENSP00000391249	9606.ENSP00000437955	0	0	0	0	0.055	0.735	0	0.685	0.914
SEPTIN9	SEPTIN5	9606.ENSP00000391249	9606.ENSP00000391311	0	0	0.079	0.909	0.055	0.753	0.720	0.183	0.942
SETBP1	NUP98	9606.ENSP00000497406	9606.ENSP00000316032	0	0	0	0	0.060	0.053	0	0.805	0.811
SETBP1	ASXL1	9606.ENSP00000497406	9606.ENSP00000364839	0	0	0	0	0.042	0.071	0	0.876	0.880
SETD1A	H3-3B	9606.ENSP00000262519	9606.ENSP00000254810	0	0	0	0	0.078	0.303	0	0.892	0.924
SETD1A	KMT2C	9606.ENSP00000262519	9606.ENSP00000262189	0	0	0	0.554	0.136	0.320	0.400	0.971	0.988
SETD1A	HDAC1	9606.ENSP00000262519	9606.ENSP00000362649	0.042	0	0	0	0.085	0.127	0.500	0.570	0.805
SETD1A	KMT2B	9606.ENSP00000262519	9606.ENSP00000398837	0	0	0	0.556	0.442	0.318	0.400	0.311	0.821
SETD1A	TP53	9606.ENSP00000262519	9606.ENSP00000269305	0	0	0	0	0.075	0.400	0	0.712	0.826
SETD1A	EP300	9606.ENSP00000262519	9606.ENSP00000263253	0	0	0	0	0.193	0.091	0.500	0.649	0.854
SETD1A	SETD2	9606.ENSP00000262519	9606.ENSP00000386759	0	0	0	0.549	0.133	0.410	0	0.789	0.882
SETD1A	DOT1L	9606.ENSP00000262519	9606.ENSP00000381657	0	0	0	0	0.215	0.295	0	0.852	0.911
SETD1A	KDM6A	9606.ENSP00000262519	9606.ENSP00000367203	0	0	0	0	0.065	0.478	0	0.863	0.927
SETD1A	KMT2A	9606.ENSP00000262519	9606.ENSP00000436786	0	0	0	0.557	0.153	0.318	0.400	0.831	0.933
SETD1A	CTNNB1	9606.ENSP00000262519	9606.ENSP00000495360	0	0	0	0	0.067	0.051	0	0.945	0.947
SETD1A	H3C13	9606.ENSP00000262519	9606.ENSP00000333277	0	0	0	0	0.072	0.303	0.500	0.884	0.957
SETD1A	SETD1B	9606.ENSP00000262519	9606.ENSP00000474253	0	0	0	0.844	0.368	0.533	0.900	0.956	0.998
SETD1B	H3-3B	9606.ENSP00000474253	9606.ENSP00000254810	0	0	0	0	0.060	0.303	0	0.782	0.845
SETD1B	KMT2C	9606.ENSP00000474253	9606.ENSP00000262189	0	0	0	0.552	0.142	0.319	0.400	0.940	0.976
SETD1B	SETD1A	9606.ENSP00000474253	9606.ENSP00000262519	0	0	0	0.844	0.368	0.533	0.900	0.956	0.998
SETD1B	KMT2D	9606.ENSP00000474253	9606.ENSP00000301067	0	0	0	0.552	0.168	0.321	0.400	0.729	0.896
SETD1B	H3C13	9606.ENSP00000474253	9606.ENSP00000333277	0	0	0	0	0.058	0.303	0.500	0.787	0.921
SETD1B	KMT2B	9606.ENSP00000474253	9606.ENSP00000398837	0	0	0	0.554	0.321	0.320	0.400	0.842	0.950
SETD1B	KMT2A	9606.ENSP00000474253	9606.ENSP00000436786	0	0	0	0.555	0.152	0.318	0.400	0.624	0.852
SETD2	H3-3B	9606.ENSP00000386759	9606.ENSP00000254810	0	0	0	0	0.099	0.938	0	0.752	0.985
SETD2	CREBBP	9606.ENSP00000386759	9606.ENSP00000262367	0	0	0	0	0.327	0.091	0	0.706	0.805
SETD2	SETD1A	9606.ENSP00000386759	9606.ENSP00000262519	0	0	0	0.549	0.133	0.410	0	0.789	0.882
SETD2	TP53	9606.ENSP00000386759	9606.ENSP00000269305	0	0	0	0	0.055	0.357	0	0.765	0.845
SETD2	H3C13	9606.ENSP00000386759	9606.ENSP00000333277	0	0	0	0	0.083	0.938	0.750	0.734	0.995
SETD2	KDM5C	9606.ENSP00000386759	9606.ENSP00000364550	0	0	0	0	0.147	0.154	0	0.856	0.887
SETD2	KDM6A	9606.ENSP00000386759	9606.ENSP00000367203	0	0	0	0	0.369	0.269	0	0.780	0.890
SETD2	DOT1L	9606.ENSP00000386759	9606.ENSP00000381657	0	0	0	0	0.122	0.189	0	0.769	0.821
SETD2	PBRM1	9606.ENSP00000386759	9606.ENSP00000386593	0	0	0	0	0.333	0.091	0	0.857	0.906
SETD2	H3C8	9606.ENSP00000386759	9606.ENSP00000484638	0	0	0	0	0.058	0.938	0	0.160	0.947
SETD2	H3C1	9606.ENSP00000386759	9606.ENSP00000480826	0	0	0	0	0.058	0.954	0	0.160	0.961
SETD3	ACTB	9606.ENSP00000327436	9606.ENSP00000494750	0	0	0	0	0.042	0.903	0	0.173	0.916
SETDB1	H3-3B	9606.ENSP00000271640	9606.ENSP00000254810	0	0	0	0	0.099	0.911	0	0.802	0.982
SETDB1	DNMT3A	9606.ENSP00000271640	9606.ENSP00000264709	0	0	0	0	0.058	0.305	0	0.995	0.996
SETDB1	H3C8	9606.ENSP00000271640	9606.ENSP00000484638	0	0	0	0	0.058	0.911	0	0.072	0.915
SETDB1	DNMT1	9606.ENSP00000271640	9606.ENSP00000352516	0	0	0	0	0.062	0.087	0	0.959	0.962
SETDB1	H3C1	9606.ENSP00000271640	9606.ENSP00000480826	0	0	0	0	0.058	0.964	0	0.072	0.967
SETDB1	H3C13	9606.ENSP00000271640	9606.ENSP00000333277	0	0	0	0	0.096	0.934	0.400	0.803	0.992
SETDB1	HDAC1	9606.ENSP00000271640	9606.ENSP00000362649	0.042	0	0	0	0.145	0.553	0	0.980	0.992
SF3B1	DDX5	9606.ENSP00000335321	9606.ENSP00000225792	0	0	0	0	0.822	0.348	0	0.219	0.901
SF3B1	SRSF2	9606.ENSP00000335321	9606.ENSP00000376276	0	0	0	0	0.453	0	0	0.840	0.909
SF3B1	DEK	9606.ENSP00000335321	9606.ENSP00000498653	0	0	0	0	0.183	0	0.800	0.598	0.928
SF3B1	DHX15	9606.ENSP00000335321	9606.ENSP00000336741	0	0	0	0	0.515	0.840	0.720	0.493	0.987
SF3B1	PRPF8	9606.ENSP00000335321	9606.ENSP00000460348	0	0	0	0	0.517	0.982	0.900	0.540	0.999
SFPQ	FUS	9606.ENSP00000349748	9606.ENSP00000254108	0	0	0	0	0.444	0.630	0	0.933	0.985
SFPQ	ASPSCR1	9606.ENSP00000349748	9606.ENSP00000306625	0	0	0	0	0.049	0	0	0.824	0.825
SFPQ	TFE3	9606.ENSP00000349748	9606.ENSP00000314129	0	0	0	0	0.047	0	0	0.873	0.873
SFPQ	HDAC1	9606.ENSP00000349748	9606.ENSP00000362649	0	0	0	0	0.441	0.735	0	0.510	0.921
SH3GL1	LRRK2	9606.ENSP00000269886	9606.ENSP00000298910	0	0	0	0	0	0.524	0	0.740	0.871
SLC34A2	SLC9A3R1	9606.ENSP00000371483	9606.ENSP00000262613	0	0	0	0	0	0.110	0.900	0.212	0.923
SLC34A2	ROS1	9606.ENSP00000371483	9606.ENSP00000357494	0	0	0	0	0.112	0.108	0	0.815	0.841
SLC9A3R1	PAG1	9606.ENSP00000262613	9606.ENSP00000220597	0	0	0	0	0	0.406	0	0.838	0.899
SLC9A3R1	PHLPP2	9606.ENSP00000262613	9606.ENSP00000457991	0	0	0	0	0	0.524	0	0.683	0.842
SLC9A3R1	EGFR	9606.ENSP00000262613	9606.ENSP00000275493	0	0	0	0	0	0.045	0	0.854	0.854
SLC9A3R1	CTNNB1	9606.ENSP00000262613	9606.ENSP00000495360	0	0	0	0	0.055	0.300	0	0.866	0.903
SLC9A3R1	PRKCB	9606.ENSP00000262613	9606.ENSP00000496129	0	0	0	0	0.055	0.108	0.900	0.045	0.908
SLC9A3R1	SLC34A2	9606.ENSP00000262613	9606.ENSP00000371483	0	0	0	0	0	0.110	0.900	0.212	0.923
SLC9A3R1	NF2	9606.ENSP00000262613	9606.ENSP00000344666	0	0	0	0	0.042	0.660	0	0.870	0.954
SLC9A3R1	PRKACA	9606.ENSP00000262613	9606.ENSP00000309591	0	0	0	0	0.103	0.046	0.900	0.681	0.969
SLC9A3R1	PTEN	9606.ENSP00000262613	9606.ENSP00000361021	0	0	0	0	0	0.825	0	0.905	0.982
SLIT2	CXCR4	9606.ENSP00000422591	9606.ENSP00000386884	0	0	0	0	0	0	0.500	0.699	0.843
SLIT2	ROBO1	9606.ENSP00000422591	9606.ENSP00000420321	0	0	0	0	0.147	0.966	0.900	0.999	0.999
SLIT3	ROBO1	9606.ENSP00000332164	9606.ENSP00000420321	0	0	0	0	0.106	0.406	0.900	0.999	0.999
SLX4	ERCC1	9606.ENSP00000294008	9606.ENSP00000013807	0	0	0	0	0.086	0.899	0.500	0.997	0.999
SLX4	FANCE	9606.ENSP00000294008	9606.ENSP00000229769	0.057	0	0	0	0.129	0	0.500	0.743	0.880
SLX4	MSH2	9606.ENSP00000294008	9606.ENSP00000233146	0	0	0	0	0.055	0.735	0	0.900	0.972
SLX4	BRIP1	9606.ENSP00000294008	9606.ENSP00000259008	0.069	0	0	0	0.109	0	0.500	0.803	0.907
SLX4	PALB2	9606.ENSP00000294008	9606.ENSP00000261584	0.056	0	0	0	0.078	0	0.500	0.732	0.868
SLX4	MSH3	9606.ENSP00000294008	9606.ENSP00000265081	0	0	0	0	0.055	0.292	0	0.954	0.967
SLX4	FANCM	9606.ENSP00000294008	9606.ENSP00000267430	0	0	0	0	0.109	0.255	0.500	0.835	0.938
SLX4	ATM	9606.ENSP00000294008	9606.ENSP00000278616	0	0	0	0	0	0	0.500	0.619	0.801
SLX4	FANCD2	9606.ENSP00000294008	9606.ENSP00000287647	0	0	0	0	0.098	0.510	0.500	0.971	0.992
SLX4	MRE11	9606.ENSP00000294008	9606.ENSP00000325863	0.057	0	0	0	0.067	0.292	0.500	0.474	0.806
SLX4	WRN	9606.ENSP00000294008	9606.ENSP00000298139	0	0	0	0	0.074	0.071	0.500	0.643	0.826
SLX4	RAD51	9606.ENSP00000294008	9606.ENSP00000493712	0.042	0	0	0	0.049	0	0.500	0.716	0.853
SLX4	BRCA2	9606.ENSP00000294008	9606.ENSP00000369497	0	0	0	0	0	0	0.500	0.768	0.879
SLX4	RAD51C	9606.ENSP00000294008	9606.ENSP00000336701	0.042	0	0	0	0	0	0.500	0.802	0.897
SLX4	FANCG	9606.ENSP00000294008	9606.ENSP00000367910	0	0	0	0	0.149	0	0.500	0.785	0.900
SLX4	FANCL	9606.ENSP00000294008	9606.ENSP00000385021	0	0	0	0	0	0	0.500	0.808	0.900
SLX4	FANCB	9606.ENSP00000294008	9606.ENSP00000498215	0	0	0	0	0.049	0	0.500	0.809	0.901
SLX4	BRCA1	9606.ENSP00000294008	9606.ENSP00000418960	0	0	0	0	0.067	0.439	0.500	0.681	0.905
SLX4	FANCA	9606.ENSP00000294008	9606.ENSP00000373952	0	0	0	0	0.079	0	0.500	0.870	0.935
SLX4	RTEL1	9606.ENSP00000294008	9606.ENSP00000353332	0.069	0	0	0	0.160	0.510	0	0.898	0.955
SLX4	FANCI	9606.ENSP00000294008	9606.ENSP00000310842	0	0	0	0	0.072	0	0.500	0.935	0.967
SLX4	ERCC4	9606.ENSP00000294008	9606.ENSP00000310520	0	0	0	0	0.105	0.943	0.500	0.996	0.999
SMAD3	DDX5	9606.ENSP00000332973	9606.ENSP00000225792	0	0	0	0	0.054	0.524	0	0.926	0.963
SMAD3	CDK4	9606.ENSP00000332973	9606.ENSP00000257904	0	0	0	0	0.045	0.597	0	0.743	0.892
SMAD3	CREBBP	9606.ENSP00000332973	9606.ENSP00000262367	0	0	0	0	0.087	0.872	0	0.964	0.995
SMAD3	EP300	9606.ENSP00000332973	9606.ENSP00000263253	0	0	0	0	0.062	0.926	0.500	0.992	0.999
SMAD3	PAX8	9606.ENSP00000332973	9606.ENSP00000263334	0	0	0	0	0.057	0	0	0.837	0.839
SMAD3	MECOM	9606.ENSP00000332973	9606.ENSP00000264674	0	0	0	0	0.042	0.523	0	0.715	0.858
SMAD3	NCOR1	9606.ENSP00000332973	9606.ENSP00000268712	0	0	0	0	0.054	0	0.500	0.851	0.923
SMAD3	TP53	9606.ENSP00000332973	9606.ENSP00000269305	0	0	0	0	0.093	0.469	0	0.929	0.963
SMAD3	PCBP1	9606.ENSP00000332973	9606.ENSP00000305556	0	0	0	0	0.047	0	0	0.928	0.928
SMAD3	SOX2	9606.ENSP00000332973	9606.ENSP00000323588	0	0	0	0	0	0.059	0.800	0.653	0.929
SMAD3	MAP3K7	9606.ENSP00000332973	9606.ENSP00000358335	0	0	0	0	0.068	0.418	0	0.665	0.803
SMAD3	CDKN2A	9606.ENSP00000332973	9606.ENSP00000418915	0	0	0	0	0.042	0.046	0	0.805	0.806
SMAD3	ESR1	9606.ENSP00000332973	9606.ENSP00000405330	0	0	0	0	0.042	0.294	0	0.783	0.840
SMAD3	BRCA1	9606.ENSP00000332973	9606.ENSP00000418960	0	0	0	0	0	0.510	0	0.740	0.867
SMAD3	PARP1	9606.ENSP00000332973	9606.ENSP00000355759	0	0	0	0	0.049	0	0.500	0.746	0.869
SMAD3	WWTR1	9606.ENSP00000332973	9606.ENSP00000419465	0	0	0	0	0	0.250	0.800	0.274	0.881
SMAD3	CEBPA	9606.ENSP00000332973	9606.ENSP00000427514	0	0	0	0	0	0.292	0	0.841	0.882
SMAD3	DROSHA	9606.ENSP00000332973	9606.ENSP00000425979	0	0	0	0	0.042	0.299	0	0.873	0.907
SMAD3	NFATC2	9606.ENSP00000332973	9606.ENSP00000379330	0	0	0	0	0.108	0	0	0.925	0.930
SMAD3	ACVR1B	9606.ENSP00000332973	9606.ENSP00000442656	0	0	0	0	0.067	0.354	0.500	0.813	0.936
SMAD3	NOTCH4	9606.ENSP00000332973	9606.ENSP00000364163	0	0	0	0	0	0.293	0.900	0.312	0.947
SMAD3	AR	9606.ENSP00000332973	9606.ENSP00000363822	0	0	0	0	0	0.626	0	0.879	0.953
SMAD3	NOTCH1	9606.ENSP00000332973	9606.ENSP00000498587	0	0	0	0	0.060	0.293	0	0.942	0.958
SMAD3	RUNX2	9606.ENSP00000332973	9606.ENSP00000360493	0	0	0	0	0.094	0.608	0	0.896	0.960
SMAD3	ACVR1	9606.ENSP00000332973	9606.ENSP00000405004	0	0	0	0	0.077	0.126	0.900	0.573	0.961
SMAD3	HIF1A	9606.ENSP00000332973	9606.ENSP00000437955	0	0	0	0	0.044	0.784	0	0.888	0.975
SMAD3	HDAC1	9606.ENSP00000332973	9606.ENSP00000362649	0	0	0	0	0.071	0.481	0.500	0.928	0.980
SMAD3	MEN1	9606.ENSP00000332973	9606.ENSP00000337088	0	0	0	0	0.078	0.294	0.500	0.954	0.983
SMAD3	FOXO1	9606.ENSP00000332973	9606.ENSP00000368880	0	0	0	0	0.074	0.317	0.900	0.872	0.990
SMAD3	TRIM33	9606.ENSP00000332973	9606.ENSP00000351250	0	0	0	0	0.059	0.838	0.700	0.953	0.997
SMAD3	TGFBR2	9606.ENSP00000332973	9606.ENSP00000351905	0	0	0	0	0.166	0.091	0.900	0.985	0.998
SMAD3	SMAD4	9606.ENSP00000332973	9606.ENSP00000341551	0	0	0	0.864	0.087	0.999	0.900	0.988	0.999
SMAD3	CTNNB1	9606.ENSP00000332973	9606.ENSP00000495360	0	0	0	0	0.074	0.768	0.800	0.980	0.999
SMAD4	CDH1	9606.ENSP00000341551	9606.ENSP00000261769	0	0	0	0	0	0.045	0	0.803	0.804
SMAD4	CREBBP	9606.ENSP00000341551	9606.ENSP00000262367	0	0	0	0	0.191	0.316	0	0.862	0.917
SMAD4	EP300	9606.ENSP00000341551	9606.ENSP00000263253	0	0	0	0	0.204	0.826	0.500	0.924	0.994
SMAD4	PIK3CA	9606.ENSP00000341551	9606.ENSP00000263967	0	0	0	0	0.210	0	0	0.763	0.805
SMAD4	NCOR1	9606.ENSP00000341551	9606.ENSP00000268712	0	0	0	0	0.067	0.292	0.500	0.615	0.855
SMAD4	TP53	9606.ENSP00000341551	9606.ENSP00000269305	0	0	0	0	0.059	0	0	0.873	0.875
SMAD4	SOX2	9606.ENSP00000341551	9606.ENSP00000323588	0	0	0	0	0	0.070	0.500	0.644	0.820
SMAD4	STK11	9606.ENSP00000341551	9606.ENSP00000324856	0	0	0	0	0.084	0	0	0.840	0.847
SMAD4	SMAD3	9606.ENSP00000341551	9606.ENSP00000332973	0	0	0	0.864	0.087	0.999	0.900	0.988	0.999
SMAD4	NOTCH1	9606.ENSP00000341551	9606.ENSP00000498587	0	0	0	0	0.049	0.043	0	0.809	0.811
SMAD4	ESR1	9606.ENSP00000341551	9606.ENSP00000405330	0	0	0	0	0	0.045	0	0.832	0.833
SMAD4	CDKN2A	9606.ENSP00000341551	9606.ENSP00000418915	0	0	0	0	0.042	0.046	0	0.850	0.851
SMAD4	AR	9606.ENSP00000341551	9606.ENSP00000363822	0	0	0	0	0	0.294	0	0.809	0.859
SMAD4	ACVR1	9606.ENSP00000341551	9606.ENSP00000405004	0	0	0	0	0.073	0.091	0	0.847	0.860
SMAD4	NF1	9606.ENSP00000341551	9606.ENSP00000351015	0	0	0	0	0.104	0	0	0.864	0.873
SMAD4	WWTR1	9606.ENSP00000341551	9606.ENSP00000419465	0	0	0	0	0	0.250	0.800	0.235	0.875
SMAD4	FOXO1	9606.ENSP00000341551	9606.ENSP00000368880	0	0	0	0	0.139	0.314	0.500	0.667	0.888
SMAD4	PARP1	9606.ENSP00000341551	9606.ENSP00000355759	0	0	0	0	0.049	0	0.500	0.784	0.888
SMAD4	RUNX2	9606.ENSP00000341551	9606.ENSP00000360493	0	0	0	0	0.055	0.091	0.500	0.783	0.894
SMAD4	PTEN	9606.ENSP00000341551	9606.ENSP00000361021	0	0	0	0	0.072	0.053	0	0.908	0.912
SMAD4	ACVR1B	9606.ENSP00000341551	9606.ENSP00000442656	0	0	0	0	0.062	0.091	0.500	0.911	0.957
SMAD4	HDAC1	9606.ENSP00000341551	9606.ENSP00000362649	0	0	0	0	0.068	0.516	0.500	0.893	0.972
SMAD4	TRIM33	9606.ENSP00000341551	9606.ENSP00000351250	0	0	0	0	0.116	0.841	0.500	0.824	0.986
SMAD4	TGFBR2	9606.ENSP00000341551	9606.ENSP00000351905	0	0	0	0	0.049	0.091	0.900	0.960	0.996
SMAD4	CTNNB1	9606.ENSP00000341551	9606.ENSP00000495360	0	0	0	0	0.107	0.308	0.500	0.994	0.998
SMARCA2	H3-3B	9606.ENSP00000371638	9606.ENSP00000254810	0	0	0	0	0.056	0.302	0	0.755	0.824
SMARCA2	VHL	9606.ENSP00000371638	9606.ENSP00000256474	0	0	0	0	0.105	0.900	0	0.085	0.910
SMARCA2	RB1	9606.ENSP00000371638	9606.ENSP00000267163	0	0	0	0	0.066	0.314	0.720	0.178	0.832
SMARCA2	ARID1A	9606.ENSP00000371638	9606.ENSP00000320485	0	0	0	0	0.105	0.948	0.900	0.995	0.999
SMARCA2	H3C13	9606.ENSP00000371638	9606.ENSP00000333277	0	0	0	0	0.055	0.302	0.400	0.747	0.886
SMARCA2	ARID2	9606.ENSP00000371638	9606.ENSP00000335044	0	0	0	0	0.133	0.711	0.720	0.925	0.994
SMARCA2	SMARCB1	9606.ENSP00000371638	9606.ENSP00000340883	0	0	0	0	0.119	0.986	0.900	0.997	0.999
SMARCA2	SMARCA4	9606.ENSP00000371638	9606.ENSP00000343896	0	0	0.052	0.977	0.055	0.849	0.900	0.982	0.999
SMARCA2	HDAC1	9606.ENSP00000371638	9606.ENSP00000362649	0	0	0	0	0.087	0.516	0	0.684	0.848
SMARCA2	ELOC	9606.ENSP00000371638	9606.ENSP00000478121	0	0	0	0	0.112	0.800	0	0.175	0.840
SMARCA2	ACTB	9606.ENSP00000371638	9606.ENSP00000494750	0	0	0	0	0.049	0.290	0.650	0.612	0.896
SMARCA2	PBRM1	9606.ENSP00000371638	9606.ENSP00000386593	0	0	0	0.549	0.150	0.921	0.720	0.965	0.999
SMARCA2	ARID1B	9606.ENSP00000371638	9606.ENSP00000490491	0	0	0	0	0.100	0.899	0.900	0.980	0.999
SMARCA4	FUS	9606.ENSP00000343896	9606.ENSP00000254108	0	0	0	0	0.226	0.424	0	0.738	0.873
SMARCA4	H3-3B	9606.ENSP00000343896	9606.ENSP00000254810	0	0	0	0	0.067	0.854	0	0.888	0.983
SMARCA4	VHL	9606.ENSP00000343896	9606.ENSP00000256474	0	0	0	0	0.135	0.900	0	0.117	0.917
SMARCA4	CREBBP	9606.ENSP00000343896	9606.ENSP00000262367	0	0	0	0	0.126	0.491	0	0.884	0.944
SMARCA4	EP300	9606.ENSP00000343896	9606.ENSP00000263253	0	0	0	0	0.085	0.328	0	0.955	0.969
SMARCA4	BRD4	9606.ENSP00000343896	9606.ENSP00000263377	0	0	0	0	0.117	0.797	0	0.783	0.957
SMARCA4	DNMT3A	9606.ENSP00000343896	9606.ENSP00000264709	0	0	0	0	0.069	0.059	0.500	0.915	0.957
SMARCA4	RB1	9606.ENSP00000343896	9606.ENSP00000267163	0	0	0	0	0.066	0.842	0.720	0.553	0.979
SMARCA4	NCOR1	9606.ENSP00000343896	9606.ENSP00000268712	0	0	0	0	0.080	0.292	0	0.746	0.820
SMARCA4	TP53	9606.ENSP00000343896	9606.ENSP00000269305	0	0	0	0	0.049	0.822	0	0.964	0.993
SMARCA4	TERT	9606.ENSP00000343896	9606.ENSP00000309572	0	0	0	0	0.093	0.516	0.800	0.901	0.990
SMARCA4	ARID1A	9606.ENSP00000343896	9606.ENSP00000320485	0	0	0	0	0.250	0.998	0.900	0.996	0.999
SMARCA4	SOX2	9606.ENSP00000343896	9606.ENSP00000323588	0	0	0	0	0.063	0.210	0	0.780	0.823
SMARCA4	STK11	9606.ENSP00000343896	9606.ENSP00000324856	0	0	0	0	0.140	0.601	0	0.786	0.920
SMARCA4	H3C13	9606.ENSP00000343896	9606.ENSP00000333277	0	0	0	0	0.056	0.302	0.400	0.881	0.946
SMARCA4	ARID2	9606.ENSP00000343896	9606.ENSP00000335044	0	0	0	0	0.156	0.986	0.720	0.996	0.999
SMARCA4	SMARCB1	9606.ENSP00000343896	9606.ENSP00000340883	0	0	0	0	0.168	0.999	0.900	0.999	0.999
SMARCA4	CDKN2A	9606.ENSP00000343896	9606.ENSP00000418915	0	0	0	0	0.042	0.328	0	0.730	0.811
SMARCA4	KDM6A	9606.ENSP00000343896	9606.ENSP00000367203	0	0	0	0	0.074	0.381	0	0.757	0.848
SMARCA4	ELOC	9606.ENSP00000343896	9606.ENSP00000478121	0	0	0	0	0.111	0.800	0	0.224	0.850
SMARCA4	ESR1	9606.ENSP00000343896	9606.ENSP00000405330	0	0	0	0	0	0.487	0	0.737	0.859
SMARCA4	AR	9606.ENSP00000343896	9606.ENSP00000363822	0	0	0	0	0	0.703	0	0.593	0.874
SMARCA4	FANCA	9606.ENSP00000343896	9606.ENSP00000373952	0	0	0	0	0.067	0.303	0	0.894	0.925
SMARCA4	H3C8	9606.ENSP00000343896	9606.ENSP00000484638	0	0	0	0	0	0.927	0	0.121	0.933
SMARCA4	CHD4	9606.ENSP00000343896	9606.ENSP00000440542	0	0	0.181	0.630	0.505	0.826	0	0.575	0.966
SMARCA4	H3C1	9606.ENSP00000343896	9606.ENSP00000480826	0	0	0	0	0	0.968	0	0.095	0.970
SMARCA4	BRCA1	9606.ENSP00000343896	9606.ENSP00000418960	0	0	0	0	0.056	0.628	0	0.957	0.983
SMARCA4	HDAC1	9606.ENSP00000343896	9606.ENSP00000362649	0	0	0	0	0.247	0.731	0.500	0.907	0.989
SMARCA4	PARP1	9606.ENSP00000343896	9606.ENSP00000355759	0	0	0	0	0.221	0.216	0	0.995	0.996
SMARCA4	CTNNB1	9606.ENSP00000343896	9606.ENSP00000495360	0	0	0	0	0.062	0.644	0.500	0.991	0.998
SMARCA4	ARID1B	9606.ENSP00000343896	9606.ENSP00000490491	0	0	0	0	0.105	0.944	0.900	0.996	0.999
SMARCA4	ACTB	9606.ENSP00000343896	9606.ENSP00000494750	0	0	0	0	0.062	0.982	0.650	0.876	0.999
SMARCA4	PBRM1	9606.ENSP00000343896	9606.ENSP00000386593	0	0	0	0.549	0.214	0.994	0.720	0.991	0.999
SMARCA4	SMARCA2	9606.ENSP00000343896	9606.ENSP00000371638	0	0	0.052	0.977	0.055	0.849	0.900	0.982	0.999
SMARCB1	RB1	9606.ENSP00000340883	9606.ENSP00000267163	0	0	0	0	0.109	0.091	0.720	0.232	0.802
SMARCB1	TP53	9606.ENSP00000340883	9606.ENSP00000269305	0	0	0	0	0.080	0.292	0	0.967	0.976
SMARCB1	XPC	9606.ENSP00000340883	9606.ENSP00000285021	0	0	0	0	0.057	0.330	0	0.956	0.970
SMARCB1	ARID1A	9606.ENSP00000340883	9606.ENSP00000320485	0	0	0	0	0.076	0.991	0.900	0.996	0.999
SMARCB1	ARID2	9606.ENSP00000340883	9606.ENSP00000335044	0	0	0	0	0.058	0.982	0.720	0.995	0.999
SMARCB1	NF2	9606.ENSP00000340883	9606.ENSP00000344666	0	0	0	0	0.064	0.071	0	0.820	0.830
SMARCB1	H3C1	9606.ENSP00000340883	9606.ENSP00000480826	0	0	0	0	0	0.849	0	0.115	0.861
SMARCB1	H3C8	9606.ENSP00000340883	9606.ENSP00000484638	0	0	0	0	0	0.849	0	0.151	0.866
SMARCB1	KMT2A	9606.ENSP00000340883	9606.ENSP00000436786	0	0	0	0	0.084	0.418	0	0.829	0.901
SMARCB1	HDAC1	9606.ENSP00000340883	9606.ENSP00000362649	0	0	0	0	0.168	0.323	0	0.890	0.932
SMARCB1	ACTB	9606.ENSP00000340883	9606.ENSP00000494750	0	0	0	0	0.080	0.873	0.540	0.628	0.977
SMARCB1	PBRM1	9606.ENSP00000340883	9606.ENSP00000386593	0	0	0	0	0.109	0.992	0.720	0.995	0.999
SMARCB1	SMARCA2	9606.ENSP00000340883	9606.ENSP00000371638	0	0	0	0	0.119	0.986	0.900	0.997	0.999
SMARCB1	SMARCA4	9606.ENSP00000340883	9606.ENSP00000343896	0	0	0	0	0.168	0.999	0.900	0.999	0.999
SMARCB1	ARID1B	9606.ENSP00000340883	9606.ENSP00000490491	0	0	0	0	0.049	0.921	0.900	0.995	0.999
SMC1A	STAG2	9606.ENSP00000323421	9606.ENSP00000218089	0	0	0	0	0.574	0.945	0.900	0.996	0.999
SMC1A	BRD4	9606.ENSP00000323421	9606.ENSP00000263377	0	0	0	0	0.111	0.644	0	0.578	0.855
SMC1A	ATM	9606.ENSP00000323421	9606.ENSP00000278616	0	0	0	0	0.069	0.537	0	0.765	0.890
SMC1A	RAD21	9606.ENSP00000323421	9606.ENSP00000297338	0	0	0	0	0.553	0.999	0.900	0.998	0.999
SMC1A	ESCO2	9606.ENSP00000323421	9606.ENSP00000306999	0	0	0	0	0.125	0.416	0.400	0.771	0.920
SMC1A	MRE11	9606.ENSP00000323421	9606.ENSP00000325863	0.087	0	0	0	0.199	0.053	0	0.774	0.823
SMC1A	BRCA1	9606.ENSP00000323421	9606.ENSP00000418960	0	0	0	0	0.161	0.401	0.500	0.754	0.930
SMC1A	CTCF	9606.ENSP00000323421	9606.ENSP00000494538	0	0	0	0	0.190	0.522	0	0.913	0.963
SMC1A	STAG1	9606.ENSP00000323421	9606.ENSP00000372689	0	0	0	0	0.324	0.993	0.900	0.996	0.999
SMC1A	SMC3	9606.ENSP00000323421	9606.ENSP00000354720	0	0	0	0.567	0.557	0.998	0.900	0.993	0.999
SMC3	STAG2	9606.ENSP00000354720	9606.ENSP00000218089	0	0	0	0	0.392	0.979	0.900	0.999	0.999
SMC3	ATM	9606.ENSP00000354720	9606.ENSP00000278616	0	0	0	0	0.069	0.331	0	0.714	0.806
SMC3	RAD21	9606.ENSP00000354720	9606.ENSP00000297338	0	0	0	0	0.526	0.999	0.900	0.999	0.999
SMC3	ESCO2	9606.ENSP00000354720	9606.ENSP00000306999	0	0	0	0	0.145	0.878	0.400	0.973	0.998
SMC3	SMC1A	9606.ENSP00000354720	9606.ENSP00000323421	0	0	0	0.567	0.557	0.998	0.900	0.993	0.999
SMC3	CTCF	9606.ENSP00000354720	9606.ENSP00000494538	0	0	0	0	0.180	0.310	0	0.983	0.989
SMC3	STAG1	9606.ENSP00000354720	9606.ENSP00000372689	0	0	0	0	0.154	0.999	0.900	0.999	0.999
SMG1	TRRAP	9606.ENSP00000402515	9606.ENSP00000352925	0	0	0	0.546	0.156	0.071	0	0.814	0.841
SMO	PRKACA	9606.ENSP00000249373	9606.ENSP00000309591	0	0	0	0	0	0.241	0.900	0.579	0.965
SMO	SUFU	9606.ENSP00000249373	9606.ENSP00000358918	0	0	0	0	0	0	0.900	0.983	0.998
SMO	PTCH1	9606.ENSP00000249373	9606.ENSP00000332353	0	0	0	0	0.043	0.736	0.900	0.999	0.999
SOX2	SALL4	9606.ENSP00000323588	9606.ENSP00000217086	0	0	0	0	0.145	0.141	0.800	0.901	0.983
SOX2	MSI1	9606.ENSP00000323588	9606.ENSP00000257552	0	0	0	0	0.115	0	0	0.786	0.803
SOX2	TBX3	9606.ENSP00000323588	9606.ENSP00000257566	0	0	0	0	0	0.308	0	0.871	0.907
SOX2	TP53	9606.ENSP00000323588	9606.ENSP00000269305	0	0	0	0	0	0	0	0.883	0.883
SOX2	PRDM14	9606.ENSP00000323588	9606.ENSP00000276594	0	0	0	0	0.067	0.094	0.800	0.821	0.965
SOX2	CUX1	9606.ENSP00000323588	9606.ENSP00000353401	0	0	0	0	0	0.692	0	0.388	0.804
SOX2	H3C1	9606.ENSP00000323588	9606.ENSP00000480826	0	0	0	0	0	0.800	0	0.069	0.805
SOX2	H3C8	9606.ENSP00000323588	9606.ENSP00000484638	0	0	0	0	0.054	0.800	0	0.069	0.808
SOX2	SMAD4	9606.ENSP00000323588	9606.ENSP00000341551	0	0	0	0	0	0.070	0.500	0.644	0.820
SOX2	SMARCA4	9606.ENSP00000323588	9606.ENSP00000343896	0	0	0	0	0.063	0.210	0	0.780	0.823
SOX2	POU3F2	9606.ENSP00000323588	9606.ENSP00000329170	0	0	0	0	0.140	0.132	0	0.875	0.899
SOX2	H3C13	9606.ENSP00000323588	9606.ENSP00000333277	0	0	0	0	0	0.800	0	0.633	0.923
SOX2	SMAD3	9606.ENSP00000323588	9606.ENSP00000332973	0	0	0	0	0	0.059	0.800	0.653	0.929
SOX2	HDAC1	9606.ENSP00000323588	9606.ENSP00000362649	0	0	0	0	0	0.658	0	0.907	0.966
SOX2	CTNNB1	9606.ENSP00000323588	9606.ENSP00000495360	0	0	0	0	0	0.627	0.500	0.957	0.991
SPEN	NCOR1	9606.ENSP00000364912	9606.ENSP00000268712	0	0	0	0	0.152	0.292	0	0.844	0.898
SPEN	NCOR2	9606.ENSP00000364912	9606.ENSP00000384018	0	0	0	0	0.142	0.622	0	0.930	0.975
SPRED1	PIK3R2	9606.ENSP00000299084	9606.ENSP00000222254	0	0	0	0	0.044	0.071	0	0.804	0.811
SPRED1	NF1	9606.ENSP00000299084	9606.ENSP00000351015	0	0	0	0	0.049	0.792	0.400	0.946	0.992
SRP72	RPL22	9606.ENSP00000495128	9606.ENSP00000346088	0	0	0	0	0.167	0.878	0	0.057	0.896
SRP72	RPL5	9606.ENSP00000495128	9606.ENSP00000359345	0	0	0	0	0.110	0.875	0	0.236	0.908
SRSF2	FUS	9606.ENSP00000376276	9606.ENSP00000254108	0	0	0	0	0.201	0.094	0.400	0.899	0.950
SRSF2	PCBP1	9606.ENSP00000376276	9606.ENSP00000305556	0	0	0	0	0.138	0	0.400	0.676	0.818
SRSF2	SF3B1	9606.ENSP00000376276	9606.ENSP00000335321	0	0	0	0	0.453	0	0	0.840	0.909
SRSF2	DHX15	9606.ENSP00000376276	9606.ENSP00000336741	0	0	0	0	0.485	0	0	0.825	0.906
SRSF2	ASXL1	9606.ENSP00000376276	9606.ENSP00000364839	0	0	0	0	0.056	0	0	0.888	0.889
SRSF2	TET2	9606.ENSP00000376276	9606.ENSP00000442788	0	0	0	0	0	0	0	0.841	0.841
STAG1	STAG2	9606.ENSP00000372689	9606.ENSP00000218089	0	0	0.053	0.974	0.403	0.792	0.900	0.781	0.996
STAG1	RAD21	9606.ENSP00000372689	9606.ENSP00000297338	0	0	0	0	0.214	0.999	0.900	0.999	0.999
STAG1	ESCO2	9606.ENSP00000372689	9606.ENSP00000306999	0	0	0	0	0.094	0.204	0.400	0.757	0.881
STAG1	SMC1A	9606.ENSP00000372689	9606.ENSP00000323421	0	0	0	0	0.324	0.993	0.900	0.996	0.999
STAG1	SMC3	9606.ENSP00000372689	9606.ENSP00000354720	0	0	0	0	0.154	0.999	0.900	0.999	0.999
STAG1	CTCF	9606.ENSP00000372689	9606.ENSP00000494538	0	0	0	0	0.140	0.439	0	0.740	0.864
STAG2	ESCO2	9606.ENSP00000218089	9606.ENSP00000306999	0	0	0	0	0.074	0.204	0.400	0.682	0.841
STAG2	CTCF	9606.ENSP00000218089	9606.ENSP00000494538	0	0	0	0	0.185	0.602	0	0.952	0.983
STAG2	STAG1	9606.ENSP00000218089	9606.ENSP00000372689	0	0	0.053	0.974	0.403	0.792	0.900	0.781	0.996
STAG2	SMC3	9606.ENSP00000218089	9606.ENSP00000354720	0	0	0	0	0.392	0.979	0.900	0.999	0.999
STAG2	RAD21	9606.ENSP00000218089	9606.ENSP00000297338	0	0	0	0	0.419	0.999	0.900	0.999	0.999
STAG2	SMC1A	9606.ENSP00000218089	9606.ENSP00000323421	0	0	0	0	0.574	0.945	0.900	0.996	0.999
STAT2	IRF1	9606.ENSP00000315768	9606.ENSP00000245414	0	0	0	0	0.215	0	0.500	0.909	0.961
STAT2	CREBBP	9606.ENSP00000315768	9606.ENSP00000262367	0	0	0	0	0.049	0.960	0.650	0.844	0.997
STAT2	EP300	9606.ENSP00000315768	9606.ENSP00000263253	0	0	0	0	0.049	0.626	0.650	0.559	0.937
STAT2	IRF8	9606.ENSP00000315768	9606.ENSP00000268638	0	0	0	0	0.095	0.065	0.500	0.688	0.850
STAT2	STAT5B	9606.ENSP00000315768	9606.ENSP00000293328	0	0	0.102	0.645	0.085	0	0.650	0.637	0.881
STAT2	STAT6	9606.ENSP00000315768	9606.ENSP00000300134	0	0	0.129	0.601	0.117	0.292	0.900	0.873	0.991
STAT2	PTPN2	9606.ENSP00000315768	9606.ENSP00000311857	0	0	0	0	0.065	0.071	0.900	0.364	0.937
STAT2	STAT5A	9606.ENSP00000315768	9606.ENSP00000341208	0	0	0.106	0.638	0.116	0	0.650	0.570	0.865
STAT2	HDAC1	9606.ENSP00000315768	9606.ENSP00000362649	0	0	0	0	0.044	0.077	0	0.905	0.909
STAT2	JAK3	9606.ENSP00000315768	9606.ENSP00000432511	0	0	0	0	0.095	0.285	0.900	0.763	0.982
STAT5A	FLT3	9606.ENSP00000341208	9606.ENSP00000241453	0	0	0	0	0.052	0.079	0.900	0.705	0.970
STAT5A	CREBBP	9606.ENSP00000341208	9606.ENSP00000262367	0	0	0	0	0.043	0.294	0.650	0.909	0.975
STAT5A	EP300	9606.ENSP00000341208	9606.ENSP00000263253	0	0	0	0	0.042	0.623	0.650	0.623	0.946
STAT5A	EGFR	9606.ENSP00000341208	9606.ENSP00000275493	0	0	0	0	0	0.836	0.900	0.932	0.998
STAT5A	KIT	9606.ENSP00000341208	9606.ENSP00000288135	0	0	0	0	0.075	0.079	0.900	0.583	0.959
STAT5A	STAT5B	9606.ENSP00000341208	9606.ENSP00000293328	0	0	0.048	0.985	0.252	0.312	0.900	0.127	0.949
STAT5A	NPM1	9606.ENSP00000341208	9606.ENSP00000296930	0	0	0	0	0	0	0.500	0.635	0.809
STAT5A	STAT6	9606.ENSP00000341208	9606.ENSP00000300134	0	0	0.103	0.842	0.126	0	0.650	0.802	0.938
STAT5A	BCR	9606.ENSP00000341208	9606.ENSP00000303507	0	0	0	0	0	0	0.900	0.273	0.924
STAT5A	PTPN2	9606.ENSP00000341208	9606.ENSP00000311857	0	0	0	0	0.053	0.071	0.900	0.479	0.948
STAT5A	STAT2	9606.ENSP00000341208	9606.ENSP00000315768	0	0	0.106	0.638	0.116	0	0.650	0.570	0.865
STAT5A	PGR	9606.ENSP00000341208	9606.ENSP00000325120	0	0	0	0	0	0.309	0	0.841	0.885
STAT5A	TET2	9606.ENSP00000341208	9606.ENSP00000442788	0	0	0	0	0	0.292	0	0.739	0.807
STAT5A	BTK	9606.ENSP00000341208	9606.ENSP00000483570	0	0	0	0	0.194	0.332	0	0.743	0.850
STAT5A	LYN	9606.ENSP00000341208	9606.ENSP00000428924	0	0	0	0	0.075	0.096	0.500	0.700	0.858
STAT5A	PTPN11	9606.ENSP00000341208	9606.ENSP00000489597	0	0	0	0	0.063	0.526	0.800	0.742	0.974
STAT5A	ABL1	9606.ENSP00000341208	9606.ENSP00000361423	0	0	0	0	0.088	0.332	0.900	0.724	0.980
STAT5A	ERBB4	9606.ENSP00000341208	9606.ENSP00000342235	0	0	0	0	0	0.636	0.900	0.892	0.995
STAT5A	JAK3	9606.ENSP00000341208	9606.ENSP00000432511	0	0	0	0	0.086	0.607	0.900	0.972	0.998
STAT5B	FLT3	9606.ENSP00000293328	9606.ENSP00000241453	0	0	0	0	0.052	0.079	0.900	0.705	0.970
STAT5B	CREBBP	9606.ENSP00000293328	9606.ENSP00000262367	0	0	0	0	0.098	0.294	0.650	0.740	0.934
STAT5B	EP300	9606.ENSP00000293328	9606.ENSP00000263253	0	0	0	0	0.095	0.048	0.650	0.728	0.907
STAT5B	EGFR	9606.ENSP00000293328	9606.ENSP00000275493	0	0	0	0	0	0.787	0.900	0.907	0.997
STAT5B	KIT	9606.ENSP00000293328	9606.ENSP00000288135	0	0	0	0	0.101	0.320	0.900	0.583	0.971
STAT5B	PGR	9606.ENSP00000293328	9606.ENSP00000325120	0	0	0	0	0	0.309	0	0.832	0.879
STAT5B	STAT2	9606.ENSP00000293328	9606.ENSP00000315768	0	0	0.102	0.645	0.085	0	0.650	0.637	0.881
STAT5B	STAT6	9606.ENSP00000293328	9606.ENSP00000300134	0	0	0.102	0.844	0.114	0	0.650	0.757	0.923
STAT5B	BCR	9606.ENSP00000293328	9606.ENSP00000303507	0	0	0	0	0.138	0	0.900	0.321	0.936
STAT5B	PTPN2	9606.ENSP00000293328	9606.ENSP00000311857	0	0	0	0	0.053	0.071	0.900	0.483	0.948
STAT5B	STAT5A	9606.ENSP00000293328	9606.ENSP00000341208	0	0	0.048	0.985	0.252	0.312	0.900	0.127	0.949
STAT5B	PTPN11	9606.ENSP00000293328	9606.ENSP00000489597	0	0	0	0	0.065	0.315	0.800	0.743	0.962
STAT5B	ABL1	9606.ENSP00000293328	9606.ENSP00000361423	0	0	0	0	0.065	0.439	0.900	0.727	0.983
STAT5B	ERBB4	9606.ENSP00000293328	9606.ENSP00000342235	0	0	0	0	0	0.628	0.900	0.843	0.993
STAT5B	JAK3	9606.ENSP00000293328	9606.ENSP00000432511	0	0	0	0	0.100	0.425	0.900	0.955	0.997
STAT6	CREBBP	9606.ENSP00000300134	9606.ENSP00000262367	0	0	0	0	0.049	0.718	0.650	0.604	0.957
STAT6	EP300	9606.ENSP00000300134	9606.ENSP00000263253	0	0	0	0	0.049	0.630	0.650	0.609	0.945
STAT6	TP53	9606.ENSP00000300134	9606.ENSP00000269305	0	0	0	0	0.061	0.230	0.500	0.519	0.803
STAT6	STAT5B	9606.ENSP00000300134	9606.ENSP00000293328	0	0	0.102	0.844	0.114	0	0.650	0.757	0.923
STAT6	IL10	9606.ENSP00000300134	9606.ENSP00000412237	0	0	0	0	0.045	0.045	0.500	0.821	0.907
STAT6	STAT5A	9606.ENSP00000300134	9606.ENSP00000341208	0	0	0.103	0.842	0.126	0	0.650	0.802	0.938
STAT6	PTPN2	9606.ENSP00000300134	9606.ENSP00000311857	0	0	0	0	0.060	0.314	0.900	0.358	0.953
STAT6	GATA3	9606.ENSP00000300134	9606.ENSP00000368632	0	0	0	0	0.067	0	0.750	0.887	0.971
STAT6	IRF4	9606.ENSP00000300134	9606.ENSP00000370343	0	0	0	0	0.076	0.510	0.500	0.906	0.975
STAT6	JAK3	9606.ENSP00000300134	9606.ENSP00000432511	0	0	0	0	0.090	0.472	0.900	0.833	0.990
STAT6	STAT2	9606.ENSP00000300134	9606.ENSP00000315768	0	0	0.129	0.601	0.117	0.292	0.900	0.873	0.991
STK11	TSC2	9606.ENSP00000324856	9606.ENSP00000219476	0	0	0	0	0.109	0.045	0	0.845	0.857
STK11	PALB2	9606.ENSP00000324856	9606.ENSP00000261584	0	0	0	0	0	0	0	0.843	0.843
STK11	AXIN1	9606.ENSP00000324856	9606.ENSP00000262320	0	0	0	0	0.307	0.079	0	0.990	0.993
STK11	PIK3CA	9606.ENSP00000324856	9606.ENSP00000263967	0	0	0	0	0.049	0.178	0	0.817	0.844
STK11	TP53	9606.ENSP00000324856	9606.ENSP00000269305	0	0	0	0	0.070	0.621	0.500	0.852	0.970
STK11	ATM	9606.ENSP00000324856	9606.ENSP00000278616	0	0	0	0	0.074	0.292	0	0.846	0.890
STK11	CDKN2A	9606.ENSP00000324856	9606.ENSP00000418915	0	0	0	0	0	0.186	0	0.793	0.824
STK11	BRCA2	9606.ENSP00000324856	9606.ENSP00000369497	0	0	0	0	0	0	0	0.830	0.830
STK11	SMAD4	9606.ENSP00000324856	9606.ENSP00000341551	0	0	0	0	0.084	0	0	0.840	0.847
STK11	SMARCA4	9606.ENSP00000324856	9606.ENSP00000343896	0	0	0	0	0.140	0.601	0	0.786	0.920
STK11	FOXO1	9606.ENSP00000324856	9606.ENSP00000368880	0	0	0	0	0	0.071	0.900	0.555	0.955
STK11	PTEN	9606.ENSP00000324856	9606.ENSP00000361021	0	0	0	0	0	0.331	0	0.971	0.979
SUFU	SMO	9606.ENSP00000358918	9606.ENSP00000249373	0	0	0	0	0	0	0.900	0.983	0.998
SUFU	CUL3	9606.ENSP00000358918	9606.ENSP00000264414	0	0	0	0	0.049	0	0.900	0.514	0.949
SUFU	PRKACA	9606.ENSP00000358918	9606.ENSP00000309591	0	0	0	0	0.067	0.101	0.500	0.928	0.966
SUFU	PTCH1	9606.ENSP00000358918	9606.ENSP00000332353	0	0	0	0	0.060	0.189	0	0.974	0.979
SUFU	CTNNB1	9606.ENSP00000358918	9606.ENSP00000495360	0	0	0	0	0.083	0	0	0.809	0.817
SUZ12	H3-3B	9606.ENSP00000316578	9606.ENSP00000254810	0	0	0	0	0.062	0.366	0.500	0.888	0.962
SUZ12	JAZF1	9606.ENSP00000316578	9606.ENSP00000283928	0	0	0	0	0	0.292	0	0.912	0.935
SUZ12	H2AC17	9606.ENSP00000316578	9606.ENSP00000352627	0	0	0	0	0	0.818	0	0.051	0.820
SUZ12	KDM5A	9606.ENSP00000316578	9606.ENSP00000382688	0	0	0	0	0.083	0.395	0	0.827	0.895
SUZ12	DNMT1	9606.ENSP00000316578	9606.ENSP00000352516	0	0	0	0	0.074	0.311	0.500	0.754	0.911
SUZ12	KDM6A	9606.ENSP00000316578	9606.ENSP00000367203	0	0	0	0	0.093	0.183	0.500	0.791	0.912
SUZ12	BAP1	9606.ENSP00000316578	9606.ENSP00000417132	0	0	0	0	0	0	0.900	0.167	0.913
SUZ12	HDAC1	9606.ENSP00000316578	9606.ENSP00000362649	0	0	0	0	0.089	0.651	0.500	0.781	0.960
SUZ12	CTCF	9606.ENSP00000316578	9606.ENSP00000494538	0	0	0	0	0.264	0.651	0.500	0.911	0.987
SUZ12	H3C13	9606.ENSP00000316578	9606.ENSP00000333277	0	0	0	0	0.054	0.849	0.500	0.887	0.990
SUZ12	PHF1	9606.ENSP00000316578	9606.ENSP00000363640	0	0	0	0	0.068	0.883	0.500	0.885	0.992
SUZ12	ASXL1	9606.ENSP00000316578	9606.ENSP00000364839	0	0	0	0	0.049	0.292	0.900	0.936	0.995
SUZ12	PHF19	9606.ENSP00000316578	9606.ENSP00000483946	0	0	0	0	0.070	0.985	0.500	0.766	0.998
SUZ12	EED	9606.ENSP00000316578	9606.ENSP00000338186	0	0	0	0	0.176	0.997	0.900	0.999	0.999
SUZ12	EZH1	9606.ENSP00000316578	9606.ENSP00000404658	0	0	0	0	0.080	0.997	0.900	0.996	0.999
SYK	PIK3R2	9606.ENSP00000364898	9606.ENSP00000222254	0	0	0	0	0.049	0.271	0.900	0.552	0.964
SYK	PIK3R3	9606.ENSP00000364898	9606.ENSP00000262741	0	0	0	0	0	0.093	0.900	0.371	0.937
SYK	PIK3CA	9606.ENSP00000364898	9606.ENSP00000263967	0	0	0	0	0	0.069	0.900	0.364	0.935
SYK	POU2AF1	9606.ENSP00000364898	9606.ENSP00000376786	0	0	0	0	0.132	0.217	0	0.755	0.819
SYK	PIK3CB	9606.ENSP00000364898	9606.ENSP00000501150	0	0	0	0	0.049	0.069	0.900	0.390	0.938
SYK	PTPN11	9606.ENSP00000364898	9606.ENSP00000489597	0	0	0	0.555	0.067	0.097	0.900	0.616	0.963
SYK	PIK3CD	9606.ENSP00000364898	9606.ENSP00000366563	0	0	0	0	0.092	0.069	0.900	0.758	0.976
SYK	PIK3R1	9606.ENSP00000364898	9606.ENSP00000428056	0	0	0	0	0.050	0.536	0.900	0.605	0.980
SYK	CD79B	9606.ENSP00000364898	9606.ENSP00000376544	0	0	0	0	0.200	0.292	0.400	0.993	0.997
SYK	LYN	9606.ENSP00000364898	9606.ENSP00000428924	0	0	0.094	0.716	0.367	0.339	0.900	0.986	0.999
SYK	BTK	9606.ENSP00000364898	9606.ENSP00000483570	0	0	0	0.652	0.297	0.292	0.900	0.987	0.999
SYK	PLCG2	9606.ENSP00000364898	9606.ENSP00000482457	0	0	0	0.554	0.282	0.292	0.900	0.987	0.999
TAF15	FUS	9606.ENSP00000474096	9606.ENSP00000254108	0	0	0.063	0.864	0.180	0.752	0	0.161	0.818
TAF15	TCF12	9606.ENSP00000474096	9606.ENSP00000388940	0	0	0	0	0.049	0.076	0	0.835	0.842
TBX3	SALL4	9606.ENSP00000257566	9606.ENSP00000217086	0	0	0	0	0.076	0.060	0	0.819	0.829
TBX3	SOX2	9606.ENSP00000257566	9606.ENSP00000323588	0	0	0	0	0	0.308	0	0.871	0.907
TCEA1	ELL	9606.ENSP00000428426	9606.ENSP00000262809	0	0	0	0	0	0.096	0.800	0.504	0.902
TCEA1	EP300	9606.ENSP00000428426	9606.ENSP00000263253	0	0	0	0	0.047	0.074	0.800	0.558	0.911
TCEA1	AFF4	9606.ENSP00000428426	9606.ENSP00000265343	0	0	0	0	0.049	0.109	0.800	0.245	0.855
TCEA1	ERCC3	9606.ENSP00000428426	9606.ENSP00000285398	0	0	0	0	0.067	0.623	0.900	0.558	0.982
TCEA1	H3C13	9606.ENSP00000428426	9606.ENSP00000333277	0	0	0	0	0.074	0.827	0	0.364	0.889
TCEA1	ERCC6	9606.ENSP00000428426	9606.ENSP00000348089	0	0	0	0	0	0.125	0.800	0.648	0.933
TCEA1	H2AC17	9606.ENSP00000428426	9606.ENSP00000352627	0	0	0	0	0	0.822	0	0.056	0.825
TCEA1	CTR9	9606.ENSP00000428426	9606.ENSP00000355013	0	0	0	0	0.273	0.863	0	0.589	0.955
TCEA1	MLLT3	9606.ENSP00000428426	9606.ENSP00000369695	0	0	0	0	0	0.152	0.800	0.164	0.845
TCEA1	ERCC2	9606.ENSP00000428426	9606.ENSP00000375809	0	0	0	0	0.056	0.686	0.900	0.655	0.988
TCEA1	ERCC5	9606.ENSP00000428426	9606.ENSP00000498881	0	0	0	0	0.049	0.071	0.800	0.166	0.833
TCF12	CREBBP	9606.ENSP00000388940	9606.ENSP00000262367	0	0	0	0	0.044	0.927	0	0.158	0.937
TCF12	EP300	9606.ENSP00000388940	9606.ENSP00000263253	0	0	0	0	0.060	0.396	0.800	0.321	0.912
TCF12	TAF15	9606.ENSP00000388940	9606.ENSP00000474096	0	0	0	0	0.049	0.076	0	0.835	0.842
TCF3	CREBBP	9606.ENSP00000262965	9606.ENSP00000262367	0	0	0	0	0.059	0.822	0	0.547	0.917
TCF3	ABL1	9606.ENSP00000262965	9606.ENSP00000361423	0	0	0	0	0.108	0	0.500	0.658	0.834
TCF3	CBFA2T3	9606.ENSP00000262965	9606.ENSP00000268679	0	0	0	0	0.049	0.528	0	0.757	0.881
TCF3	GATA3	9606.ENSP00000262965	9606.ENSP00000368632	0	0	0	0	0.048	0	0.500	0.779	0.885
TCF3	EP300	9606.ENSP00000262965	9606.ENSP00000263253	0	0	0	0	0.062	0.668	0	0.826	0.941
TCF3	EBF1	9606.ENSP00000262965	9606.ENSP00000322898	0	0	0	0	0.064	0	0	0.947	0.948
TCF3	CTNNB1	9606.ENSP00000262965	9606.ENSP00000495360	0	0	0	0	0.052	0.115	0.900	0.559	0.958
TCL1A	DNMT3A	9606.ENSP00000451506	9606.ENSP00000264709	0	0	0	0	0.048	0.784	0	0.789	0.952
TCL1A	MS4A1	9606.ENSP00000451506	9606.ENSP00000433277	0	0	0	0	0.679	0	0	0.513	0.837
TERT	TP53	9606.ENSP00000309572	9606.ENSP00000269305	0	0	0	0	0.060	0.161	0	0.886	0.902
TERT	ATM	9606.ENSP00000309572	9606.ENSP00000278616	0	0	0	0	0	0.410	0	0.717	0.825
TERT	H2AC17	9606.ENSP00000309572	9606.ENSP00000352627	0	0	0	0	0	0.800	0	0.066	0.805
TERT	BRAF	9606.ENSP00000309572	9606.ENSP00000419060	0	0	0	0	0.059	0.190	0	0.776	0.815
TERT	CDKN2A	9606.ENSP00000309572	9606.ENSP00000418915	0	0	0	0	0	0.175	0	0.787	0.817
TERT	PTEN	9606.ENSP00000309572	9606.ENSP00000361021	0	0	0	0	0.111	0	0	0.808	0.822
TERT	CTC1	9606.ENSP00000309572	9606.ENSP00000498499	0	0	0	0	0	0	0.540	0.732	0.871
TERT	RTEL1	9606.ENSP00000309572	9606.ENSP00000353332	0	0	0	0	0.107	0	0.500	0.831	0.918
TERT	SMARCA4	9606.ENSP00000309572	9606.ENSP00000343896	0	0	0	0	0.093	0.516	0.800	0.901	0.990
TERT	CTNNB1	9606.ENSP00000309572	9606.ENSP00000495360	0	0	0	0	0	0.301	0.900	0.937	0.995
TET1	DNMT3A	9606.ENSP00000362748	9606.ENSP00000264709	0	0	0	0	0.067	0	0	0.882	0.886
TET1	PRDM14	9606.ENSP00000362748	9606.ENSP00000276594	0	0	0	0	0.067	0	0	0.880	0.883
TET1	DNMT1	9606.ENSP00000362748	9606.ENSP00000352516	0	0	0	0	0.061	0	0	0.900	0.902
TET1	HDAC1	9606.ENSP00000362748	9606.ENSP00000362649	0	0	0	0	0	0.095	0.540	0.892	0.951
TET1	TET2	9606.ENSP00000362748	9606.ENSP00000442788	0	0	0	0.684	0	0	0.500	0.732	0.860
TET2	FLT3	9606.ENSP00000442788	9606.ENSP00000241453	0	0	0	0	0.057	0	0	0.850	0.852
TET2	DNMT3A	9606.ENSP00000442788	9606.ENSP00000264709	0	0	0	0	0.056	0.292	0	0.926	0.946
TET2	PRDM14	9606.ENSP00000442788	9606.ENSP00000276594	0	0	0	0	0	0	0	0.854	0.854
TET2	EBF1	9606.ENSP00000442788	9606.ENSP00000322898	0	0	0	0	0.042	0.292	0	0.968	0.976
TET2	STAT5A	9606.ENSP00000442788	9606.ENSP00000341208	0	0	0	0	0	0.292	0	0.739	0.807
TET2	DNMT1	9606.ENSP00000442788	9606.ENSP00000352516	0	0	0	0	0	0	0	0.874	0.874
TET2	HDAC1	9606.ENSP00000442788	9606.ENSP00000362649	0	0	0	0	0	0.095	0	0.875	0.882
TET2	TET1	9606.ENSP00000442788	9606.ENSP00000362748	0	0	0	0.684	0	0	0.500	0.732	0.860
TET2	ASXL1	9606.ENSP00000442788	9606.ENSP00000364839	0	0	0	0	0.049	0	0	0.975	0.975
TET2	WT1	9606.ENSP00000442788	9606.ENSP00000368370	0	0	0	0	0	0.301	0	0.819	0.868
TET2	SRSF2	9606.ENSP00000442788	9606.ENSP00000376276	0	0	0	0	0	0	0	0.841	0.841
TET2	TET3	9606.ENSP00000442788	9606.ENSP00000386869	0	0	0	0.764	0.075	0.130	0.500	0.922	0.964
TET3	DNMT3A	9606.ENSP00000386869	9606.ENSP00000264709	0	0	0	0	0.049	0	0	0.801	0.802
TET3	DNMT1	9606.ENSP00000386869	9606.ENSP00000352516	0	0	0	0	0	0	0	0.881	0.881
TET3	TET2	9606.ENSP00000386869	9606.ENSP00000442788	0	0	0	0.764	0.075	0.130	0.500	0.922	0.964
TFE3	ASPSCR1	9606.ENSP00000314129	9606.ENSP00000306625	0	0	0	0	0.042	0	0	0.985	0.985
TFE3	SFPQ	9606.ENSP00000314129	9606.ENSP00000349748	0	0	0	0	0.047	0	0	0.873	0.873
TFE3	MITF	9606.ENSP00000314129	9606.ENSP00000391803	0	0	0.056	0.918	0	0.832	0.800	0.905	0.996
TGFBR2	SMAD3	9606.ENSP00000351905	9606.ENSP00000332973	0	0	0	0	0.166	0.091	0.900	0.985	0.998
TGFBR2	SMAD4	9606.ENSP00000351905	9606.ENSP00000341551	0	0	0	0	0.049	0.091	0.900	0.960	0.996
TGFBR2	CTNNB1	9606.ENSP00000351905	9606.ENSP00000495360	0	0	0	0	0.092	0.334	0	0.698	0.802
TGFBR2	ACVR1	9606.ENSP00000351905	9606.ENSP00000405004	0	0	0.083	0.749	0.161	0.259	0	0.706	0.810
TGFBR2	ALK	9606.ENSP00000351905	9606.ENSP00000373700	0	0	0	0	0	0	0	0.947	0.947
TGFBR2	RHOA	9606.ENSP00000351905	9606.ENSP00000400175	0	0	0	0	0.106	0.110	0.900	0.474	0.952
TIPARP	PARP1	9606.ENSP00000420612	9606.ENSP00000355759	0	0	0	0	0	0	0	0.862	0.862
TLE3	FOXA1	9606.ENSP00000452871	9606.ENSP00000250448	0	0	0	0	0	0.292	0.800	0.850	0.976
TLE3	EP300	9606.ENSP00000452871	9606.ENSP00000263253	0	0	0	0	0.131	0.062	0.800	0.220	0.855
TLE3	DNMT3A	9606.ENSP00000452871	9606.ENSP00000264709	0	0	0	0	0.054	0	0	0.913	0.914
TLE3	BCL9L	9606.ENSP00000452871	9606.ENSP00000335320	0	0	0	0	0.047	0	0.900	0.110	0.907
TLE3	HDAC1	9606.ENSP00000452871	9606.ENSP00000362649	0	0	0	0	0.067	0.495	0.500	0.934	0.982
TLE3	GATA3	9606.ENSP00000452871	9606.ENSP00000368632	0	0	0	0	0.047	0.041	0.800	0.167	0.827
TLE3	CTNNB1	9606.ENSP00000452871	9606.ENSP00000495360	0	0	0	0	0.045	0.313	0.900	0.360	0.952
TLX3	NUP214	9606.ENSP00000296921	9606.ENSP00000352400	0	0	0	0	0	0	0	0.848	0.848
TLX3	PHF6	9606.ENSP00000296921	9606.ENSP00000329097	0	0	0	0	0	0.045	0	0.896	0.896
TNFRSF14	TRAF2	9606.ENSP00000347948	9606.ENSP00000247668	0	0	0	0	0	0.760	0.900	0.165	0.978
TNFSF13	NUP214	9606.ENSP00000343505	9606.ENSP00000352400	0	0	0	0	0	0	0.800	0	0.800
TONSL	H3-3B	9606.ENSP00000386239	9606.ENSP00000254810	0	0	0	0	0.067	0.915	0	0.137	0.926
TOP2A	BRD4	9606.ENSP00000411532	9606.ENSP00000263377	0	0	0	0	0.049	0.743	0	0.513	0.870
TOP2A	TP53	9606.ENSP00000411532	9606.ENSP00000269305	0	0	0	0	0.111	0.592	0	0.604	0.843
TOP2A	NUF2	9606.ENSP00000411532	9606.ENSP00000271452	0	0	0	0	0.819	0	0	0.661	0.936
TOP2A	RANBP2	9606.ENSP00000411532	9606.ENSP00000283195	0.042	0	0	0	0.114	0.455	0.400	0.472	0.827
TOP2A	BUB1B	9606.ENSP00000411532	9606.ENSP00000287598	0	0	0	0	0.925	0	0	0.747	0.980
TOP2A	MKI67	9606.ENSP00000411532	9606.ENSP00000357643	0	0	0	0	0.957	0	0	0.845	0.993
TOP2A	HDAC1	9606.ENSP00000411532	9606.ENSP00000362649	0	0	0	0	0.107	0.511	0	0.598	0.809
TOP2A	BRCA1	9606.ENSP00000411532	9606.ENSP00000418960	0	0	0	0	0.381	0.401	0	0.593	0.836
TP53	NFKBIA	9606.ENSP00000269305	9606.ENSP00000216797	0	0	0	0	0.051	0.623	0	0.781	0.915
TP53	AGO2	9606.ENSP00000269305	9606.ENSP00000220592	0	0	0	0	0	0.167	0.500	0.719	0.872
TP53	DDX5	9606.ENSP00000269305	9606.ENSP00000225792	0	0	0	0	0	0.780	0	0.987	0.997
TP53	MLH1	9606.ENSP00000269305	9606.ENSP00000231790	0	0	0	0	0	0	0.750	0.867	0.965
TP53	MSH2	9606.ENSP00000269305	9606.ENSP00000233146	0	0	0	0	0.061	0.599	0.500	0.882	0.974
TP53	MSH6	9606.ENSP00000269305	9606.ENSP00000234420	0	0	0	0	0.049	0.292	0	0.762	0.826
TP53	H3-3B	9606.ENSP00000269305	9606.ENSP00000254810	0	0	0	0	0.047	0	0	0.864	0.865
TP53	CDK4	9606.ENSP00000269305	9606.ENSP00000257904	0	0	0	0	0.117	0.554	0	0.922	0.966
TP53	CDH1	9606.ENSP00000269305	9606.ENSP00000261769	0	0	0	0	0.049	0	0	0.852	0.853
TP53	KMT2C	9606.ENSP00000269305	9606.ENSP00000262189	0	0	0	0	0	0.292	0	0.808	0.858
TP53	AXIN1	9606.ENSP00000269305	9606.ENSP00000262320	0	0	0	0	0.049	0.639	0	0.746	0.905
TP53	CREBBP	9606.ENSP00000269305	9606.ENSP00000262367	0	0	0	0	0	0.998	0.900	0.996	0.999
TP53	SETD1A	9606.ENSP00000269305	9606.ENSP00000262519	0	0	0	0	0.075	0.400	0	0.712	0.826
TP53	CCNE1	9606.ENSP00000269305	9606.ENSP00000262643	0	0	0	0	0	0	0.400	0.882	0.926
TP53	CDKN2C	9606.ENSP00000269305	9606.ENSP00000262662	0	0	0	0	0	0.046	0.900	0.586	0.957
TP53	ELL	9606.ENSP00000269305	9606.ENSP00000262809	0	0	0	0	0	0.397	0	0.717	0.822
TP53	EP300	9606.ENSP00000269305	9606.ENSP00000263253	0	0	0	0	0.049	0.999	0.900	0.998	0.999
TP53	BRD4	9606.ENSP00000269305	9606.ENSP00000263377	0	0	0	0	0.049	0.735	0	0.966	0.990
TP53	PIK3CA	9606.ENSP00000269305	9606.ENSP00000263967	0	0	0	0	0	0.292	0	0.920	0.941
TP53	DNMT3A	9606.ENSP00000269305	9606.ENSP00000264709	0	0	0	0	0.049	0	0	0.833	0.835
TP53	KAT6A	9606.ENSP00000269305	9606.ENSP00000265713	0	0	0	0	0	0.510	0.500	0.479	0.861
TP53	CDK6	9606.ENSP00000269305	9606.ENSP00000265734	0	0	0	0	0.063	0.179	0	0.771	0.808
TP53	RB1	9606.ENSP00000269305	9606.ENSP00000267163	0	0	0	0	0.064	0.510	0	0.872	0.936
TP53	PML	9606.ENSP00000269305	9606.ENSP00000268058	0	0	0	0	0.085	0.874	0.500	0.509	0.967
TP53	NCOR1	9606.ENSP00000269305	9606.ENSP00000268712	0	0	0	0	0.054	0.495	0	0.717	0.853
TP53	PHF1	9606.ENSP00000269305	9606.ENSP00000363640	0	0	0	0	0	0.615	0	0.507	0.802
TP53	STAT6	9606.ENSP00000269305	9606.ENSP00000300134	0	0	0	0	0.061	0.230	0.500	0.519	0.803
TP53	MET	9606.ENSP00000269305	9606.ENSP00000317272	0	0	0	0	0	0.189	0	0.769	0.804
TP53	ERCC2	9606.ENSP00000269305	9606.ENSP00000375809	0	0	0	0	0.060	0.510	0	0.610	0.804
TP53	RUNX2	9606.ENSP00000269305	9606.ENSP00000360493	0	0	0	0	0.042	0.292	0	0.740	0.808
TP53	KEAP1	9606.ENSP00000269305	9606.ENSP00000377245	0	0	0	0	0.093	0	0	0.799	0.810
TP53	KMT2D	9606.ENSP00000269305	9606.ENSP00000301067	0	0	0	0	0.044	0.165	0	0.782	0.810
TP53	RANBP2	9606.ENSP00000269305	9606.ENSP00000283195	0	0	0	0	0.064	0.610	0	0.526	0.812
TP53	KIT	9606.ENSP00000269305	9606.ENSP00000288135	0	0	0	0	0.046	0.239	0	0.767	0.816
TP53	UBE2A	9606.ENSP00000269305	9606.ENSP00000360613	0	0	0	0	0	0.781	0	0.229	0.824
TP53	CTCF	9606.ENSP00000269305	9606.ENSP00000494538	0	0	0	0	0.070	0.046	0	0.824	0.830
TP53	REL	9606.ENSP00000269305	9606.ENSP00000295025	0	0	0	0	0.049	0.169	0	0.803	0.831
TP53	XIAP	9606.ENSP00000269305	9606.ENSP00000360242	0	0	0	0	0.055	0	0	0.834	0.836
TP53	TOP2A	9606.ENSP00000269305	9606.ENSP00000411532	0	0	0	0	0.111	0.592	0	0.604	0.843
TP53	SETD2	9606.ENSP00000269305	9606.ENSP00000386759	0	0	0	0	0.055	0.357	0	0.765	0.845
TP53	PGR	9606.ENSP00000269305	9606.ENSP00000325120	0	0	0	0	0	0	0	0.849	0.849
TP53	MYCN	9606.ENSP00000269305	9606.ENSP00000281043	0	0	0	0	0.090	0	0	0.844	0.852
TP53	PIK3R1	9606.ENSP00000269305	9606.ENSP00000428056	0	0	0	0	0	0	0	0.853	0.853
TP53	H3C1	9606.ENSP00000269305	9606.ENSP00000480826	0	0	0	0	0.047	0.800	0	0.319	0.858
TP53	NDRG1	9606.ENSP00000269305	9606.ENSP00000404854	0	0	0	0	0	0	0.750	0.459	0.859
TP53	H3C8	9606.ENSP00000269305	9606.ENSP00000484638	0	0	0	0	0.047	0.800	0	0.322	0.859
TP53	H3C13	9606.ENSP00000269305	9606.ENSP00000333277	0	0	0	0	0.047	0	0	0.863	0.863
TP53	TRIM24	9606.ENSP00000269305	9606.ENSP00000340507	0	0	0	0	0.054	0.633	0	0.644	0.865
TP53	MAP3K1	9606.ENSP00000269305	9606.ENSP00000382423	0	0	0	0	0.085	0.510	0	0.727	0.866
TP53	PRDM1	9606.ENSP00000269305	9606.ENSP00000358092	0	0	0	0	0	0	0.750	0.502	0.870
TP53	MTOR	9606.ENSP00000269305	9606.ENSP00000354558	0	0	0	0	0	0.466	0	0.773	0.874
TP53	SMAD4	9606.ENSP00000269305	9606.ENSP00000341551	0	0	0	0	0.059	0	0	0.873	0.875
TP53	FAS	9606.ENSP00000269305	9606.ENSP00000498466	0	0	0	0	0	0.080	0.500	0.756	0.877
TP53	ACTB	9606.ENSP00000269305	9606.ENSP00000494750	0	0	0	0	0.077	0.223	0	0.845	0.879
TP53	NF1	9606.ENSP00000269305	9606.ENSP00000351015	0	0	0	0	0	0	0	0.880	0.880
TP53	CUL4A	9606.ENSP00000269305	9606.ENSP00000364589	0	0	0	0	0	0.510	0	0.771	0.882
TP53	SOX2	9606.ENSP00000269305	9606.ENSP00000323588	0	0	0	0	0	0	0	0.883	0.883
TP53	FOXO1	9606.ENSP00000269305	9606.ENSP00000368880	0	0	0	0	0	0	0	0.886	0.886
TP53	BRAF	9606.ENSP00000269305	9606.ENSP00000419060	0	0	0	0	0.076	0	0	0.883	0.887
TP53	TERT	9606.ENSP00000269305	9606.ENSP00000309572	0	0	0	0	0.060	0.161	0	0.886	0.902
TP53	EP400	9606.ENSP00000269305	9606.ENSP00000374212	0	0	0	0	0.048	0.301	0.700	0.571	0.902
TP53	MRE11	9606.ENSP00000269305	9606.ENSP00000325863	0	0	0	0	0	0.621	0.500	0.541	0.905
TP53	AR	9606.ENSP00000269305	9606.ENSP00000363822	0	0	0	0	0	0.439	0	0.838	0.905
TP53	ERCC3	9606.ENSP00000269305	9606.ENSP00000285398	0	0	0	0	0	0.681	0	0.725	0.908
TP53	ABL1	9606.ENSP00000269305	9606.ENSP00000361423	0	0	0	0	0.056	0.292	0	0.875	0.909
TP53	ING1	9606.ENSP00000269305	9606.ENSP00000364929	0	0	0	0	0	0.625	0	0.781	0.914
TP53	KMT5A	9606.ENSP00000269305	9606.ENSP00000384629	0	0	0	0	0.089	0.357	0.750	0.493	0.916
TP53	CTNNB1	9606.ENSP00000269305	9606.ENSP00000495360	0	0	0	0	0.049	0	0	0.927	0.927
TP53	CEBPA	9606.ENSP00000269305	9606.ENSP00000427514	0	0	0	0	0	0	0	0.930	0.930
TP53	BLM	9606.ENSP00000269305	9606.ENSP00000347232	0	0	0	0	0.059	0.844	0.400	0.324	0.932
TP53	GTSE1	9606.ENSP00000269305	9606.ENSP00000415430	0	0	0	0	0.080	0	0.700	0.779	0.933
TP53	ERBB2	9606.ENSP00000269305	9606.ENSP00000269571	0	0	0	0	0.060	0.172	0	0.924	0.935
TP53	EGFR	9606.ENSP00000269305	9606.ENSP00000275493	0	0	0	0	0	0.329	0	0.919	0.943
TP53	RPL5	9606.ENSP00000269305	9606.ENSP00000359345	0	0	0	0	0	0.783	0	0.758	0.945
TP53	NQO1	9606.ENSP00000269305	9606.ENSP00000319788	0	0	0	0	0	0.735	0	0.806	0.946
TP53	ARID1A	9606.ENSP00000269305	9606.ENSP00000320485	0	0	0	0	0.067	0.292	0	0.945	0.961
TP53	SMAD3	9606.ENSP00000269305	9606.ENSP00000332973	0	0	0	0	0.093	0.469	0	0.929	0.963
TP53	WRN	9606.ENSP00000269305	9606.ENSP00000298139	0	0	0	0	0	0.620	0.400	0.851	0.963
TP53	MUC1	9606.ENSP00000269305	9606.ENSP00000484824	0	0	0	0	0	0.294	0	0.954	0.966
TP53	STK11	9606.ENSP00000269305	9606.ENSP00000324856	0	0	0	0	0.070	0.621	0.500	0.852	0.970
TP53	PARP1	9606.ENSP00000269305	9606.ENSP00000355759	0	0	0	0	0.067	0.794	0	0.870	0.972
TP53	TRRAP	9606.ENSP00000269305	9606.ENSP00000352925	0	0	0	0	0.060	0.510	0	0.948	0.973
TP53	SMARCB1	9606.ENSP00000269305	9606.ENSP00000340883	0	0	0	0	0.080	0.292	0	0.967	0.976
TP53	ATRX	9606.ENSP00000269305	9606.ENSP00000362441	0	0	0	0	0	0.510	0	0.962	0.981
TP53	WT1	9606.ENSP00000269305	9606.ENSP00000368370	0	0	0	0	0	0.626	0	0.957	0.983
TP53	ESR1	9606.ENSP00000269305	9606.ENSP00000405330	0	0	0	0	0	0.735	0	0.974	0.992
TP53	SMARCA4	9606.ENSP00000269305	9606.ENSP00000343896	0	0	0	0	0.049	0.822	0	0.964	0.993
TP53	BRCA2	9606.ENSP00000269305	9606.ENSP00000369497	0	0	0	0	0.066	0.828	0	0.974	0.995
TP53	ATR	9606.ENSP00000269305	9606.ENSP00000343741	0	0	0	0	0	0.838	0.900	0.781	0.996
TP53	DROSHA	9606.ENSP00000269305	9606.ENSP00000425979	0	0	0	0	0	0.510	0	0.992	0.996
TP53	DNMT1	9606.ENSP00000269305	9606.ENSP00000352516	0	0	0	0	0.059	0.597	0	0.994	0.997
TP53	NPM1	9606.ENSP00000269305	9606.ENSP00000296930	0	0	0	0	0.124	0.847	0.500	0.967	0.997
TP53	HIF1A	9606.ENSP00000269305	9606.ENSP00000437955	0	0	0	0	0	0.847	0	0.994	0.999
TP53	HDAC1	9606.ENSP00000269305	9606.ENSP00000362649	0	0	0	0	0.109	0.924	0.500	0.994	0.999
TP53	ATM	9606.ENSP00000269305	9606.ENSP00000278616	0	0	0	0	0.103	0.928	0.900	0.975	0.999
TP53	CHEK2	9606.ENSP00000269305	9606.ENSP00000372023	0	0	0	0	0.072	0.833	0.750	0.992	0.999
TP53	BCL2	9606.ENSP00000269305	9606.ENSP00000381185	0	0	0	0	0.103	0.869	0.900	0.999	0.999
TP53	BRCA1	9606.ENSP00000269305	9606.ENSP00000418960	0	0	0	0	0.067	0.895	0.500	0.999	0.999
TP53	CDKN2A	9606.ENSP00000269305	9606.ENSP00000418915	0	0	0	0	0	0.874	0.900	0.970	0.999
TP53	TP53BP1	9606.ENSP00000269305	9606.ENSP00000371475	0	0	0	0	0	0.993	0	0.997	0.999
TP53	PTEN	9606.ENSP00000269305	9606.ENSP00000361021	0	0	0	0	0.067	0.748	0.900	0.968	0.999
TP53	RAD51	9606.ENSP00000269305	9606.ENSP00000493712	0	0	0	0	0.135	0.884	0	0.995	0.999
TP53BP1	ERCC1	9606.ENSP00000371475	9606.ENSP00000013807	0	0	0	0	0.042	0.330	0.360	0.647	0.835
TP53BP1	H3-3B	9606.ENSP00000371475	9606.ENSP00000254810	0	0	0	0	0.058	0.066	0	0.963	0.964
TP53BP1	NBN	9606.ENSP00000371475	9606.ENSP00000265433	0	0	0	0	0.067	0.628	0.500	0.609	0.923
TP53BP1	RB1	9606.ENSP00000371475	9606.ENSP00000267163	0	0	0	0	0.119	0.900	0	0.256	0.928
TP53BP1	TP53	9606.ENSP00000371475	9606.ENSP00000269305	0	0	0	0	0	0.993	0	0.997	0.999
TP53BP1	ATM	9606.ENSP00000371475	9606.ENSP00000278616	0	0	0	0	0.042	0.874	0.500	0.995	0.999
TP53BP1	FANCD2	9606.ENSP00000371475	9606.ENSP00000287647	0	0	0	0	0.049	0	0.360	0.707	0.806
TP53BP1	WRN	9606.ENSP00000371475	9606.ENSP00000298139	0	0	0	0	0.076	0.523	0	0.686	0.849
TP53BP1	ERCC4	9606.ENSP00000371475	9606.ENSP00000310520	0	0	0	0	0.074	0.377	0.360	0.560	0.816
TP53BP1	MRE11	9606.ENSP00000371475	9606.ENSP00000325863	0	0	0	0	0.067	0.585	0.500	0.721	0.938
TP53BP1	H3C13	9606.ENSP00000371475	9606.ENSP00000333277	0	0	0	0	0.055	0.805	0	0.961	0.992
TP53BP1	ATR	9606.ENSP00000371475	9606.ENSP00000343741	0	0	0	0	0.055	0.884	0	0.792	0.975
TP53BP1	BLM	9606.ENSP00000371475	9606.ENSP00000347232	0	0	0	0	0.099	0.918	0	0.725	0.978
TP53BP1	RAD52	9606.ENSP00000371475	9606.ENSP00000351284	0	0	0	0	0	0.770	0	0.865	0.967
TP53BP1	PARP1	9606.ENSP00000371475	9606.ENSP00000355759	0	0	0	0	0.074	0.303	0	0.828	0.879
TP53BP1	RAD50	9606.ENSP00000371475	9606.ENSP00000368100	0	0	0	0	0.100	0.586	0.500	0.329	0.858
TP53BP1	BRCA2	9606.ENSP00000371475	9606.ENSP00000369497	0	0	0	0	0	0.571	0.360	0.740	0.922
TP53BP1	POLD1	9606.ENSP00000371475	9606.ENSP00000472445	0	0	0	0	0.178	0.555	0.360	0.374	0.834
TP53BP1	H3C8	9606.ENSP00000371475	9606.ENSP00000484638	0	0	0	0	0	0.902	0	0.091	0.907
TP53BP1	RECQL4	9606.ENSP00000371475	9606.ENSP00000482313	0	0	0	0	0.063	0.747	0	0.727	0.929
TP53BP1	RAD51	9606.ENSP00000371475	9606.ENSP00000493712	0	0	0	0	0.057	0.398	0	0.903	0.940
TP53BP1	H3C1	9606.ENSP00000371475	9606.ENSP00000480826	0	0	0	0	0	0.947	0	0.091	0.950
TP53BP1	CHEK2	9606.ENSP00000371475	9606.ENSP00000372023	0	0	0	0	0.049	0.883	0.500	0.951	0.996
TP53BP1	BRCA1	9606.ENSP00000371475	9606.ENSP00000418960	0	0	0	0	0.050	0.826	0.500	0.999	0.999
TPR	RANBP2	9606.ENSP00000356448	9606.ENSP00000283195	0	0	0	0	0.114	0.206	0.900	0.886	0.990
TPR	NUP93	9606.ENSP00000356448	9606.ENSP00000310668	0	0	0	0	0.155	0.480	0.800	0.662	0.966
TPR	NUP98	9606.ENSP00000356448	9606.ENSP00000316032	0	0	0	0	0.278	0.644	0.900	0.793	0.994
TPR	NUP214	9606.ENSP00000356448	9606.ENSP00000352400	0	0	0	0	0.163	0.296	0.800	0.688	0.958
TPR	NTRK1	9606.ENSP00000356448	9606.ENSP00000431418	0	0	0	0	0	0.104	0.900	0.379	0.939
TRAF2	PIK3R2	9606.ENSP00000247668	9606.ENSP00000222254	0	0	0	0	0.082	0	0.900	0.057	0.905
TRAF2	EGFR	9606.ENSP00000247668	9606.ENSP00000275493	0	0	0	0	0.044	0.806	0	0.184	0.835
TRAF2	PIK3R3	9606.ENSP00000247668	9606.ENSP00000262741	0	0	0	0	0	0	0.900	0.057	0.901
TRAF2	PIK3CD	9606.ENSP00000247668	9606.ENSP00000366563	0	0	0	0	0.074	0	0.900	0.063	0.905
TRAF2	PIK3CA	9606.ENSP00000247668	9606.ENSP00000263967	0	0	0	0	0.068	0	0.900	0.063	0.905
TRAF2	PIK3CB	9606.ENSP00000247668	9606.ENSP00000501150	0	0	0	0	0.068	0	0.900	0.063	0.905
TRAF2	PIK3R1	9606.ENSP00000247668	9606.ENSP00000428056	0	0	0	0	0.042	0	0.900	0.112	0.907
TRAF2	BTK	9606.ENSP00000247668	9606.ENSP00000483570	0	0	0	0	0.069	0.090	0.900	0.116	0.915
TRAF2	XIAP	9606.ENSP00000247668	9606.ENSP00000360242	0	0	0	0	0.056	0.310	0.900	0.419	0.957
TRAF2	TNFRSF14	9606.ENSP00000247668	9606.ENSP00000347948	0	0	0	0	0	0.760	0.900	0.165	0.978
TRAF2	MAP3K1	9606.ENSP00000247668	9606.ENSP00000382423	0	0	0	0	0.067	0.806	0.900	0.250	0.984
TRAF2	MAP3K7	9606.ENSP00000247668	9606.ENSP00000358335	0	0	0	0	0.106	0.813	0.900	0.398	0.988
TRAF2	MAP3K14	9606.ENSP00000247668	9606.ENSP00000482657	0	0	0	0	0.064	0.858	0.900	0.720	0.995
TRIM24	H3-3B	9606.ENSP00000340507	9606.ENSP00000254810	0	0	0	0	0.063	0.115	0	0.795	0.815
TRIM24	TP53	9606.ENSP00000340507	9606.ENSP00000269305	0	0	0	0	0.054	0.633	0	0.644	0.865
TRIM24	H3C13	9606.ENSP00000340507	9606.ENSP00000333277	0	0	0	0	0.065	0.907	0	0.793	0.980
TRIM24	BRAF	9606.ENSP00000340507	9606.ENSP00000419060	0	0	0	0	0.074	0.053	0.500	0.676	0.839
TRIM24	TRIM33	9606.ENSP00000340507	9606.ENSP00000351250	0	0	0	0.928	0.136	0.863	0	0.617	0.951
TRIM24	H3C8	9606.ENSP00000340507	9606.ENSP00000484638	0	0	0	0	0	0.950	0	0.051	0.951
TRIM24	ESR1	9606.ENSP00000340507	9606.ENSP00000405330	0	0	0	0	0	0.836	0	0.767	0.960
TRIM24	H3C1	9606.ENSP00000340507	9606.ENSP00000480826	0	0	0	0	0	0.978	0	0.051	0.979
TRIM27	PTEN	9606.ENSP00000366404	9606.ENSP00000361021	0	0	0	0	0.042	0.292	0.900	0.530	0.963
TRIM27	HDAC1	9606.ENSP00000366404	9606.ENSP00000362649	0	0	0	0	0.083	0.477	0	0.623	0.803
TRIM27	CHD4	9606.ENSP00000366404	9606.ENSP00000440542	0	0	0	0	0.069	0.304	0	0.863	0.903
TRIM33	H3-3B	9606.ENSP00000351250	9606.ENSP00000254810	0	0	0	0	0.054	0.907	0	0.720	0.973
TRIM33	BUB1B	9606.ENSP00000351250	9606.ENSP00000287598	0	0	0	0	0.062	0.994	0	0.064	0.994
TRIM33	SMAD3	9606.ENSP00000351250	9606.ENSP00000332973	0	0	0	0	0.059	0.838	0.700	0.953	0.997
TRIM33	H3C13	9606.ENSP00000351250	9606.ENSP00000333277	0	0	0	0	0.054	0.907	0	0.716	0.973
TRIM33	TRIM24	9606.ENSP00000351250	9606.ENSP00000340507	0	0	0	0.928	0.136	0.863	0	0.617	0.951
TRIM33	SMAD4	9606.ENSP00000351250	9606.ENSP00000341551	0	0	0	0	0.116	0.841	0.500	0.824	0.986
TRIM33	H3C8	9606.ENSP00000351250	9606.ENSP00000484638	0	0	0	0	0	0.907	0	0.051	0.908
TRIM33	H3C1	9606.ENSP00000351250	9606.ENSP00000480826	0	0	0	0	0	0.907	0	0.051	0.908
TRIM33	FZR1	9606.ENSP00000351250	9606.ENSP00000378529	0	0	0	0	0.067	0.994	0	0	0.994
TRIP11	MYO18A	9606.ENSP00000267622	9606.ENSP00000437073	0	0	0	0	0.055	0.113	0.500	0.701	0.858
TRIP11	ARNT	9606.ENSP00000267622	9606.ENSP00000351407	0	0	0	0	0.055	0.731	0	0.553	0.877
TRRAP	NCOR1	9606.ENSP00000352925	9606.ENSP00000268712	0	0	0	0	0.128	0.764	0	0.273	0.837
TRRAP	TP53	9606.ENSP00000352925	9606.ENSP00000269305	0	0	0	0	0.060	0.510	0	0.948	0.973
TRRAP	JAZF1	9606.ENSP00000352925	9606.ENSP00000283928	0	0	0	0	0.111	0.804	0	0.161	0.841
TRRAP	ATXN7	9606.ENSP00000352925	9606.ENSP00000295900	0	0	0	0	0.042	0.990	0.800	0.661	0.999
TRRAP	MAX	9606.ENSP00000352925	9606.ENSP00000351490	0	0	0	0	0.054	0.784	0	0.417	0.871
TRRAP	MLLT3	9606.ENSP00000352925	9606.ENSP00000369695	0	0	0	0	0	0.485	0.540	0.293	0.818
TRRAP	NCOR2	9606.ENSP00000352925	9606.ENSP00000384018	0	0	0	0	0.182	0.764	0	0.186	0.829
TRRAP	SMG1	9606.ENSP00000352925	9606.ENSP00000402515	0	0	0	0.546	0.156	0.071	0	0.814	0.841
TRRAP	ACTB	9606.ENSP00000352925	9606.ENSP00000494750	0	0	0	0	0.044	0.299	0.900	0.482	0.960
TRRAP	CTNNB1	9606.ENSP00000352925	9606.ENSP00000495360	0	0	0	0	0.062	0.633	0.500	0.815	0.964
TRRAP	EP400	9606.ENSP00000352925	9606.ENSP00000374212	0	0	0	0	0.374	0.828	0.900	0.994	0.999
TSC1	TSC2	9606.ENSP00000298552	9606.ENSP00000219476	0	0	0	0	0.154	0.997	0.900	0.999	0.999
TSC1	RPS6KB1	9606.ENSP00000298552	9606.ENSP00000225577	0	0	0	0	0.075	0.125	0	0.893	0.906
TSC1	RHEB	9606.ENSP00000298552	9606.ENSP00000262187	0.042	0	0	0	0.056	0.805	0.900	0.976	0.999
TSC1	RASA1	9606.ENSP00000298552	9606.ENSP00000274376	0	0	0	0	0.082	0.230	0	0.913	0.933
TSC1	PTEN	9606.ENSP00000298552	9606.ENSP00000361021	0	0	0	0	0	0.113	0	0.785	0.801
TSC1	CCT6B	9606.ENSP00000298552	9606.ENSP00000327191	0	0	0	0	0.339	0.127	0.900	0.116	0.942
TSC1	USP6	9606.ENSP00000298552	9606.ENSP00000460380	0	0	0	0	0.081	0.061	0	0.966	0.968
TSC1	MTOR	9606.ENSP00000298552	9606.ENSP00000354558	0	0	0	0	0.272	0.274	0.500	0.914	0.974
TSC2	AXIN1	9606.ENSP00000219476	9606.ENSP00000262320	0	0	0	0	0.090	0.292	0	0.724	0.806
TSC2	ESR1	9606.ENSP00000219476	9606.ENSP00000405330	0	0	0	0	0	0.518	0	0.638	0.818
TSC2	BRAF	9606.ENSP00000219476	9606.ENSP00000419060	0	0	0	0	0	0.046	0	0.831	0.832
TSC2	FOXO1	9606.ENSP00000219476	9606.ENSP00000368880	0	0	0	0	0	0.297	0	0.781	0.840
TSC2	STK11	9606.ENSP00000219476	9606.ENSP00000324856	0	0	0	0	0.109	0.045	0	0.845	0.857
TSC2	EIF4E	9606.ENSP00000219476	9606.ENSP00000425561	0	0	0	0	0.063	0	0	0.858	0.862
TSC2	PTEN	9606.ENSP00000219476	9606.ENSP00000361021	0	0	0	0	0	0	0	0.889	0.889
TSC2	RASA1	9606.ENSP00000219476	9606.ENSP00000274376	0	0	0	0	0.049	0	0	0.928	0.928
TSC2	RPS6KB1	9606.ENSP00000219476	9606.ENSP00000225577	0	0	0	0	0.055	0.189	0	0.943	0.952
TSC2	USP6	9606.ENSP00000219476	9606.ENSP00000460380	0	0	0	0	0.061	0	0	0.984	0.984
TSC2	MTOR	9606.ENSP00000219476	9606.ENSP00000354558	0	0	0	0	0.149	0.458	0.500	0.961	0.990
TSC2	TSC1	9606.ENSP00000219476	9606.ENSP00000298552	0	0	0	0	0.154	0.997	0.900	0.999	0.999
TSC2	RHEB	9606.ENSP00000219476	9606.ENSP00000262187	0	0	0	0	0.047	0.934	0.900	0.996	0.999
TUSC3	CRBN	9606.ENSP00000424544	9606.ENSP00000231948	0	0	0	0	0	0.900	0	0.223	0.918
UBA1	UBE2A	9606.ENSP00000338413	9606.ENSP00000360613	0.043	0	0	0	0.085	0.877	0.500	0.884	0.992
UBE2A	TP53	9606.ENSP00000360613	9606.ENSP00000269305	0	0	0	0	0	0.781	0	0.229	0.824
UBE2A	UBA1	9606.ENSP00000360613	9606.ENSP00000338413	0.043	0	0	0	0.085	0.877	0.500	0.884	0.992
USP6	TSC2	9606.ENSP00000460380	9606.ENSP00000219476	0	0	0	0	0.061	0	0	0.984	0.984
USP6	TSC1	9606.ENSP00000460380	9606.ENSP00000298552	0	0	0	0	0.081	0.061	0	0.966	0.968
VHL	EP300	9606.ENSP00000256474	9606.ENSP00000263253	0	0	0	0	0.121	0.735	0	0.532	0.881
VHL	SMARCA2	9606.ENSP00000256474	9606.ENSP00000371638	0	0	0	0	0.105	0.900	0	0.085	0.910
VHL	SMARCA4	9606.ENSP00000256474	9606.ENSP00000343896	0	0	0	0	0.135	0.900	0	0.117	0.917
VHL	ARNT	9606.ENSP00000256474	9606.ENSP00000351407	0	0	0	0	0.109	0.225	0	0.901	0.925
VHL	BRD4	9606.ENSP00000256474	9606.ENSP00000263377	0	0	0	0	0.049	0.926	0	0.203	0.939
VHL	ELOC	9606.ENSP00000256474	9606.ENSP00000478121	0	0	0	0	0.142	0.999	0.800	0.998	0.999
VHL	HIF1A	9606.ENSP00000256474	9606.ENSP00000437955	0	0	0	0	0.042	0.999	0.900	0.998	0.999
WAS	RAC1	9606.ENSP00000365891	9606.ENSP00000348461	0	0	0	0	0.138	0.449	0.500	0.621	0.898
WAS	RHOA	9606.ENSP00000365891	9606.ENSP00000400175	0	0	0	0	0.080	0.123	0	0.808	0.831
WAS	ITK	9606.ENSP00000365891	9606.ENSP00000398655	0	0	0	0	0.121	0.534	0	0.631	0.835
WAS	ACTB	9606.ENSP00000365891	9606.ENSP00000494750	0	0	0	0	0.087	0.284	0.900	0.387	0.954
WAS	FNBP1	9606.ENSP00000365891	9606.ENSP00000413625	0	0	0	0	0.098	0.754	0.400	0.822	0.973
WAS	BTK	9606.ENSP00000365891	9606.ENSP00000483570	0	0	0	0	0.392	0.534	0.400	0.879	0.976
WAS	CDC42	9606.ENSP00000365891	9606.ENSP00000497733	0	0	0	0	0.077	0.992	0.900	0.999	0.999
WRN	ERCC1	9606.ENSP00000298139	9606.ENSP00000013807	0	0	0	0	0	0	0.400	0.768	0.855
WRN	MLH1	9606.ENSP00000298139	9606.ENSP00000231790	0.045	0	0	0	0.145	0.216	0	0.772	0.835
WRN	MSH2	9606.ENSP00000298139	9606.ENSP00000233146	0.047	0	0	0	0.145	0.177	0	0.775	0.829
WRN	MSH6	9606.ENSP00000298139	9606.ENSP00000234420	0.047	0	0	0	0.218	0.315	0	0.785	0.875
WRN	BRIP1	9606.ENSP00000298139	9606.ENSP00000259008	0.047	0	0	0	0.108	0	0.500	0.825	0.915
WRN	NBN	9606.ENSP00000298139	9606.ENSP00000265433	0	0	0	0	0.063	0.516	0.500	0.716	0.927
WRN	FANCM	9606.ENSP00000298139	9606.ENSP00000267430	0	0	0	0	0.179	0.967	0	0.818	0.994
WRN	TP53	9606.ENSP00000298139	9606.ENSP00000269305	0	0	0	0	0	0.620	0.400	0.851	0.963
WRN	ATM	9606.ENSP00000298139	9606.ENSP00000278616	0	0	0	0	0.144	0.271	0.500	0.873	0.955
WRN	FANCD2	9606.ENSP00000298139	9606.ENSP00000287647	0	0	0	0	0.130	0.091	0	0.850	0.871
WRN	SLX4	9606.ENSP00000298139	9606.ENSP00000294008	0	0	0	0	0.074	0.071	0.500	0.643	0.826
WRN	BLM	9606.ENSP00000298139	9606.ENSP00000347232	0	0	0.160	0.584	0.126	0.292	0.500	0.358	0.802
WRN	FANCI	9606.ENSP00000298139	9606.ENSP00000310842	0	0	0	0	0.115	0	0	0.789	0.805
WRN	CHEK2	9606.ENSP00000298139	9606.ENSP00000372023	0	0	0	0	0.102	0.451	0	0.671	0.824
WRN	FANCA	9606.ENSP00000298139	9606.ENSP00000373952	0	0	0	0	0.062	0	0	0.827	0.831
WRN	ATRX	9606.ENSP00000298139	9606.ENSP00000362441	0.048	0	0	0	0.057	0.399	0	0.752	0.848
WRN	TP53BP1	9606.ENSP00000298139	9606.ENSP00000371475	0	0	0	0	0.076	0.523	0	0.686	0.849
WRN	RTEL1	9606.ENSP00000298139	9606.ENSP00000353332	0.047	0	0	0	0.088	0	0.400	0.755	0.855
WRN	ERCC4	9606.ENSP00000298139	9606.ENSP00000310520	0	0	0	0	0.068	0.426	0.400	0.624	0.863
WRN	RAD51C	9606.ENSP00000298139	9606.ENSP00000336701	0.042	0	0	0	0.089	0.347	0.500	0.597	0.864
WRN	BRCA2	9606.ENSP00000298139	9606.ENSP00000369497	0	0	0	0	0.142	0	0.500	0.761	0.888
WRN	POLD1	9606.ENSP00000298139	9606.ENSP00000472445	0	0	0	0	0.206	0.114	0.400	0.793	0.901
WRN	PARP1	9606.ENSP00000298139	9606.ENSP00000355759	0	0	0	0	0.049	0.521	0	0.828	0.915
WRN	MRE11	9606.ENSP00000298139	9606.ENSP00000325863	0.054	0	0	0	0.168	0.508	0.500	0.763	0.945
WRN	ATR	9606.ENSP00000298139	9606.ENSP00000343741	0	0	0	0	0.227	0.796	0.500	0.623	0.966
WRN	BRCA1	9606.ENSP00000298139	9606.ENSP00000418960	0	0	0	0	0.079	0.702	0.500	0.891	0.983
WRN	RAD51	9606.ENSP00000298139	9606.ENSP00000493712	0.042	0	0	0	0.090	0.657	0.500	0.965	0.993
WRN	RAD52	9606.ENSP00000298139	9606.ENSP00000351284	0	0	0	0	0.063	0.766	0.500	0.969	0.996
WT1	TP53	9606.ENSP00000368370	9606.ENSP00000269305	0	0	0	0	0	0.626	0	0.957	0.983
WT1	AMER1	9606.ENSP00000368370	9606.ENSP00000364003	0	0	0	0	0.042	0	0	0.849	0.849
WT1	TET2	9606.ENSP00000368370	9606.ENSP00000442788	0	0	0	0	0	0.301	0	0.819	0.868
WWTR1	CAMTA1	9606.ENSP00000419465	9606.ENSP00000306522	0	0	0	0	0	0	0	0.864	0.864
WWTR1	PPP2R2A	9606.ENSP00000419465	9606.ENSP00000325074	0	0	0	0	0.057	0	0.900	0.068	0.904
WWTR1	SMAD3	9606.ENSP00000419465	9606.ENSP00000332973	0	0	0	0	0	0.250	0.800	0.274	0.881
WWTR1	SMAD4	9606.ENSP00000419465	9606.ENSP00000341551	0	0	0	0	0	0.250	0.800	0.235	0.875
WWTR1	RUNX2	9606.ENSP00000419465	9606.ENSP00000360493	0	0	0	0	0.042	0.067	0.700	0.784	0.934
WWTR1	LATS2	9606.ENSP00000419465	9606.ENSP00000372035	0	0	0	0	0.065	0.653	0.900	0.710	0.989
WWTR1	CTNNB1	9606.ENSP00000419465	9606.ENSP00000495360	0	0	0	0	0.063	0.512	0	0.633	0.817
WWTR1	LATS1	9606.ENSP00000419465	9606.ENSP00000437550	0	0	0	0	0.043	0.911	0.900	0.758	0.997
XBP1	SEC31A	9606.ENSP00000216037	9606.ENSP00000378721	0	0	0	0	0.065	0	0.750	0.220	0.801
XBP1	PIK3R1	9606.ENSP00000216037	9606.ENSP00000428056	0	0	0	0	0	0	0	0.802	0.802
XBP1	LMNA	9606.ENSP00000216037	9606.ENSP00000357283	0	0	0	0	0.074	0	0.750	0.251	0.811
XBP1	IRF4	9606.ENSP00000216037	9606.ENSP00000370343	0	0	0	0	0.099	0	0	0.802	0.814
XBP1	RPL22	9606.ENSP00000216037	9606.ENSP00000346088	0	0	0	0	0.095	0.800	0	0.087	0.820
XBP1	RPL5	9606.ENSP00000216037	9606.ENSP00000359345	0	0	0	0	0.048	0.800	0	0.135	0.821
XBP1	HERPUD1	9606.ENSP00000216037	9606.ENSP00000409555	0	0	0	0	0.274	0	0	0.766	0.823
XBP1	CALR	9606.ENSP00000216037	9606.ENSP00000320866	0	0	0	0	0.139	0	0	0.827	0.844
XBP1	PRDM1	9606.ENSP00000216037	9606.ENSP00000358092	0	0	0	0	0.100	0	0	0.858	0.866
XBP1	FOXO1	9606.ENSP00000216037	9606.ENSP00000368880	0	0	0	0	0.042	0	0	0.890	0.890
XBP1	PIK3R2	9606.ENSP00000216037	9606.ENSP00000222254	0	0	0	0	0	0	0	0.936	0.936
XBP1	HIF1A	9606.ENSP00000216037	9606.ENSP00000437955	0	0	0	0	0.049	0.292	0	0.984	0.988
XIAP	TRAF2	9606.ENSP00000360242	9606.ENSP00000247668	0	0	0	0	0.056	0.310	0.900	0.419	0.957
XIAP	TP53	9606.ENSP00000360242	9606.ENSP00000269305	0	0	0	0	0.055	0	0	0.834	0.836
XIAP	MAP3K7	9606.ENSP00000360242	9606.ENSP00000358335	0	0	0	0	0.058	0.663	0.500	0.731	0.951
XIAP	RAF1	9606.ENSP00000360242	9606.ENSP00000401888	0	0	0	0	0.071	0.786	0	0.331	0.856
XIAP	BIRC6	9606.ENSP00000360242	9606.ENSP00000393596	0	0	0	0.573	0.180	0.091	0	0.832	0.864
XIAP	MAGED1	9606.ENSP00000360242	9606.ENSP00000364847	0	0	0	0	0.068	0.519	0	0.834	0.919
XIAP	PTEN	9606.ENSP00000360242	9606.ENSP00000361021	0	0	0	0	0.103	0.534	0.400	0.723	0.921
XIAP	BCL2	9606.ENSP00000360242	9606.ENSP00000381185	0	0	0	0	0.048	0.299	0	0.933	0.951
XPC	ERCC1	9606.ENSP00000285021	9606.ENSP00000013807	0	0	0	0	0.049	0	0.900	0.944	0.994
XPC	MSH2	9606.ENSP00000285021	9606.ENSP00000233146	0	0	0	0	0.083	0.079	0.900	0.422	0.944
XPC	MSH6	9606.ENSP00000285021	9606.ENSP00000234420	0	0	0	0	0.075	0.068	0.900	0.323	0.933
XPC	PARP2	9606.ENSP00000285021	9606.ENSP00000250416	0	0	0	0	0.049	0.695	0.500	0.159	0.861
XPC	MSH3	9606.ENSP00000285021	9606.ENSP00000265081	0	0	0	0	0.122	0.068	0.720	0.330	0.826
XPC	ATM	9606.ENSP00000285021	9606.ENSP00000278616	0	0	0	0	0.067	0.469	0.900	0.341	0.962
XPC	POLD1	9606.ENSP00000285021	9606.ENSP00000472445	0	0	0	0	0.067	0.068	0.900	0.188	0.919
XPC	ERCC2	9606.ENSP00000285021	9606.ENSP00000375809	0	0	0	0	0.075	0.507	0.500	0.715	0.926
XPC	PARP1	9606.ENSP00000285021	9606.ENSP00000355759	0	0	0	0	0.049	0.830	0.500	0.221	0.928
XPC	SMARCB1	9606.ENSP00000285021	9606.ENSP00000340883	0	0	0	0	0.057	0.330	0	0.956	0.970
XPC	ERCC5	9606.ENSP00000285021	9606.ENSP00000498881	0	0	0	0	0.459	0	0.900	0.516	0.971
XPC	ERCC3	9606.ENSP00000285021	9606.ENSP00000285398	0	0	0	0	0.218	0.747	0.540	0.736	0.972
XPC	ERCC4	9606.ENSP00000285021	9606.ENSP00000310520	0	0	0	0	0.065	0.228	0.900	0.798	0.983
ZBTB16	EP300	9606.ENSP00000338157	9606.ENSP00000263253	0	0	0	0	0.048	0.536	0	0.676	0.844
ZBTB16	CUL3	9606.ENSP00000338157	9606.ENSP00000264414	0	0	0	0	0.044	0.074	0.400	0.875	0.925
ZBTB16	NCOR1	9606.ENSP00000338157	9606.ENSP00000268712	0	0	0	0	0.042	0.803	0	0.879	0.975
ZBTB16	NUMA1	9606.ENSP00000338157	9606.ENSP00000377298	0	0	0	0	0.055	0.091	0	0.816	0.828
ZBTB16	HDAC1	9606.ENSP00000338157	9606.ENSP00000362649	0	0	0	0	0	0.880	0	0.593	0.949
ZBTB16	NCOR2	9606.ENSP00000338157	9606.ENSP00000384018	0	0	0	0	0	0.847	0	0.867	0.978
ZFP36L1	ZFP36L2	9606.ENSP00000337386	9606.ENSP00000282388	0	0	0.072	0.897	0.086	0	0.900	0.138	0.917
ZFP36L2	ZFP36L1	9606.ENSP00000282388	9606.ENSP00000337386	0	0	0.072	0.897	0.086	0	0.900	0.138	0.917
ZNF217	HDAC1	9606.ENSP00000360526	9606.ENSP00000362649	0	0	0	0	0.072	0.583	0	0.970	0.987
