preferredName_A	preferredName_B	node1_string_id	node2_string_id	neighborhood_on_chromosome	gene_fusion	phylogenetic_cooccurrence	homology	coexpression	experimentally_determined_interaction	database_annotated	automated_textmining	score
ABCB1	TP53	9606.ENSP00000478255	9606.ENSP00000269305	0	0	0	0	0	0	0	0.617	0.617
ABCB1	EGFR	9606.ENSP00000478255	9606.ENSP00000275493	0	0	0	0	0.071	0	0	0.607	0.619
ABCB1	BCL2	9606.ENSP00000478255	9606.ENSP00000381185	0	0	0	0	0.049	0.166	0	0.622	0.674
ABCB1	ACTB	9606.ENSP00000478255	9606.ENSP00000494750	0	0	0	0	0.067	0.051	0	0.588	0.603
ABCC3	NUP93	9606.ENSP00000285238	9606.ENSP00000310668	0	0	0	0	0	0.069	0	0.683	0.692
ABL1	RPS6KB1	9606.ENSP00000361423	9606.ENSP00000225577	0	0	0	0.577	0	0.278	0	0.476	0.606
ABL1	SMO	9606.ENSP00000361423	9606.ENSP00000249373	0	0	0	0	0.072	0.071	0	0.625	0.648
ABL1	CDK4	9606.ENSP00000361423	9606.ENSP00000257904	0	0	0	0.607	0.097	0.098	0.400	0.511	0.729
ABL1	TCF3	9606.ENSP00000361423	9606.ENSP00000262965	0	0	0	0	0.108	0	0.500	0.658	0.834
ABL1	EP300	9606.ENSP00000361423	9606.ENSP00000263253	0	0	0	0	0.304	0.230	0	0.438	0.673
ABL1	PIK3CA	9606.ENSP00000361423	9606.ENSP00000263967	0	0	0	0	0.049	0.069	0	0.754	0.763
ABL1	RB1	9606.ENSP00000361423	9606.ENSP00000267163	0	0	0	0	0.049	0.736	0.900	0.312	0.980
ABL1	CDH2	9606.ENSP00000361423	9606.ENSP00000269141	0	0	0	0	0	0.067	0.500	0.329	0.659
ABL1	TP53	9606.ENSP00000361423	9606.ENSP00000269305	0	0	0	0	0.056	0.292	0	0.875	0.909
ABL1	ERBB2	9606.ENSP00000361423	9606.ENSP00000269571	0	0	0	0.591	0.049	0.615	0	0.325	0.731
ABL1	MEF2D	9606.ENSP00000361423	9606.ENSP00000271555	0	0	0	0	0.064	0	0.500	0.338	0.663
ABL1	EGFR	9606.ENSP00000361423	9606.ENSP00000275493	0	0	0	0.591	0.067	0.790	0	0.347	0.861
ABL1	NTRK2	9606.ENSP00000361423	9606.ENSP00000277120	0	0	0	0.634	0	0	0.900	0.145	0.910
ABL1	ATM	9606.ENSP00000361423	9606.ENSP00000278616	0	0	0	0	0	0.820	0.750	0.774	0.988
ABL1	KIT	9606.ENSP00000361423	9606.ENSP00000288135	0	0	0	0.598	0.056	0.181	0	0.601	0.664
ABL1	STAT5B	9606.ENSP00000361423	9606.ENSP00000293328	0	0	0	0	0.065	0.439	0.900	0.727	0.983
ABL1	TLX3	9606.ENSP00000361423	9606.ENSP00000296921	0	0	0	0	0	0.048	0	0.738	0.739
ABL1	NPM1	9606.ENSP00000361423	9606.ENSP00000296930	0	0	0	0	0.064	0	0	0.697	0.704
ABL1	INPPL1	9606.ENSP00000361423	9606.ENSP00000298229	0	0	0	0.549	0.125	0.392	0	0.475	0.696
ABL1	BCR	9606.ENSP00000361423	9606.ENSP00000303507	0	0	0	0	0.083	0.737	0.900	0.869	0.996
ABL1	TERT	9606.ENSP00000361423	9606.ENSP00000309572	0	0	0	0	0	0.049	0	0.599	0.603
ABL1	NUP98	9606.ENSP00000361423	9606.ENSP00000316032	0	0	0	0	0.060	0.045	0	0.669	0.676
ABL1	EML4	9606.ENSP00000361423	9606.ENSP00000320663	0	0	0	0	0.074	0.067	0	0.601	0.626
ABL1	CALR	9606.ENSP00000361423	9606.ENSP00000320866	0	0	0	0	0.107	0	0	0.616	0.643
ABL1	EBF1	9606.ENSP00000361423	9606.ENSP00000322898	0	0	0	0	0.053	0.052	0	0.629	0.637
ABL1	MRE11	9606.ENSP00000361423	9606.ENSP00000325863	0	0	0	0	0	0.045	0.500	0.483	0.731
ABL1	PHF6	9606.ENSP00000361423	9606.ENSP00000329097	0	0	0	0	0	0.077	0	0.645	0.659
ABL1	IKZF1	9606.ENSP00000361423	9606.ENSP00000331614	0	0	0	0	0	0.071	0	0.841	0.845
ABL1	FIP1L1	9606.ENSP00000361423	9606.ENSP00000336752	0	0	0	0	0.049	0	0	0.684	0.687
ABL1	EPHA3	9606.ENSP00000361423	9606.ENSP00000337451	0	0	0	0.616	0.074	0.292	0.900	0.441	0.958
ABL1	STAT5A	9606.ENSP00000361423	9606.ENSP00000341208	0	0	0	0	0.088	0.332	0.900	0.724	0.980
ABL1	ERBB4	9606.ENSP00000361423	9606.ENSP00000342235	0	0	0	0.596	0	0.400	0	0.500	0.687
ABL1	HOXA9	9606.ENSP00000361423	9606.ENSP00000343619	0	0	0	0	0.042	0.046	0	0.657	0.659
ABL1	RAD52	9606.ENSP00000361423	9606.ENSP00000351284	0	0	0	0	0.042	0.050	0.750	0.311	0.822
ABL1	NUP214	9606.ENSP00000361423	9606.ENSP00000352400	0	0	0	0	0.058	0	0	0.906	0.907
ABL1	MTOR	9606.ENSP00000361423	9606.ENSP00000354558	0	0	0	0	0.067	0.315	0	0.557	0.692
ABL1	PARP1	9606.ENSP00000361423	9606.ENSP00000355759	0	0	0	0	0.047	0.292	0	0.713	0.789
ABL1	EPHA7	9606.ENSP00000361423	9606.ENSP00000358309	0	0	0	0.607	0.074	0	0.900	0.336	0.933
ABL1	XIAP	9606.ENSP00000361423	9606.ENSP00000360242	0	0	0	0	0	0.092	0	0.621	0.641
ABL1	RUNX2	9606.ENSP00000361423	9606.ENSP00000360493	0	0	0	0	0	0	0.750	0.322	0.823
ABL1	PTEN	9606.ENSP00000361423	9606.ENSP00000361021	0	0	0	0	0.048	0.092	0	0.627	0.650
ABL1	DEK	9606.ENSP00000361423	9606.ENSP00000498653	0	0	0	0	0	0.046	0	0.599	0.601
ABL1	MYH11	9606.ENSP00000361423	9606.ENSP00000379616	0	0	0	0	0	0.079	0	0.585	0.602
ABL1	PTPN11	9606.ENSP00000361423	9606.ENSP00000489597	0	0	0	0.556	0.063	0.097	0	0.568	0.603
ABL1	TET2	9606.ENSP00000361423	9606.ENSP00000442788	0	0	0	0	0	0	0	0.604	0.604
ABL1	WT1	9606.ENSP00000361423	9606.ENSP00000368370	0	0	0	0	0.044	0.071	0	0.598	0.611
ABL1	MLLT3	9606.ENSP00000361423	9606.ENSP00000369695	0	0	0	0	0	0	0	0.626	0.626
ABL1	NOTCH1	9606.ENSP00000361423	9606.ENSP00000498587	0	0	0	0	0.080	0.113	0	0.596	0.641
ABL1	SETBP1	9606.ENSP00000361423	9606.ENSP00000497406	0	0	0	0	0.056	0.077	0	0.643	0.662
ABL1	CRLF2	9606.ENSP00000361423	9606.ENSP00000370978	0	0	0	0	0	0.071	0	0.660	0.670
ABL1	BCL2	9606.ENSP00000361423	9606.ENSP00000381185	0	0	0	0	0.055	0	0	0.668	0.673
ABL1	ASXL1	9606.ENSP00000361423	9606.ENSP00000364839	0	0	0	0	0.081	0.098	0	0.643	0.678
ABL1	KMT2A	9606.ENSP00000361423	9606.ENSP00000436786	0	0	0	0	0.050	0.077	0	0.668	0.684
ABL1	MUC1	9606.ENSP00000361423	9606.ENSP00000484824	0	0	0	0	0	0.331	0	0.565	0.696
ABL1	SLIT2	9606.ENSP00000361423	9606.ENSP00000422591	0	0	0	0	0.047	0.180	0.500	0.381	0.725
ABL1	CDKN2A	9606.ENSP00000361423	9606.ENSP00000418915	0	0	0	0	0	0.095	0	0.749	0.763
ABL1	CDC42	9606.ENSP00000361423	9606.ENSP00000497733	0	0	0	0	0.074	0.110	0.500	0.532	0.781
ABL1	WWTR1	9606.ENSP00000361423	9606.ENSP00000419465	0	0	0	0	0.045	0.071	0.750	0.166	0.790
ABL1	PIK3R1	9606.ENSP00000361423	9606.ENSP00000428056	0	0	0	0.551	0.062	0.793	0	0.203	0.832
ABL1	AFF1	9606.ENSP00000361423	9606.ENSP00000378578	0	0	0	0	0.128	0.097	0	0.819	0.845
ABL1	RAD51	9606.ENSP00000361423	9606.ENSP00000493712	0	0	0	0	0	0.642	0	0.772	0.915
ABL1	ROBO1	9606.ENSP00000361423	9606.ENSP00000420321	0	0	0	0	0.086	0.167	0.900	0.173	0.928
ABL1	ETV6	9606.ENSP00000361423	9606.ENSP00000379658	0	0	0	0	0.044	0.074	0	0.930	0.932
ABL1	CTNNB1	9606.ENSP00000361423	9606.ENSP00000495360	0	0	0	0	0.095	0.539	0.500	0.785	0.949
ABL1	BRCA1	9606.ENSP00000361423	9606.ENSP00000418960	0	0	0	0	0	0.483	0.500	0.847	0.956
ABL1	NTRK1	9606.ENSP00000361423	9606.ENSP00000431418	0	0	0	0.642	0	0.510	0.900	0.212	0.958
ABL1	ABL2	9606.ENSP00000361423	9606.ENSP00000427562	0	0	0.068	0.936	0.062	0.531	0.900	0.627	0.981
ABL2	FLT3	9606.ENSP00000427562	9606.ENSP00000241453	0	0	0	0.601	0.095	0.316	0.500	0.175	0.710
ABL2	ERBB2	9606.ENSP00000427562	9606.ENSP00000269571	0	0	0.109	0.590	0	0.615	0	0.162	0.687
ABL2	EGFR	9606.ENSP00000427562	9606.ENSP00000275493	0	0	0.125	0.591	0.047	0.709	0	0.208	0.782
ABL2	RAC1	9606.ENSP00000427562	9606.ENSP00000348461	0	0	0	0	0.082	0.222	0.500	0.136	0.650
ABL2	CRLF2	9606.ENSP00000427562	9606.ENSP00000370978	0	0	0	0	0.047	0.071	0	0.598	0.613
ABL2	ETV6	9606.ENSP00000427562	9606.ENSP00000379658	0	0	0	0	0.042	0.074	0	0.858	0.863
ABL2	ROBO1	9606.ENSP00000427562	9606.ENSP00000420321	0	0	0	0	0.080	0.167	0.500	0.167	0.638
ABL2	SLIT2	9606.ENSP00000427562	9606.ENSP00000422591	0	0	0	0	0.047	0.180	0.500	0.191	0.641
ABRAXAS1	BRIP1	9606.ENSP00000369857	9606.ENSP00000259008	0	0	0	0	0.045	0.292	0	0.558	0.675
ABRAXAS1	PALB2	9606.ENSP00000369857	9606.ENSP00000261584	0	0	0	0	0.050	0	0	0.699	0.701
ABRAXAS1	NBN	9606.ENSP00000369857	9606.ENSP00000265433	0	0	0	0	0	0	0.500	0.566	0.773
ABRAXAS1	ATM	9606.ENSP00000369857	9606.ENSP00000278616	0	0	0	0	0.058	0	0.500	0.582	0.785
ABRAXAS1	MRE11	9606.ENSP00000369857	9606.ENSP00000325863	0	0	0	0	0.067	0	0.500	0.691	0.843
ABRAXAS1	RAD51C	9606.ENSP00000369857	9606.ENSP00000336701	0	0	0	0	0.050	0	0	0.712	0.714
ABRAXAS1	BRCA2	9606.ENSP00000369857	9606.ENSP00000369497	0	0	0	0	0.048	0	0	0.754	0.755
ABRAXAS1	RAD51	9606.ENSP00000369857	9606.ENSP00000493712	0	0	0	0	0.049	0.191	0	0.671	0.724
ABRAXAS1	TP53BP1	9606.ENSP00000369857	9606.ENSP00000371475	0	0	0	0	0.044	0.330	0.500	0.419	0.789
ABRAXAS1	CHEK2	9606.ENSP00000369857	9606.ENSP00000372023	0	0	0	0	0.048	0	0.500	0.595	0.790
ABRAXAS1	BRCA1	9606.ENSP00000369857	9606.ENSP00000418960	0	0	0	0	0.056	0.994	0.900	0.997	0.999
ACTB	XBP1	9606.ENSP00000494750	9606.ENSP00000216037	0	0	0	0	0.047	0	0	0.632	0.634
ACTB	MYH9	9606.ENSP00000494750	9606.ENSP00000216181	0	0	0	0	0.420	0.680	0.900	0.602	0.991
ACTB	NFKBIA	9606.ENSP00000494750	9606.ENSP00000216797	0	0	0	0	0.049	0.092	0	0.811	0.823
ACTB	AGO2	9606.ENSP00000494750	9606.ENSP00000220592	0	0	0	0	0.047	0.070	0	0.587	0.602
ACTB	RPS6KB1	9606.ENSP00000494750	9606.ENSP00000225577	0	0	0	0	0.042	0.062	0	0.734	0.740
ACTB	DDX5	9606.ENSP00000494750	9606.ENSP00000225792	0	0	0	0	0.462	0.260	0	0.338	0.713
ACTB	COL1A1	9606.ENSP00000494750	9606.ENSP00000225964	0	0	0	0	0.073	0.101	0	0.629	0.664
ACTB	H3-3B	9606.ENSP00000494750	9606.ENSP00000254810	0	0.001	0	0	0.103	0.819	0	0.784	0.962
ACTB	CDK4	9606.ENSP00000494750	9606.ENSP00000257904	0	0.005	0	0	0.093	0.068	0	0.687	0.712
ACTB	CDH1	9606.ENSP00000494750	9606.ENSP00000261769	0	0	0	0	0.061	0.069	0	0.824	0.833
ACTB	CCNE1	9606.ENSP00000494750	9606.ENSP00000262643	0	0	0	0	0.316	0	0	0.510	0.650
ACTB	EP300	9606.ENSP00000494750	9606.ENSP00000263253	0	0	0	0	0.047	0.162	0.500	0.510	0.778
ACTB	KDR	9606.ENSP00000494750	9606.ENSP00000263923	0	0	0	0	0	0	0	0.629	0.629
ACTB	SDHA	9606.ENSP00000494750	9606.ENSP00000264932	0	0	0	0	0.065	0	0	0.684	0.692
ACTB	CDK6	9606.ENSP00000494750	9606.ENSP00000265734	0	0.004	0	0	0.067	0.068	0	0.617	0.638
ACTB	RB1	9606.ENSP00000494750	9606.ENSP00000267163	0	0	0	0	0.056	0	0.540	0.526	0.776
ACTB	CDH2	9606.ENSP00000494750	9606.ENSP00000269141	0	0	0	0	0	0.069	0	0.778	0.784
ACTB	TP53	9606.ENSP00000494750	9606.ENSP00000269305	0	0	0	0	0.077	0.223	0	0.845	0.879
ACTB	ERBB2	9606.ENSP00000494750	9606.ENSP00000269571	0	0	0	0	0	0.292	0	0.908	0.932
ACTB	EGFR	9606.ENSP00000494750	9606.ENSP00000275493	0	0	0	0	0.042	0.402	0	0.741	0.839
ACTB	ATM	9606.ENSP00000494750	9606.ENSP00000278616	0	0	0	0	0.049	0.069	0	0.632	0.645
ACTB	KIT	9606.ENSP00000494750	9606.ENSP00000288135	0	0	0	0	0.056	0	0	0.636	0.642
ACTB	REL	9606.ENSP00000494750	9606.ENSP00000295025	0	0	0	0	0.042	0.103	0	0.573	0.601
ACTB	ALB	9606.ENSP00000494750	9606.ENSP00000295897	0	0	0	0	0	0	0	0.886	0.886
ACTB	LRRK2	9606.ENSP00000494750	9606.ENSP00000298910	0	0	0	0	0.096	0.313	0	0.559	0.702
ACTB	INSR	9606.ENSP00000494750	9606.ENSP00000303830	0	0	0	0	0.073	0.524	0	0.428	0.726
ACTB	CTNNA1	9606.ENSP00000494750	9606.ENSP00000304669	0	0	0	0	0.072	0.108	0.900	0.550	0.957
ACTB	PRKACA	9606.ENSP00000494750	9606.ENSP00000309591	0	0	0	0	0.139	0	0	0.575	0.619
ACTB	NQO1	9606.ENSP00000494750	9606.ENSP00000319788	0	0	0	0	0.042	0	0	0.667	0.667
ACTB	ARID1A	9606.ENSP00000494750	9606.ENSP00000320485	0	0	0	0	0.064	0.883	0.800	0.825	0.995
ACTB	SOX2	9606.ENSP00000494750	9606.ENSP00000323588	0	0	0	0	0	0	0	0.704	0.704
ACTB	SETD3	9606.ENSP00000494750	9606.ENSP00000327436	0	0	0	0	0.042	0.903	0	0.173	0.916
ACTB	SMAD3	9606.ENSP00000494750	9606.ENSP00000332973	0	0	0	0	0.067	0.294	0	0.665	0.760
ACTB	H3C13	9606.ENSP00000494750	9606.ENSP00000333277	0	0.001	0	0	0.079	0.135	0	0.783	0.812
ACTB	ARID2	9606.ENSP00000494750	9606.ENSP00000335044	0	0	0	0	0	0.806	0.800	0.610	0.983
ACTB	SF3B1	9606.ENSP00000494750	9606.ENSP00000335321	0	0	0	0	0.152	0.125	0.500	0.187	0.658
ACTB	UBA1	9606.ENSP00000494750	9606.ENSP00000338413	0	0	0	0	0.133	0.045	0	0.584	0.625
ACTB	SMARCB1	9606.ENSP00000494750	9606.ENSP00000340883	0	0	0	0	0.080	0.873	0.540	0.628	0.977
ACTB	SMARCA4	9606.ENSP00000494750	9606.ENSP00000343896	0	0	0	0	0.062	0.982	0.650	0.876	0.999
ACTB	RAC1	9606.ENSP00000494750	9606.ENSP00000348461	0	0	0	0	0.182	0.259	0.500	0.484	0.823
ACTB	DNMT1	9606.ENSP00000494750	9606.ENSP00000352516	0	0	0	0	0.056	0.300	0	0.601	0.714
ACTB	TRRAP	9606.ENSP00000494750	9606.ENSP00000352925	0	0	0	0	0.044	0.299	0.900	0.482	0.960
ACTB	MTOR	9606.ENSP00000494750	9606.ENSP00000354558	0	0.024	0	0	0.055	0.052	0	0.746	0.752
ACTB	DCTN1	9606.ENSP00000494750	9606.ENSP00000354791	0	0	0	0	0.056	0.865	0	0.792	0.971
ACTB	PARP1	9606.ENSP00000494750	9606.ENSP00000355759	0	0	0	0	0.054	0	0	0.792	0.794
ACTB	AFDN	9606.ENSP00000494750	9606.ENSP00000355771	0	0	0	0	0	0	0.900	0.598	0.958
ACTB	LMNA	9606.ENSP00000494750	9606.ENSP00000357283	0	0	0	0	0.066	0.312	0	0.690	0.784
ACTB	XIAP	9606.ENSP00000494750	9606.ENSP00000360242	0	0	0	0	0.042	0.061	0	0.624	0.632
ACTB	RUNX2	9606.ENSP00000494750	9606.ENSP00000360493	0	0	0	0	0	0	0	0.697	0.697
ACTB	PTEN	9606.ENSP00000494750	9606.ENSP00000361021	0	0	0	0	0.047	0	0	0.719	0.720
ACTB	HDAC1	9606.ENSP00000494750	9606.ENSP00000362649	0	0	0	0	0.073	0.094	0	0.743	0.766
ACTB	AR	9606.ENSP00000494750	9606.ENSP00000363822	0	0	0	0	0	0.234	0	0.609	0.688
ACTB	WAS	9606.ENSP00000494750	9606.ENSP00000365891	0	0	0	0	0.087	0.284	0.900	0.387	0.954
ACTB	FOXO1	9606.ENSP00000494750	9606.ENSP00000368880	0	0	0	0	0	0.086	0	0.624	0.642
ACTB	MLLT3	9606.ENSP00000494750	9606.ENSP00000369695	0	0	0	0	0	0.118	0.540	0.281	0.683
ACTB	SMARCA2	9606.ENSP00000494750	9606.ENSP00000371638	0	0	0	0	0.049	0.290	0.650	0.612	0.896
ACTB	ALK	9606.ENSP00000494750	9606.ENSP00000373700	0	0	0	0	0.073	0.313	0	0.446	0.617
ACTB	EP400	9606.ENSP00000494750	9606.ENSP00000374212	0	0	0	0	0.042	0.411	0.900	0.454	0.965
ACTB	IGF1	9606.ENSP00000494750	9606.ENSP00000376637	0	0	0	0	0	0	0	0.660	0.660
ACTB	KEAP1	9606.ENSP00000494750	9606.ENSP00000377245	0	0	0	0	0.049	0.078	0	0.612	0.630
ACTB	MYH11	9606.ENSP00000494750	9606.ENSP00000379616	0	0	0	0	0.091	0.368	0.900	0.403	0.961
ACTB	BCL2	9606.ENSP00000494750	9606.ENSP00000381185	0	0	0	0	0	0.071	0	0.881	0.885
ACTB	MYO5A	9606.ENSP00000494750	9606.ENSP00000382177	0	0	0	0	0.042	0.288	0.650	0.304	0.811
ACTB	PBRM1	9606.ENSP00000494750	9606.ENSP00000386593	0	0	0	0	0	0.843	0.800	0.533	0.984
ACTB	CXCR4	9606.ENSP00000494750	9606.ENSP00000386884	0	0	0	0	0.056	0	0	0.596	0.602
ACTB	RHOA	9606.ENSP00000494750	9606.ENSP00000400175	0	0	0	0	0.426	0.070	0.900	0.646	0.978
ACTB	ESR1	9606.ENSP00000494750	9606.ENSP00000405330	0	0	0	0	0	0.571	0	0.882	0.947
ACTB	PTPRC	9606.ENSP00000494750	9606.ENSP00000411355	0	0	0	0	0.063	0.062	0	0.722	0.734
ACTB	IL10	9606.ENSP00000494750	9606.ENSP00000412237	0	0	0	0	0	0	0	0.729	0.729
ACTB	CDKN2A	9606.ENSP00000494750	9606.ENSP00000418915	0	0	0	0	0.042	0.137	0	0.648	0.683
ACTB	EIF4E	9606.ENSP00000494750	9606.ENSP00000425561	0	0	0	0	0.083	0.058	0	0.590	0.615
ACTB	CEBPA	9606.ENSP00000494750	9606.ENSP00000427514	0	0	0	0	0.047	0	0	0.600	0.602
ACTB	HIF1A	9606.ENSP00000494750	9606.ENSP00000437955	0	0	0	0	0.067	0	0	0.781	0.787
ACTB	CLTC	9606.ENSP00000494750	9606.ENSP00000479606	0	0	0	0	0.075	0.113	0	0.656	0.693
ACTB	H3C1	9606.ENSP00000494750	9606.ENSP00000480826	0	0.001	0	0	0.079	0.819	0	0.480	0.906
ACTB	H3C8	9606.ENSP00000494750	9606.ENSP00000484638	0	0.001	0	0	0.079	0.819	0	0.483	0.906
ACTB	ARID1B	9606.ENSP00000494750	9606.ENSP00000490491	0	0	0	0	0.049	0.218	0.800	0.691	0.947
ACTB	NOTCH1	9606.ENSP00000494750	9606.ENSP00000498587	0	0	0	0	0	0.103	0	0.604	0.630
ACTB	CTNNB1	9606.ENSP00000494750	9606.ENSP00000495360	0	0	0	0	0.077	0.294	0	0.802	0.860
ACTB	MRTFA	9606.ENSP00000494750	9606.ENSP00000498671	0	0	0	0	0.055	0.481	0.500	0.497	0.860
ACTB	CDC42	9606.ENSP00000494750	9606.ENSP00000497733	0	0	0	0	0.415	0.070	0.900	0.596	0.975
ACVR1	SMAD3	9606.ENSP00000405004	9606.ENSP00000332973	0	0	0	0	0.077	0.126	0.900	0.573	0.961
ACVR1	SMAD4	9606.ENSP00000405004	9606.ENSP00000341551	0	0	0	0	0.073	0.091	0	0.847	0.860
ACVR1	TGFBR2	9606.ENSP00000405004	9606.ENSP00000351905	0	0	0.083	0.749	0.161	0.259	0	0.706	0.810
ACVR1	ALK	9606.ENSP00000405004	9606.ENSP00000373700	0	0	0	0.564	0	0.092	0	0.602	0.623
ACVR1	HFE	9606.ENSP00000405004	9606.ENSP00000417404	0	0	0	0	0.063	0	0	0.611	0.619
ACVR1	ACVR1B	9606.ENSP00000405004	9606.ENSP00000442656	0	0	0.064	0.914	0	0.620	0.720	0.820	0.979
ACVR1B	SMAD3	9606.ENSP00000442656	9606.ENSP00000332973	0	0	0	0	0.067	0.354	0.500	0.813	0.936
ACVR1B	SMAD4	9606.ENSP00000442656	9606.ENSP00000341551	0	0	0	0	0.062	0.091	0.500	0.911	0.957
ACVR1B	TGFBR2	9606.ENSP00000442656	9606.ENSP00000351905	0	0	0	0.734	0.132	0.229	0	0.643	0.740
ACVR1B	ALK	9606.ENSP00000442656	9606.ENSP00000373700	0	0	0	0	0.043	0.092	0	0.929	0.932
ADHFE1	MRTFA	9606.ENSP00000379865	9606.ENSP00000498671	0.118	0	0	0	0.192	0.606	0.792	0.349	0.955
AFDN	CDH1	9606.ENSP00000355771	9606.ENSP00000261769	0	0	0	0	0.062	0.127	0	0.851	0.867
AFDN	ELL	9606.ENSP00000355771	9606.ENSP00000262809	0	0	0	0	0	0	0	0.808	0.808
AFDN	CDH2	9606.ENSP00000355771	9606.ENSP00000269141	0	0	0	0	0.055	0.100	0	0.717	0.738
AFDN	EGFR	9606.ENSP00000355771	9606.ENSP00000275493	0	0	0	0	0.067	0.184	0	0.547	0.625
AFDN	BCR	9606.ENSP00000355771	9606.ENSP00000303507	0	0	0	0	0.056	0.551	0	0.481	0.760
AFDN	CTNNA1	9606.ENSP00000355771	9606.ENSP00000304669	0	0	0	0	0.064	0.520	0.900	0.690	0.984
AFDN	MLLT10	9606.ENSP00000355771	9606.ENSP00000307411	0	0	0	0	0.056	0	0	0.897	0.899
AFDN	MEN1	9606.ENSP00000355771	9606.ENSP00000337088	0	0	0	0	0.047	0.292	0	0.526	0.652
AFDN	HOXA9	9606.ENSP00000355771	9606.ENSP00000343619	0	0	0	0	0	0	0	0.642	0.642
AFDN	PTPRC	9606.ENSP00000355771	9606.ENSP00000411355	0	0	0	0	0.055	0	0	0.665	0.670
AFDN	EPHA7	9606.ENSP00000355771	9606.ENSP00000358309	0	0	0	0	0.066	0.317	0	0.591	0.716
AFDN	BCL2	9606.ENSP00000355771	9606.ENSP00000381185	0	0	0	0	0	0	0.720	0.202	0.767
AFDN	CTNNB1	9606.ENSP00000355771	9606.ENSP00000495360	0	0	0	0	0.056	0.204	0	0.726	0.776
AFDN	DOT1L	9606.ENSP00000355771	9606.ENSP00000381657	0	0	0	0	0.058	0	0	0.774	0.778
AFDN	RALGDS	9606.ENSP00000355771	9606.ENSP00000361120	0	0	0	0	0	0	0	0.805	0.805
AFDN	AFF1	9606.ENSP00000355771	9606.ENSP00000378578	0	0	0	0	0.056	0	0	0.850	0.852
AFDN	MLLT3	9606.ENSP00000355771	9606.ENSP00000369695	0	0	0	0	0	0	0	0.860	0.860
AFDN	KMT2A	9606.ENSP00000355771	9606.ENSP00000436786	0	0	0	0	0.044	0.292	0	0.817	0.865
AFF1	ELL2	9606.ENSP00000378578	9606.ENSP00000237853	0	0	0	0	0.117	0.616	0.900	0.997	0.999
AFF1	ELL	9606.ENSP00000378578	9606.ENSP00000262809	0	0	0	0	0.113	0.091	0.900	0.998	0.999
AFF1	TCF3	9606.ENSP00000378578	9606.ENSP00000262965	0	0	0	0	0	0	0	0.691	0.691
AFF1	BRD4	9606.ENSP00000378578	9606.ENSP00000263377	0	0	0	0	0.047	0.510	0	0.506	0.749
AFF1	AFF4	9606.ENSP00000378578	9606.ENSP00000265343	0	0	0	0.824	0.113	0.510	0.900	0.985	0.999
AFF1	CDK6	9606.ENSP00000378578	9606.ENSP00000265734	0	0	0	0	0.049	0.109	0	0.606	0.637
AFF1	BCR	9606.ENSP00000378578	9606.ENSP00000303507	0	0	0	0	0.049	0.045	0	0.664	0.668
AFF1	MLLT10	9606.ENSP00000378578	9606.ENSP00000307411	0	0	0	0	0.084	0.292	0	0.979	0.985
AFF1	IKZF1	9606.ENSP00000378578	9606.ENSP00000331614	0	0	0	0	0.053	0.095	0	0.625	0.651
AFF1	SEPTIN6	9606.ENSP00000378578	9606.ENSP00000341524	0	0	0	0	0.042	0	0	0.645	0.645
AFF1	HOXA9	9606.ENSP00000378578	9606.ENSP00000343619	0	0	0	0	0	0	0	0.761	0.761
AFF1	ERCC6	9606.ENSP00000378578	9606.ENSP00000348089	0	0	0	0	0.060	0.107	0.900	0.062	0.910
AFF1	CTR9	9606.ENSP00000378578	9606.ENSP00000355013	0	0	0	0	0.067	0.113	0.900	0.217	0.926
AFF1	MLLT3	9606.ENSP00000378578	9606.ENSP00000369695	0	0	0	0	0	0.842	0.900	0.999	0.999
AFF1	ETV6	9606.ENSP00000378578	9606.ENSP00000379658	0	0	0	0	0.083	0.058	0	0.697	0.715
AFF1	ELP2	9606.ENSP00000378578	9606.ENSP00000414851	0	0	0	0	0.049	0	0.720	0	0.722
AFF1	ELOC	9606.ENSP00000378578	9606.ENSP00000478121	0	0	0	0	0.049	0	0.900	0.068	0.903
AFF1	DOT1L	9606.ENSP00000378578	9606.ENSP00000381657	0	0	0	0	0.049	0.292	0	0.933	0.951
AFF1	KMT2A	9606.ENSP00000378578	9606.ENSP00000436786	0	0	0	0	0.123	0.552	0	0.978	0.990
AFF4	ELL2	9606.ENSP00000265343	9606.ENSP00000237853	0	0	0	0	0.142	0.987	0.900	0.996	0.999
AFF4	ELL	9606.ENSP00000265343	9606.ENSP00000262809	0	0	0	0	0.175	0.849	0.900	0.996	0.999
AFF4	MLLT10	9606.ENSP00000265343	9606.ENSP00000307411	0	0	0	0	0.056	0	0	0.677	0.682
AFF4	DOT1L	9606.ENSP00000265343	9606.ENSP00000381657	0	0	0	0	0.049	0	0	0.710	0.712
AFF4	ELP2	9606.ENSP00000265343	9606.ENSP00000414851	0	0	0	0	0.049	0	0.720	0	0.722
AFF4	TCEA1	9606.ENSP00000265343	9606.ENSP00000428426	0	0	0	0	0.049	0.109	0.800	0.245	0.855
AFF4	ELOC	9606.ENSP00000265343	9606.ENSP00000478121	0	0	0	0	0.049	0	0.900	0.086	0.905
AFF4	ERCC6	9606.ENSP00000265343	9606.ENSP00000348089	0	0	0	0	0.049	0.107	0.900	0.062	0.909
AFF4	KMT2A	9606.ENSP00000265343	9606.ENSP00000436786	0	0	0	0	0.123	0.552	0	0.823	0.924
AFF4	CTR9	9606.ENSP00000265343	9606.ENSP00000355013	0	0	0	0	0.060	0.234	0.900	0.415	0.952
AFF4	MLLT3	9606.ENSP00000265343	9606.ENSP00000369695	0	0	0	0	0	0.833	0.900	0.994	0.999
AGO2	NOTCH2	9606.ENSP00000220592	9606.ENSP00000256646	0	0	0	0	0	0.069	0.500	0.210	0.600
AGO2	CREBBP	9606.ENSP00000220592	9606.ENSP00000262367	0	0	0	0	0.049	0	0.500	0.231	0.602
AGO2	CNOT3	9606.ENSP00000220592	9606.ENSP00000351159	0	0	0	0	0.058	0.358	0	0.434	0.628
AGO2	EP300	9606.ENSP00000220592	9606.ENSP00000263253	0	0	0	0	0.060	0	0.500	0.283	0.633
AGO2	FUS	9606.ENSP00000220592	9606.ENSP00000254108	0	0	0	0	0.049	0	0	0.632	0.635
AGO2	CRBN	9606.ENSP00000220592	9606.ENSP00000231948	0	0	0	0	0	0.292	0	0.506	0.635
AGO2	PCBP1	9606.ENSP00000220592	9606.ENSP00000305556	0	0	0	0	0.049	0.292	0	0.504	0.636
AGO2	DNMT1	9606.ENSP00000220592	9606.ENSP00000352516	0	0	0	0	0.049	0	0	0.639	0.642
AGO2	PUM1	9606.ENSP00000220592	9606.ENSP00000391723	0	0	0	0	0.178	0.218	0	0.494	0.646
AGO2	RB1	9606.ENSP00000220592	9606.ENSP00000267163	0	0	0	0	0	0.292	0	0.524	0.648
AGO2	ESR1	9606.ENSP00000220592	9606.ENSP00000405330	0	0	0	0	0	0	0.500	0.367	0.670
AGO2	NOTCH1	9606.ENSP00000220592	9606.ENSP00000498587	0	0	0	0	0.074	0.069	0.500	0.332	0.673
AGO2	CDK6	9606.ENSP00000220592	9606.ENSP00000265734	0	0	0	0	0.056	0	0.500	0.418	0.701
AGO2	H3-3B	9606.ENSP00000220592	9606.ENSP00000254810	0	0	0	0	0.049	0.059	0.500	0.418	0.704
AGO2	H3C13	9606.ENSP00000220592	9606.ENSP00000333277	0	0	0	0	0.049	0.059	0.500	0.419	0.705
AGO2	CTR9	9606.ENSP00000220592	9606.ENSP00000355013	0	0	0	0	0.067	0.292	0	0.643	0.744
AGO2	SOX2	9606.ENSP00000220592	9606.ENSP00000323588	0	0	0	0	0	0.292	0.500	0.370	0.757
AGO2	PTEN	9606.ENSP00000220592	9606.ENSP00000361021	0	0	0	0	0.061	0	0.500	0.565	0.778
AGO2	RAD51	9606.ENSP00000220592	9606.ENSP00000493712	0	0	0	0	0.062	0.526	0	0.546	0.781
AGO2	TP53	9606.ENSP00000220592	9606.ENSP00000269305	0	0	0	0	0	0.167	0.500	0.719	0.872
AGO2	DDX3X	9606.ENSP00000220592	9606.ENSP00000494040	0	0	0	0	0.060	0.229	0	0.848	0.880
AGO2	LRRK2	9606.ENSP00000220592	9606.ENSP00000298910	0	0	0	0	0	0.524	0	0.778	0.890
AGO2	DDX5	9606.ENSP00000220592	9606.ENSP00000225792	0	0	0	0	0.055	0.334	0	0.864	0.907
AGO2	EGFR	9606.ENSP00000220592	9606.ENSP00000275493	0	0	0	0	0.042	0.292	0	0.941	0.956
AGO2	EIF4E	9606.ENSP00000220592	9606.ENSP00000425561	0	0	0	0	0.049	0.324	0.900	0.883	0.991
AGO2	NPM1	9606.ENSP00000220592	9606.ENSP00000296930	0	0	0	0	0.066	0.292	0	0.989	0.992
AGO2	DROSHA	9606.ENSP00000220592	9606.ENSP00000425979	0	0	0	0	0.062	0.405	0.720	0.972	0.995
AGO2	DICER1	9606.ENSP00000220592	9606.ENSP00000437256	0	0	0	0	0.133	0.966	0.900	0.999	0.999
AIP	MEN1	9606.ENSP00000279146	9606.ENSP00000337088	0	0	0	0	0.075	0.067	0	0.710	0.728
AIP	ARNT	9606.ENSP00000279146	9606.ENSP00000351407	0	0	0	0	0.067	0.292	0.360	0.565	0.791
AJUBA	NCOR1	9606.ENSP00000262713	9606.ENSP00000268712	0	0	0	0	0	0.099	0.800	0.067	0.817
AJUBA	LATS1	9606.ENSP00000262713	9606.ENSP00000437550	0	0	0	0	0	0.431	0.900	0.580	0.974
AJUBA	LATS2	9606.ENSP00000262713	9606.ENSP00000372035	0	0	0	0	0.067	0.745	0.900	0.381	0.983
ALB	NFKBIA	9606.ENSP00000295897	9606.ENSP00000216797	0	0	0	0	0	0	0	0.624	0.624
ALB	FOXA1	9606.ENSP00000295897	9606.ENSP00000250448	0	0	0	0	0.106	0	0	0.618	0.643
ALB	H3-3B	9606.ENSP00000295897	9606.ENSP00000254810	0	0	0	0	0	0	0	0.668	0.668
ALB	CDH1	9606.ENSP00000295897	9606.ENSP00000261769	0	0	0	0	0	0	0	0.735	0.735
ALB	KDR	9606.ENSP00000295897	9606.ENSP00000263923	0	0	0	0	0	0	0	0.618	0.618
ALB	FGF10	9606.ENSP00000295897	9606.ENSP00000264664	0	0	0	0	0	0	0	0.758	0.758
ALB	CDH2	9606.ENSP00000295897	9606.ENSP00000269141	0	0	0	0	0.084	0	0	0.615	0.632
ALB	TP53	9606.ENSP00000295897	9606.ENSP00000269305	0	0	0	0	0	0	0	0.722	0.722
ALB	ERBB2	9606.ENSP00000295897	9606.ENSP00000269571	0	0	0	0	0	0	0	0.670	0.670
ALB	EGFR	9606.ENSP00000295897	9606.ENSP00000275493	0	0	0	0	0	0	0	0.808	0.808
ALB	ATM	9606.ENSP00000295897	9606.ENSP00000278616	0	0	0	0	0	0	0	0.623	0.623
ALB	KIT	9606.ENSP00000295897	9606.ENSP00000288135	0	0	0	0	0	0	0	0.640	0.640
ALB	SMAD3	9606.ENSP00000295897	9606.ENSP00000332973	0	0	0	0	0	0	0	0.604	0.604
ALB	PTEN	9606.ENSP00000295897	9606.ENSP00000361021	0	0	0	0	0	0	0	0.607	0.607
ALB	PRKACA	9606.ENSP00000295897	9606.ENSP00000309591	0	0	0	0	0	0	0	0.612	0.612
ALB	CXCR4	9606.ENSP00000295897	9606.ENSP00000386884	0	0	0	0	0	0	0	0.615	0.615
ALB	RHOA	9606.ENSP00000295897	9606.ENSP00000400175	0	0	0	0	0.056	0	0	0.618	0.624
ALB	PARP1	9606.ENSP00000295897	9606.ENSP00000355759	0	0	0	0	0.060	0	0	0.618	0.626
ALB	MTOR	9606.ENSP00000295897	9606.ENSP00000354558	0	0	0	0	0	0	0	0.628	0.628
ALB	SOX2	9606.ENSP00000295897	9606.ENSP00000323588	0	0	0	0	0.109	0	0	0.615	0.642
ALB	CEBPA	9606.ENSP00000295897	9606.ENSP00000427514	0	0	0	0	0	0	0	0.642	0.642
ALB	HIF1A	9606.ENSP00000295897	9606.ENSP00000437955	0	0	0	0	0	0	0	0.642	0.642
ALB	HFE	9606.ENSP00000295897	9606.ENSP00000417404	0	0	0	0	0.063	0	0	0.679	0.686
ALB	ALK	9606.ENSP00000295897	9606.ENSP00000373700	0	0	0	0	0	0	0	0.689	0.689
ALB	H3C13	9606.ENSP00000295897	9606.ENSP00000333277	0	0	0	0	0	0	0	0.699	0.699
ALB	CTNNB1	9606.ENSP00000295897	9606.ENSP00000495360	0	0	0	0	0	0	0	0.709	0.709
ALB	CALR	9606.ENSP00000295897	9606.ENSP00000320866	0	0	0	0	0	0	0	0.718	0.718
ALB	BCL2	9606.ENSP00000295897	9606.ENSP00000381185	0	0	0	0	0	0	0	0.748	0.748
ALB	PTPRC	9606.ENSP00000295897	9606.ENSP00000411355	0	0	0	0	0	0	0	0.773	0.773
ALB	ELN	9606.ENSP00000295897	9606.ENSP00000351807	0	0	0	0	0	0	0	0.783	0.783
ALB	ESR1	9606.ENSP00000295897	9606.ENSP00000405330	0	0	0	0	0.042	0.045	0	0.795	0.796
ALB	IGF1	9606.ENSP00000295897	9606.ENSP00000376637	0	0	0	0	0	0	0	0.830	0.830
ALB	IL10	9606.ENSP00000295897	9606.ENSP00000412237	0	0	0	0	0	0	0	0.847	0.847
ALDH2	CCNB1IP1	9606.ENSP00000261733	9606.ENSP00000409896	0	0	0	0	0	0	0	0.654	0.654
ALDH2	FH	9606.ENSP00000261733	9606.ENSP00000355518	0	0	0	0	0.074	0.214	0.287	0.530	0.723
ALK	PIK3R2	9606.ENSP00000373700	9606.ENSP00000222254	0	0	0	0	0	0.180	0.900	0.188	0.927
ALK	PHOX2B	9606.ENSP00000373700	9606.ENSP00000226382	0	0	0	0	0.072	0	0	0.613	0.625
ALK	ATIC	9606.ENSP00000373700	9606.ENSP00000236959	0	0	0	0	0	0.059	0.500	0.867	0.932
ALK	NOTCH2	9606.ENSP00000373700	9606.ENSP00000256646	0	0	0	0	0	0.098	0	0.592	0.617
ALK	PIK3R3	9606.ENSP00000373700	9606.ENSP00000262741	0	0	0	0	0	0.093	0.900	0.134	0.914
ALK	PIK3CA	9606.ENSP00000373700	9606.ENSP00000263967	0	0	0	0	0	0.069	0.900	0.801	0.979
ALK	TP53	9606.ENSP00000373700	9606.ENSP00000269305	0	0	0	0	0	0	0	0.772	0.772
ALK	ERBB2	9606.ENSP00000373700	9606.ENSP00000269571	0	0	0	0.568	0	0.620	0	0.433	0.775
ALK	MYCN	9606.ENSP00000373700	9606.ENSP00000281043	0	0	0	0	0.044	0.060	0.750	0.733	0.932
ALK	RANBP2	9606.ENSP00000373700	9606.ENSP00000283195	0	0	0	0	0	0.117	0.500	0.639	0.826
ALK	STAT5B	9606.ENSP00000373700	9606.ENSP00000293328	0	0	0	0	0	0.096	0	0.619	0.641
ALK	NPM1	9606.ENSP00000373700	9606.ENSP00000296930	0	0	0	0	0.067	0	0.400	0.990	0.994
ALK	PPFIBP1	9606.ENSP00000373700	9606.ENSP00000314724	0	0	0	0	0	0	0.500	0.387	0.680
ALK	EML4	9606.ENSP00000373700	9606.ENSP00000320663	0	0	0	0	0.074	0.067	0.900	0.997	0.999
ALK	STK11	9606.ENSP00000373700	9606.ENSP00000324856	0	0	0	0	0	0.095	0	0.701	0.718
ALK	STAT5A	9606.ENSP00000373700	9606.ENSP00000341208	0	0	0	0	0	0.096	0	0.586	0.610
ALK	SMAD4	9606.ENSP00000373700	9606.ENSP00000341551	0	0	0	0	0	0.091	0	0.652	0.670
ALK	SMARCA4	9606.ENSP00000373700	9606.ENSP00000343896	0	0	0	0	0	0.078	0	0.725	0.736
ALK	NF1	9606.ENSP00000373700	9606.ENSP00000351015	0	0	0	0	0	0.146	0	0.646	0.685
ALK	TGFBR2	9606.ENSP00000373700	9606.ENSP00000351905	0	0	0	0	0	0	0	0.947	0.947
ALK	MTOR	9606.ENSP00000373700	9606.ENSP00000354558	0	0	0	0	0	0.073	0	0.662	0.673
ALK	DCTN1	9606.ENSP00000373700	9606.ENSP00000354791	0	0	0	0	0	0.071	0.500	0.618	0.807
ALK	PTEN	9606.ENSP00000373700	9606.ENSP00000361021	0	0	0	0	0	0.092	0	0.706	0.722
ALK	PIK3CD	9606.ENSP00000373700	9606.ENSP00000366563	0	0	0	0	0	0.069	0.900	0.284	0.927
ALK	SLC34A2	9606.ENSP00000373700	9606.ENSP00000371483	0	0	0	0	0.052	0.108	0	0.585	0.618
ALK	NOTCH1	9606.ENSP00000373700	9606.ENSP00000498587	0	0	0	0	0	0.098	0	0.575	0.600
ALK	DUSP22	9606.ENSP00000373700	9606.ENSP00000397459	0	0	0	0	0	0.092	0	0.587	0.609
ALK	BIRC6	9606.ENSP00000373700	9606.ENSP00000393596	0	0	0	0	0.099	0.124	0.400	0.295	0.621
ALK	CTNNB1	9606.ENSP00000373700	9606.ENSP00000495360	0	0	0	0	0	0.098	0	0.602	0.625
ALK	CDKN2A	9606.ENSP00000373700	9606.ENSP00000418915	0	0	0	0	0	0.095	0	0.644	0.664
ALK	PRKAR1A	9606.ENSP00000373700	9606.ENSP00000376475	0	0	0	0	0.069	0	0.400	0.531	0.715
ALK	PTPN11	9606.ENSP00000373700	9606.ENSP00000489597	0	0	0	0	0	0.214	0	0.743	0.790
ALK	CLTC	9606.ENSP00000373700	9606.ENSP00000479606	0	0	0	0	0	0	0.400	0.693	0.808
ALK	SEC31A	9606.ENSP00000373700	9606.ENSP00000378721	0	0	0	0	0	0.134	0.500	0.630	0.825
ALK	PLCG2	9606.ENSP00000373700	9606.ENSP00000482457	0	0	0	0	0	0	0.900	0.191	0.915
ALK	PIK3CB	9606.ENSP00000373700	9606.ENSP00000501150	0	0	0	0	0	0.186	0.900	0.275	0.935
ALK	JAK3	9606.ENSP00000373700	9606.ENSP00000432511	0	0	0	0.560	0	0.369	0.900	0.282	0.950
ALK	PIK3R1	9606.ENSP00000373700	9606.ENSP00000428056	0	0	0	0	0	0.378	0.900	0.606	0.973
AMER1	APC	9606.ENSP00000364003	9606.ENSP00000257430	0	0	0	0	0	0.971	0.800	0.732	0.998
AMER1	LRP6	9606.ENSP00000364003	9606.ENSP00000261349	0	0	0	0	0.043	0	0.500	0.399	0.687
AMER1	AXIN1	9606.ENSP00000364003	9606.ENSP00000262320	0	0	0	0	0.103	0.800	0.800	0.995	0.999
AMER1	LRP5	9606.ENSP00000364003	9606.ENSP00000294304	0	0	0	0	0.082	0	0.500	0.432	0.716
AMER1	AXIN2	9606.ENSP00000364003	9606.ENSP00000302625	0	0	0	0	0.072	0	0	0.662	0.673
AMER1	WT1	9606.ENSP00000364003	9606.ENSP00000368370	0	0	0	0	0.042	0	0	0.849	0.849
AMER1	KEAP1	9606.ENSP00000364003	9606.ENSP00000377245	0	0	0	0	0.049	0.629	0.400	0.909	0.978
AMER1	CTNNB1	9606.ENSP00000364003	9606.ENSP00000495360	0	0	0	0	0	0.783	0.800	0.834	0.992
ANKRD11	TP53	9606.ENSP00000301030	9606.ENSP00000269305	0	0	0	0	0	0.095	0	0.671	0.689
ANKRD11	SMC1A	9606.ENSP00000301030	9606.ENSP00000323421	0	0	0	0	0.064	0.080	0	0.579	0.607
ANKRD11	NCOA2	9606.ENSP00000301030	9606.ENSP00000399968	0	0	0	0	0.059	0.292	0	0.526	0.656
ANKRD11	SETD5	9606.ENSP00000301030	9606.ENSP00000385852	0	0	0	0	0.220	0.077	0	0.577	0.669
ANKRD26	DDX41	9606.ENSP00000365255	9606.ENSP00000330349	0	0	0	0	0	0	0	0.696	0.696
ANKRD26	SRP72	9606.ENSP00000365255	9606.ENSP00000495128	0	0	0	0	0.075	0.069	0	0.668	0.689
ANKRD26	ETV6	9606.ENSP00000365255	9606.ENSP00000379658	0	0	0	0	0	0	0	0.693	0.693
APC	RNF43	9606.ENSP00000257430	9606.ENSP00000463069	0	0	0	0	0	0.325	0	0.435	0.602
APC	TP53	9606.ENSP00000257430	9606.ENSP00000269305	0	0	0	0	0	0.126	0	0.573	0.610
APC	SMAD4	9606.ENSP00000257430	9606.ENSP00000341551	0	0	0	0	0.049	0.303	0	0.467	0.615
APC	BCL9L	9606.ENSP00000257430	9606.ENSP00000335320	0	0	0	0	0	0	0.500	0.301	0.635
APC	RANBP2	9606.ENSP00000257430	9606.ENSP00000283195	0	0	0	0	0.056	0.618	0	0.108	0.650
APC	LRRK2	9606.ENSP00000257430	9606.ENSP00000298910	0	0	0	0	0.054	0.097	0.720	0.062	0.745
APC	CLIP1	9606.ENSP00000257430	9606.ENSP00000479322	0	0	0	0	0.066	0.099	0	0.750	0.771
APC	CDH2	9606.ENSP00000257430	9606.ENSP00000269141	0	0	0	0	0.042	0	0.720	0.270	0.787
APC	CDC42	9606.ENSP00000257430	9606.ENSP00000497733	0	0	0	0	0.043	0.628	0	0.648	0.864
APC	LRP6	9606.ENSP00000257430	9606.ENSP00000261349	0	0	0	0	0.042	0	0.720	0.578	0.877
APC	LRP5	9606.ENSP00000257430	9606.ENSP00000294304	0	0	0	0	0	0	0.720	0.668	0.903
APC	CDH1	9606.ENSP00000257430	9606.ENSP00000261769	0	0	0	0	0	0	0.720	0.726	0.920
APC	PTPN13	9606.ENSP00000257430	9606.ENSP00000394794	0	0	0	0	0.059	0.783	0	0.682	0.929
APC	CTNNA1	9606.ENSP00000257430	9606.ENSP00000304669	0	0	0	0	0.042	0.837	0.720	0.504	0.975
APC	AXIN1	9606.ENSP00000257430	9606.ENSP00000262320	0	0	0	0	0.054	0.994	0.900	0.996	0.999
APC	CTNNB1	9606.ENSP00000257430	9606.ENSP00000495360	0	0	0	0	0.099	0.999	0.900	0.996	0.999
APC	AXIN2	9606.ENSP00000257430	9606.ENSP00000302625	0	0	0	0	0.054	0.567	0.900	0.993	0.999
APH1A	NOTCH2	9606.ENSP00000358105	9606.ENSP00000256646	0	0	0	0	0.042	0.053	0.650	0.419	0.790
APH1A	NOTCH3	9606.ENSP00000358105	9606.ENSP00000263388	0	0	0	0	0	0.053	0.650	0.614	0.860
APH1A	ERBB4	9606.ENSP00000358105	9606.ENSP00000342235	0	0	0	0	0	0	0.400	0.391	0.618
APH1A	NOTCH4	9606.ENSP00000358105	9606.ENSP00000364163	0	0	0	0	0	0.045	0.650	0.419	0.788
APH1A	NOTCH1	9606.ENSP00000358105	9606.ENSP00000498587	0	0	0	0	0.072	0.800	0.650	0.727	0.979
AR	DDX5	9606.ENSP00000363822	9606.ENSP00000225792	0	0	0	0	0	0	0	0.630	0.630
AR	FOXA1	9606.ENSP00000363822	9606.ENSP00000250448	0	0	0	0	0.083	0.761	0	0.987	0.996
AR	FUS	9606.ENSP00000363822	9606.ENSP00000254108	0	0	0	0	0.055	0.292	0	0.561	0.681
AR	H3-3B	9606.ENSP00000363822	9606.ENSP00000254810	0	0	0	0	0	0.042	0.500	0.690	0.839
AR	VHL	9606.ENSP00000363822	9606.ENSP00000256474	0	0	0	0	0	0.626	0	0.176	0.679
AR	CDH1	9606.ENSP00000363822	9606.ENSP00000261769	0	0	0	0	0.047	0	0	0.627	0.629
AR	CREBBP	9606.ENSP00000363822	9606.ENSP00000262367	0	0	0	0	0.042	0.794	0	0.815	0.960
AR	EP300	9606.ENSP00000363822	9606.ENSP00000263253	0	0	0	0	0.043	0.843	0	0.710	0.952
AR	BRD4	9606.ENSP00000363822	9606.ENSP00000263377	0	0	0	0	0	0.585	0	0.929	0.969
AR	CDK6	9606.ENSP00000363822	9606.ENSP00000265734	0	0	0	0	0	0.407	0	0.440	0.654
AR	RB1	9606.ENSP00000363822	9606.ENSP00000267163	0	0	0	0	0	0.629	0.500	0.397	0.878
AR	NCOR1	9606.ENSP00000363822	9606.ENSP00000268712	0	0	0	0	0.043	0.883	0.500	0.868	0.991
AR	TP53	9606.ENSP00000363822	9606.ENSP00000269305	0	0	0	0	0	0.439	0	0.838	0.905
AR	ERBB2	9606.ENSP00000363822	9606.ENSP00000269571	0	0	0	0	0.058	0.092	0	0.772	0.788
AR	EGFR	9606.ENSP00000363822	9606.ENSP00000275493	0	0	0	0	0	0.536	0	0.720	0.864
AR	MYCN	9606.ENSP00000363822	9606.ENSP00000281043	0	0	0	0	0	0.292	0	0.673	0.759
AR	KMT2D	9606.ENSP00000363822	9606.ENSP00000301067	0	0	0	0	0.042	0.439	0	0.509	0.713
AR	PRKACA	9606.ENSP00000363822	9606.ENSP00000309591	0	0	0	0	0.048	0	0.900	0.415	0.939
AR	KLK2	9606.ENSP00000363822	9606.ENSP00000313581	0	0	0	0	0.042	0.166	0.500	0.823	0.919
AR	ARID1A	9606.ENSP00000363822	9606.ENSP00000320485	0	0	0	0	0.044	0.241	0	0.524	0.624
AR	CALR	9606.ENSP00000363822	9606.ENSP00000320866	0	0	0	0	0.055	0.292	0	0.597	0.706
AR	KDM5D	9606.ENSP00000363822	9606.ENSP00000322408	0	0	0	0	0	0.294	0	0.840	0.882
AR	PGR	9606.ENSP00000363822	9606.ENSP00000325120	0	0	0	0.806	0.124	0	0.500	0.509	0.766
AR	SMAD3	9606.ENSP00000363822	9606.ENSP00000332973	0	0	0	0	0	0.626	0	0.879	0.953
AR	H3C13	9606.ENSP00000363822	9606.ENSP00000333277	0	0	0	0	0	0.042	0.500	0.589	0.786
AR	ZBTB16	9606.ENSP00000363822	9606.ENSP00000338157	0	0	0	0	0.074	0.606	0	0.375	0.752
AR	TRIM24	9606.ENSP00000363822	9606.ENSP00000340507	0	0	0	0	0	0.591	0	0.385	0.737
AR	SMAD4	9606.ENSP00000363822	9606.ENSP00000341551	0	0	0	0	0	0.294	0	0.809	0.859
AR	SMARCA4	9606.ENSP00000363822	9606.ENSP00000343896	0	0	0	0	0	0.703	0	0.593	0.874
AR	SFPQ	9606.ENSP00000363822	9606.ENSP00000349748	0	0	0	0	0	0.292	0	0.496	0.627
AR	PARP1	9606.ENSP00000363822	9606.ENSP00000355759	0	0	0	0	0	0	0	0.621	0.621
AR	HSD3B1	9606.ENSP00000363822	9606.ENSP00000358421	0	0	0	0	0.047	0	0	0.629	0.631
AR	CYP17A1	9606.ENSP00000363822	9606.ENSP00000358903	0	0	0	0	0	0.056	0	0.794	0.797
AR	RUNX2	9606.ENSP00000363822	9606.ENSP00000360493	0	0	0	0	0.056	0.071	0.700	0.602	0.881
AR	PTEN	9606.ENSP00000363822	9606.ENSP00000361021	0	0	0	0	0	0.295	0	0.853	0.892
AR	HDAC1	9606.ENSP00000363822	9606.ENSP00000362649	0	0	0	0	0	0.789	0	0.835	0.964
AR	KMT2A	9606.ENSP00000363822	9606.ENSP00000436786	0	0	0	0	0.048	0.523	0	0.193	0.602
AR	CDKN2A	9606.ENSP00000363822	9606.ENSP00000418915	0	0	0	0	0	0.292	0	0.482	0.617
AR	BCL2	9606.ENSP00000363822	9606.ENSP00000381185	0	0	0	0	0	0.045	0	0.622	0.623
AR	NSD1	9606.ENSP00000363822	9606.ENSP00000395929	0	0	0	0	0.050	0.347	0	0.493	0.659
AR	NDRG1	9606.ENSP00000363822	9606.ENSP00000404854	0	0	0	0	0.051	0.452	0	0.397	0.659
AR	PIK3R1	9606.ENSP00000363822	9606.ENSP00000428056	0	0	0	0	0.083	0.173	0	0.610	0.678
AR	BRAF	9606.ENSP00000363822	9606.ENSP00000419060	0	0	0	0	0	0.071	0	0.673	0.683
AR	ASXL1	9606.ENSP00000363822	9606.ENSP00000364839	0	0	0	0	0	0.298	0	0.584	0.695
AR	SMARCA2	9606.ENSP00000363822	9606.ENSP00000371638	0	0	0	0	0.044	0.621	0	0.246	0.703
AR	PRKCB	9606.ENSP00000363822	9606.ENSP00000496129	0	0	0	0	0	0.292	0	0.636	0.731
AR	IGF1	9606.ENSP00000363822	9606.ENSP00000376637	0	0	0	0	0.076	0	0	0.738	0.747
AR	KDM6A	9606.ENSP00000363822	9606.ENSP00000367203	0	0	0	0	0.086	0.416	0	0.595	0.765
AR	KDM4C	9606.ENSP00000363822	9606.ENSP00000370710	0	0	0	0	0	0.132	0.500	0.625	0.823
AR	HIF1A	9606.ENSP00000363822	9606.ENSP00000437955	0	0	0	0	0.067	0.525	0	0.733	0.871
AR	BRCA1	9606.ENSP00000363822	9606.ENSP00000418960	0	0	0	0	0	0.612	0	0.773	0.908
AR	FOXO1	9606.ENSP00000363822	9606.ENSP00000368880	0	0	0	0	0	0.516	0	0.843	0.921
AR	NCOR2	9606.ENSP00000363822	9606.ENSP00000384018	0	0	0	0	0	0.848	0.500	0.659	0.971
AR	ESR1	9606.ENSP00000363822	9606.ENSP00000405330	0	0	0	0.651	0.172	0	0	0.978	0.981
AR	CTNNB1	9606.ENSP00000363822	9606.ENSP00000495360	0	0	0	0	0.052	0.888	0	0.968	0.996
AR	NCOA2	9606.ENSP00000363822	9606.ENSP00000399968	0	0	0	0	0.047	0.989	0.500	0.906	0.999
ARHGAP35	KDR	9606.ENSP00000500409	9606.ENSP00000263923	0	0	0	0	0	0	0	0.633	0.633
ARHGAP35	RASA1	9606.ENSP00000500409	9606.ENSP00000274376	0	0	0	0	0.049	0.973	0.900	0.993	0.999
ARHGAP35	MET	9606.ENSP00000500409	9606.ENSP00000317272	0	0	0	0	0.055	0.092	0.500	0.206	0.614
ARHGAP35	RAC1	9606.ENSP00000500409	9606.ENSP00000348461	0	0	0	0	0.045	0.568	0.400	0.209	0.778
ARHGAP35	RHOA	9606.ENSP00000500409	9606.ENSP00000400175	0	0	0	0	0.042	0.843	0.900	0.922	0.998
ARHGAP35	GTF2I	9606.ENSP00000500409	9606.ENSP00000460070	0	0	0	0	0.082	0	0	0.829	0.836
ARHGAP35	CDC42	9606.ENSP00000500409	9606.ENSP00000497733	0	0	0	0	0.044	0.505	0.400	0.629	0.880
ARHGEF10L	RHOA	9606.ENSP00000355060	9606.ENSP00000400175	0	0	0	0	0	0.045	0.400	0.530	0.707
ARHGEF12	GNAQ	9606.ENSP00000380942	9606.ENSP00000286548	0	0	0	0	0.064	0.292	0.900	0.912	0.993
ARHGEF12	CDC42	9606.ENSP00000380942	9606.ENSP00000497733	0	0	0	0	0.091	0.245	0.400	0.698	0.859
ARHGEF12	ARHGEF28	9606.ENSP00000380942	9606.ENSP00000441913	0	0	0	0.559	0.097	0.098	0.900	0.314	0.936
ARHGEF12	RHOA	9606.ENSP00000380942	9606.ENSP00000400175	0	0	0	0	0.098	0.983	0.900	0.990	0.999
ARHGEF28	GNAQ	9606.ENSP00000441913	9606.ENSP00000286548	0	0	0	0	0	0	0.900	0.231	0.919
ARHGEF28	RHOA	9606.ENSP00000441913	9606.ENSP00000400175	0	0	0	0	0.067	0.623	0.900	0.741	0.989
ARHGEF28	CDC42	9606.ENSP00000441913	9606.ENSP00000497733	0	0	0	0	0.060	0.136	0	0.599	0.646
ARID1A	MLH1	9606.ENSP00000320485	9606.ENSP00000231790	0	0	0	0	0.122	0	0	0.621	0.653
ARID1A	MSH2	9606.ENSP00000320485	9606.ENSP00000233146	0	0	0	0	0.181	0	0	0.970	0.974
ARID1A	MSH6	9606.ENSP00000320485	9606.ENSP00000234420	0	0	0	0	0.099	0	0	0.709	0.726
ARID1A	FUS	9606.ENSP00000320485	9606.ENSP00000254108	0	0	0	0	0.327	0.292	0	0.428	0.703
ARID1A	H3-3B	9606.ENSP00000320485	9606.ENSP00000254810	0	0	0	0	0.058	0.800	0	0.434	0.884
ARID1A	CDK4	9606.ENSP00000320485	9606.ENSP00000257904	0	0	0	0	0.044	0	0.500	0.448	0.713
ARID1A	KMT2C	9606.ENSP00000320485	9606.ENSP00000262189	0	0	0	0	0.214	0	0	0.784	0.823
ARID1A	CREBBP	9606.ENSP00000320485	9606.ENSP00000262367	0	0	0	0	0.334	0.094	0	0.770	0.849
ARID1A	CCNE1	9606.ENSP00000320485	9606.ENSP00000262643	0	0	0	0	0	0.134	0	0.580	0.620
ARID1A	EP300	9606.ENSP00000320485	9606.ENSP00000263253	0	0	0	0	0.416	0.094	0	0.748	0.855
ARID1A	BRD4	9606.ENSP00000320485	9606.ENSP00000263377	0	0	0	0	0.535	0	0	0.625	0.818
ARID1A	PIK3CA	9606.ENSP00000320485	9606.ENSP00000263967	0	0	0	0	0.067	0	0	0.911	0.913
ARID1A	DNMT3A	9606.ENSP00000320485	9606.ENSP00000264709	0	0	0	0	0.092	0	0.500	0.433	0.720
ARID1A	RB1	9606.ENSP00000320485	9606.ENSP00000267163	0	0	0	0	0.044	0	0.720	0.265	0.786
ARID1A	NCOR1	9606.ENSP00000320485	9606.ENSP00000268712	0	0	0	0	0.240	0	0	0.576	0.664
ARID1A	TP53	9606.ENSP00000320485	9606.ENSP00000269305	0	0	0	0	0.067	0.292	0	0.945	0.961
ARID1A	ERBB2	9606.ENSP00000320485	9606.ENSP00000269571	0	0	0	0	0	0	0	0.667	0.667
ARID1A	ATM	9606.ENSP00000320485	9606.ENSP00000278616	0	0	0	0	0.085	0	0	0.645	0.661
ARID1A	KMT2D	9606.ENSP00000320485	9606.ENSP00000301067	0	0	0	0	0.292	0	0	0.747	0.813
ARID1A	TERT	9606.ENSP00000320485	9606.ENSP00000309572	0	0	0	0	0	0.094	0	0.769	0.781
ARID1A	FAT4	9606.ENSP00000320485	9606.ENSP00000377862	0	0	0	0	0.042	0	0	0.625	0.625
ARID1A	ESR1	9606.ENSP00000320485	9606.ENSP00000405330	0	0	0	0	0	0.317	0	0.478	0.628
ARID1A	H3C13	9606.ENSP00000320485	9606.ENSP00000333277	0	0	0	0	0.054	0	0.400	0.400	0.629
ARID1A	RNF43	9606.ENSP00000320485	9606.ENSP00000463069	0	0	0	0	0	0.079	0	0.623	0.637
ARID1A	TOP2A	9606.ENSP00000320485	9606.ENSP00000411532	0	0	0	0	0.049	0.334	0	0.483	0.644
ARID1A	PARP1	9606.ENSP00000320485	9606.ENSP00000355759	0	0	0	0	0.067	0	0	0.637	0.646
ARID1A	CTCF	9606.ENSP00000320485	9606.ENSP00000494538	0	0	0	0	0.106	0.306	0	0.475	0.646
ARID1A	NF1	9606.ENSP00000320485	9606.ENSP00000351015	0	0	0	0	0.113	0	0	0.622	0.650
ARID1A	ASXL1	9606.ENSP00000320485	9606.ENSP00000364839	0	0	0	0	0.137	0.045	0	0.611	0.651
ARID1A	BRCA2	9606.ENSP00000320485	9606.ENSP00000369497	0	0	0	0	0	0	0	0.663	0.663
ARID1A	POLE	9606.ENSP00000320485	9606.ENSP00000322570	0	0	0	0	0.067	0	0	0.663	0.672
ARID1A	KDM6A	9606.ENSP00000320485	9606.ENSP00000367203	0	0	0	0	0.073	0	0	0.664	0.675
ARID1A	SMAD4	9606.ENSP00000320485	9606.ENSP00000341551	0	0	0	0	0.067	0.045	0	0.666	0.676
ARID1A	CTNNB1	9606.ENSP00000320485	9606.ENSP00000495360	0	0	0	0	0.050	0.057	0	0.676	0.684
ARID1A	TP53BP1	9606.ENSP00000320485	9606.ENSP00000371475	0	0	0	0	0.057	0.330	0	0.543	0.686
ARID1A	SETD2	9606.ENSP00000320485	9606.ENSP00000386759	0	0	0	0	0.222	0	0	0.625	0.695
ARID1A	BRAF	9606.ENSP00000320485	9606.ENSP00000419060	0	0	0	0	0.049	0.056	0	0.695	0.702
ARID1A	CDKN2A	9606.ENSP00000320485	9606.ENSP00000418915	0	0	0	0	0	0	0	0.720	0.720
ARID1A	CHD4	9606.ENSP00000320485	9606.ENSP00000440542	0	0	0	0	0.335	0.314	0	0.447	0.726
ARID1A	SOX2	9606.ENSP00000320485	9606.ENSP00000323588	0	0	0	0	0.045	0.618	0	0.348	0.741
ARID1A	PTEN	9606.ENSP00000320485	9606.ENSP00000361021	0	0	0	0	0.057	0.073	0	0.729	0.743
ARID1A	PGR	9606.ENSP00000320485	9606.ENSP00000325120	0	0	0	0	0	0.317	0	0.652	0.752
ARID1A	ATRX	9606.ENSP00000320485	9606.ENSP00000362441	0	0	0	0	0.095	0.071	0	0.762	0.782
ARID1A	HDAC1	9606.ENSP00000320485	9606.ENSP00000362649	0	0	0	0	0.245	0.301	0	0.640	0.793
ARID1A	BRCA1	9606.ENSP00000320485	9606.ENSP00000418960	0	0	0	0	0.049	0.439	0	0.657	0.801
ARID1A	ARID2	9606.ENSP00000320485	9606.ENSP00000335044	0	0	0	0.546	0.168	0.324	0.720	0.989	0.998
ARID1A	ARID1B	9606.ENSP00000320485	9606.ENSP00000490491	0	0	0	0.927	0.437	0.846	0.900	0.983	0.999
ARID1A	SMARCA4	9606.ENSP00000320485	9606.ENSP00000343896	0	0	0	0	0.250	0.998	0.900	0.996	0.999
ARID1A	SMARCB1	9606.ENSP00000320485	9606.ENSP00000340883	0	0	0	0	0.076	0.991	0.900	0.996	0.999
ARID1A	SMARCA2	9606.ENSP00000320485	9606.ENSP00000371638	0	0	0	0	0.105	0.948	0.900	0.995	0.999
ARID1A	PBRM1	9606.ENSP00000320485	9606.ENSP00000386593	0	0	0	0	0.183	0.556	0.720	0.997	0.999
ARID1B	CDK4	9606.ENSP00000490491	9606.ENSP00000257904	0	0	0	0	0.042	0	0.500	0.290	0.630
ARID1B	KMT2C	9606.ENSP00000490491	9606.ENSP00000262189	0	0	0	0	0.335	0	0	0.650	0.757
ARID1B	EP300	9606.ENSP00000490491	9606.ENSP00000263253	0	0	0	0	0.321	0.094	0	0.403	0.600
ARID1B	DNMT3A	9606.ENSP00000490491	9606.ENSP00000264709	0	0	0	0	0.099	0	0.500	0.348	0.680
ARID1B	RB1	9606.ENSP00000490491	9606.ENSP00000267163	0	0	0	0	0.049	0	0.720	0.079	0.733
ARID1B	KMT2D	9606.ENSP00000490491	9606.ENSP00000301067	0	0	0	0	0.161	0	0	0.545	0.602
ARID1B	ARID2	9606.ENSP00000490491	9606.ENSP00000335044	0	0	0	0.547	0.267	0.324	0.720	0.984	0.997
ARID1B	SMARCB1	9606.ENSP00000490491	9606.ENSP00000340883	0	0	0	0	0.049	0.921	0.900	0.995	0.999
ARID1B	SMARCA4	9606.ENSP00000490491	9606.ENSP00000343896	0	0	0	0	0.105	0.944	0.900	0.996	0.999
ARID1B	ATRX	9606.ENSP00000490491	9606.ENSP00000362441	0	0	0	0	0.263	0.071	0	0.666	0.751
ARID1B	SMARCA2	9606.ENSP00000490491	9606.ENSP00000371638	0	0	0	0	0.100	0.899	0.900	0.980	0.999
ARID1B	PBRM1	9606.ENSP00000490491	9606.ENSP00000386593	0	0	0	0	0.253	0.359	0.720	0.993	0.998
ARID1B	ELOC	9606.ENSP00000490491	9606.ENSP00000478121	0	0	0	0	0.044	0.292	0	0.621	0.721
ARID2	CDK4	9606.ENSP00000335044	9606.ENSP00000257904	0	0	0	0	0.062	0	0.500	0.368	0.678
ARID2	KMT2C	9606.ENSP00000335044	9606.ENSP00000262189	0	0	0	0	0.168	0	0	0.621	0.671
ARID2	DNMT3A	9606.ENSP00000335044	9606.ENSP00000264709	0	0	0	0	0.049	0	0.500	0.368	0.673
ARID2	RB1	9606.ENSP00000335044	9606.ENSP00000267163	0	0	0	0	0.093	0	0.720	0.142	0.763
ARID2	TP53	9606.ENSP00000335044	9606.ENSP00000269305	0	0	0	0	0.049	0	0	0.605	0.608
ARID2	KMT2D	9606.ENSP00000335044	9606.ENSP00000301067	0	0	0	0	0.093	0	0	0.585	0.608
ARID2	SETD2	9606.ENSP00000335044	9606.ENSP00000386759	0	0	0	0	0.210	0	0	0.524	0.608
ARID2	NF1	9606.ENSP00000335044	9606.ENSP00000351015	0	0	0	0	0.203	0	0	0.583	0.654
ARID2	ATRX	9606.ENSP00000335044	9606.ENSP00000362441	0	0	0	0	0.325	0	0	0.602	0.720
ARID2	H3C8	9606.ENSP00000335044	9606.ENSP00000484638	0	0	0	0	0	0.800	0	0	0.800
ARID2	H3C1	9606.ENSP00000335044	9606.ENSP00000480826	0	0	0	0	0	0.840	0	0	0.840
ARID2	SMARCA2	9606.ENSP00000335044	9606.ENSP00000371638	0	0	0	0	0.133	0.711	0.720	0.925	0.994
ARID2	PBRM1	9606.ENSP00000335044	9606.ENSP00000386593	0	0	0	0	0.643	0.985	0.800	0.999	0.999
ARID2	SMARCB1	9606.ENSP00000335044	9606.ENSP00000340883	0	0	0	0	0.058	0.982	0.720	0.995	0.999
ARID2	SMARCA4	9606.ENSP00000335044	9606.ENSP00000343896	0	0	0	0	0.156	0.986	0.720	0.996	0.999
ARID4B	H3-3B	9606.ENSP00000264183	9606.ENSP00000254810	0	0	0	0	0.058	0.476	0.500	0.240	0.787
ARID4B	H3C1	9606.ENSP00000264183	9606.ENSP00000480826	0	0	0	0	0.058	0.582	0	0.133	0.629
ARID4B	SETD2	9606.ENSP00000264183	9606.ENSP00000386759	0	0	0	0	0.246	0.247	0	0.404	0.632
ARID4B	TRRAP	9606.ENSP00000264183	9606.ENSP00000352925	0	0	0	0	0.193	0.472	0	0.221	0.639
ARID4B	CHD4	9606.ENSP00000264183	9606.ENSP00000440542	0	0	0	0	0.055	0.141	0.500	0.249	0.654
ARID4B	SMARCB1	9606.ENSP00000264183	9606.ENSP00000340883	0	0	0	0	0.086	0.413	0	0.532	0.727
ARID4B	PBRM1	9606.ENSP00000264183	9606.ENSP00000386593	0	0	0	0	0.219	0.516	0	0.347	0.732
ARID4B	TET1	9606.ENSP00000264183	9606.ENSP00000362748	0	0	0	0	0.106	0.181	0.540	0.387	0.765
ARID4B	H3C13	9606.ENSP00000264183	9606.ENSP00000333277	0	0	0	0	0.058	0.476	0.500	0.228	0.784
ARID4B	RB1	9606.ENSP00000264183	9606.ENSP00000267163	0	0	0	0	0.055	0.827	0	0.051	0.831
ARID4B	KDM5A	9606.ENSP00000264183	9606.ENSP00000382688	0	0	0	0	0.515	0.094	0	0.735	0.873
ARID4B	ING1	9606.ENSP00000264183	9606.ENSP00000364929	0	0	0	0	0.074	0.588	0.540	0.876	0.975
ARID4B	HDAC1	9606.ENSP00000264183	9606.ENSP00000362649	0	0	0	0	0.042	0.789	0.540	0.912	0.990
ARID5A	KDM5C	9606.ENSP00000350078	9606.ENSP00000364550	0	0	0	0	0.058	0	0	0.691	0.696
ARNT	VHL	9606.ENSP00000351407	9606.ENSP00000256474	0	0	0	0	0.109	0.225	0	0.901	0.925
ARNT	CREBBP	9606.ENSP00000351407	9606.ENSP00000262367	0	0	0	0	0.107	0.095	0.800	0.829	0.968
ARNT	EP300	9606.ENSP00000351407	9606.ENSP00000263253	0	0	0	0	0.147	0.535	0.800	0.992	0.999
ARNT	TRIP11	9606.ENSP00000351407	9606.ENSP00000267622	0	0	0	0	0.055	0.731	0	0.553	0.877
ARNT	TP53	9606.ENSP00000351407	9606.ENSP00000269305	0	0	0	0	0.067	0.192	0	0.540	0.622
ARNT	FH	9606.ENSP00000351407	9606.ENSP00000355518	0	0	0	0	0.049	0	0	0.603	0.606
ARNT	NCOA2	9606.ENSP00000351407	9606.ENSP00000399968	0	0	0	0.552	0.119	0.510	0	0.186	0.618
ARNT	BRCA1	9606.ENSP00000351407	9606.ENSP00000418960	0	0	0	0	0.060	0.292	0	0.512	0.646
ARNT	CTNNB1	9606.ENSP00000351407	9606.ENSP00000495360	0	0	0	0	0.060	0.359	0	0.592	0.732
ARNT	ESR1	9606.ENSP00000351407	9606.ENSP00000405330	0	0	0	0	0	0.582	0	0.703	0.870
ARNT	ELOC	9606.ENSP00000351407	9606.ENSP00000478121	0	0	0	0	0.055	0.227	0	0.855	0.885
ARNT	HIF1A	9606.ENSP00000351407	9606.ENSP00000437955	0	0	0	0.584	0.093	0.999	0.900	0.990	0.999
ASPSCR1	CLTC	9606.ENSP00000306625	9606.ENSP00000479606	0	0	0	0	0.049	0	0	0.820	0.821
ASPSCR1	SFPQ	9606.ENSP00000306625	9606.ENSP00000349748	0	0	0	0	0.049	0	0	0.824	0.825
ASPSCR1	TFE3	9606.ENSP00000306625	9606.ENSP00000314129	0	0	0	0	0.042	0	0	0.985	0.985
ASXL1	STAG2	9606.ENSP00000364839	9606.ENSP00000218089	0	0	0	0	0.049	0	0	0.769	0.771
ASXL1	FLT3	9606.ENSP00000364839	9606.ENSP00000241453	0	0	0	0	0	0	0	0.861	0.861
ASXL1	KMT2C	9606.ENSP00000364839	9606.ENSP00000262189	0	0	0	0	0.092	0.310	0	0.451	0.626
ASXL1	BRD4	9606.ENSP00000364839	9606.ENSP00000263377	0	0	0	0	0.056	0.501	0	0.324	0.654
ASXL1	DNMT3A	9606.ENSP00000364839	9606.ENSP00000264709	0	0	0	0	0.042	0.091	0	0.936	0.939
ASXL1	TP53	9606.ENSP00000364839	9606.ENSP00000269305	0	0	0	0	0	0.045	0	0.720	0.721
ASXL1	KIT	9606.ENSP00000364839	9606.ENSP00000288135	0	0	0	0	0	0	0	0.669	0.669
ASXL1	NPM1	9606.ENSP00000364839	9606.ENSP00000296930	0	0	0	0	0.090	0.292	0	0.852	0.897
ASXL1	RAD21	9606.ENSP00000364839	9606.ENSP00000297338	0	0	0	0	0.067	0.119	0	0.587	0.630
ASXL1	SUZ12	9606.ENSP00000364839	9606.ENSP00000316578	0	0	0	0	0.049	0.292	0.900	0.936	0.995
ASXL1	CALR	9606.ENSP00000364839	9606.ENSP00000320866	0	0	0	0	0.049	0	0	0.727	0.729
ASXL1	SMC1A	9606.ENSP00000364839	9606.ENSP00000323421	0	0	0	0	0.074	0.075	0	0.585	0.613
ASXL1	PHF6	9606.ENSP00000364839	9606.ENSP00000329097	0	0	0	0	0.049	0.071	0	0.745	0.755
ASXL1	IKZF1	9606.ENSP00000364839	9606.ENSP00000331614	0	0	0	0	0	0.095	0	0.583	0.606
ASXL1	EED	9606.ENSP00000364839	9606.ENSP00000338186	0	0	0	0	0.049	0.292	0.900	0.210	0.939
ASXL1	MBD6	9606.ENSP00000364839	9606.ENSP00000347896	0	0	0	0	0.075	0.216	0.500	0.243	0.689
ASXL1	NF1	9606.ENSP00000364839	9606.ENSP00000351015	0	0	0	0	0.074	0.047	0	0.590	0.607
ASXL1	SMC3	9606.ENSP00000364839	9606.ENSP00000354720	0	0	0	0	0.049	0.091	0	0.574	0.600
ASXL1	KMT2A	9606.ENSP00000364839	9606.ENSP00000436786	0	0	0	0	0.143	0.071	0	0.594	0.649
ASXL1	PTPN11	9606.ENSP00000364839	9606.ENSP00000489597	0	0	0	0	0.074	0.106	0	0.669	0.702
ASXL1	WT1	9606.ENSP00000364839	9606.ENSP00000368370	0	0	0	0	0	0.095	0	0.699	0.715
ASXL1	CEBPA	9606.ENSP00000364839	9606.ENSP00000427514	0	0	0	0	0	0.045	0	0.720	0.721
ASXL1	BCORL1	9606.ENSP00000364839	9606.ENSP00000437775	0	0	0	0	0.084	0.098	0	0.716	0.745
ASXL1	KDM6A	9606.ENSP00000364839	9606.ENSP00000367203	0	0	0	0	0.060	0.380	0	0.729	0.828
ASXL1	ETV6	9606.ENSP00000364839	9606.ENSP00000379658	0	0	0	0	0.042	0.047	0	0.832	0.833
ASXL1	SETBP1	9606.ENSP00000364839	9606.ENSP00000497406	0	0	0	0	0.042	0.071	0	0.876	0.880
ASXL1	SRSF2	9606.ENSP00000364839	9606.ENSP00000376276	0	0	0	0	0.056	0	0	0.888	0.889
ASXL1	EZH1	9606.ENSP00000364839	9606.ENSP00000404658	0	0	0	0	0.103	0.071	0.900	0.203	0.924
ASXL1	TET2	9606.ENSP00000364839	9606.ENSP00000442788	0	0	0	0	0.049	0	0	0.975	0.975
ASXL1	BAP1	9606.ENSP00000364839	9606.ENSP00000417132	0	0	0	0	0.083	0.922	0.900	0.990	0.999
ATIC	DPYD	9606.ENSP00000236959	9606.ENSP00000359211	0.119	0	0	0	0.185	0	0	0.488	0.600
ATIC	FH	9606.ENSP00000236959	9606.ENSP00000355518	0	0	0	0	0.201	0.238	0.172	0.338	0.622
ATIC	DCTN1	9606.ENSP00000236959	9606.ENSP00000354791	0	0	0	0	0.065	0	0.500	0.269	0.628
ATIC	PRKAR1A	9606.ENSP00000236959	9606.ENSP00000376475	0.041	0	0	0	0.042	0	0.500	0.345	0.658
ATIC	PPFIBP1	9606.ENSP00000236959	9606.ENSP00000314724	0	0	0	0	0.042	0	0.500	0.433	0.704
ATIC	MTHFR	9606.ENSP00000236959	9606.ENSP00000365770	0.228	0	0	0	0	0	0	0.735	0.787
ATIC	RANBP2	9606.ENSP00000236959	9606.ENSP00000283195	0	0	0	0	0.148	0	0.500	0.553	0.793
ATIC	SEC31A	9606.ENSP00000236959	9606.ENSP00000378721	0	0	0	0	0.068	0	0.500	0.610	0.802
ATIC	EML4	9606.ENSP00000236959	9606.ENSP00000320663	0	0	0	0	0.049	0	0.606	0.525	0.807
ATIC	CLTC	9606.ENSP00000236959	9606.ENSP00000479606	0	0.323	0	0	0.058	0	0.500	0.624	0.864
ATIC	NPM1	9606.ENSP00000236959	9606.ENSP00000296930	0	0	0	0	0.261	0	0.500	0.701	0.879
ATIC	GMPS	9606.ENSP00000236959	9606.ENSP00000419851	0.231	0	0	0	0.486	0	0	0.817	0.921
ATIC	CANT1	9606.ENSP00000236959	9606.ENSP00000307674	0	0	0	0	0.049	0	0.900	0.444	0.942
ATM	ERCC1	9606.ENSP00000278616	9606.ENSP00000013807	0	0	0	0	0	0	0.900	0.769	0.975
ATM	TSC2	9606.ENSP00000278616	9606.ENSP00000219476	0	0	0	0	0.049	0	0	0.732	0.735
ATM	EIF3E	9606.ENSP00000278616	9606.ENSP00000220849	0	0	0	0	0.056	0.292	0	0.680	0.768
ATM	RPS6KB1	9606.ENSP00000278616	9606.ENSP00000225577	0	0	0	0	0.094	0	0	0.709	0.725
ATM	FANCE	9606.ENSP00000278616	9606.ENSP00000229769	0	0	0	0	0	0	0	0.651	0.651
ATM	MLH1	9606.ENSP00000278616	9606.ENSP00000231790	0	0	0	0	0.055	0.287	0.540	0.991	0.997
ATM	MSH2	9606.ENSP00000278616	9606.ENSP00000233146	0	0	0	0	0.066	0.324	0.900	0.994	0.999
ATM	MSH6	9606.ENSP00000278616	9606.ENSP00000234420	0	0	0	0	0.073	0.324	0.900	0.993	0.999
ATM	IRF1	9606.ENSP00000278616	9606.ENSP00000245414	0	0	0	0	0.093	0	0	0.638	0.658
ATM	PARP2	9606.ENSP00000278616	9606.ENSP00000250416	0	0	0	0	0	0	0	0.616	0.616
ATM	FUS	9606.ENSP00000278616	9606.ENSP00000254108	0	0	0	0	0.099	0	0	0.586	0.611
ATM	H3-3B	9606.ENSP00000278616	9606.ENSP00000254810	0	0	0	0	0.042	0.066	0	0.761	0.767
ATM	VHL	9606.ENSP00000278616	9606.ENSP00000256474	0	0	0	0	0.060	0.421	0	0.496	0.701
ATM	CDK4	9606.ENSP00000278616	9606.ENSP00000257904	0	0	0	0	0	0.054	0.800	0.696	0.937
ATM	BRIP1	9606.ENSP00000278616	9606.ENSP00000259008	0	0	0	0	0.042	0	0.800	0.678	0.933
ATM	PALB2	9606.ENSP00000278616	9606.ENSP00000261584	0	0	0	0	0	0	0.540	0.886	0.945
ATM	EP300	9606.ENSP00000278616	9606.ENSP00000263253	0	0	0	0	0.074	0	0	0.900	0.904
ATM	MSH3	9606.ENSP00000278616	9606.ENSP00000265081	0	0	0	0	0.090	0.091	0.720	0.765	0.938
ATM	NBN	9606.ENSP00000278616	9606.ENSP00000265433	0	0	0	0	0.049	0.989	0.900	0.935	0.999
ATM	CDK6	9606.ENSP00000278616	9606.ENSP00000265734	0	0	0	0	0.047	0.054	0	0.612	0.619
ATM	FANCM	9606.ENSP00000278616	9606.ENSP00000267430	0	0	0	0	0.044	0	0	0.744	0.745
ATM	TP53	9606.ENSP00000278616	9606.ENSP00000269305	0	0	0	0	0.103	0.928	0.900	0.975	0.999
ATM	ERBB2	9606.ENSP00000278616	9606.ENSP00000269571	0	0	0	0	0	0	0	0.748	0.748
ATM	EGFR	9606.ENSP00000278616	9606.ENSP00000275493	0	0	0	0	0.042	0	0	0.681	0.681
ATM	ESR1	9606.ENSP00000278616	9606.ENSP00000405330	0	0	0	0	0.055	0	0	0.595	0.601
ATM	CHD4	9606.ENSP00000278616	9606.ENSP00000440542	0	0	0	0	0.054	0.300	0	0.452	0.606
ATM	PIK3R1	9606.ENSP00000278616	9606.ENSP00000428056	0	0	0	0	0.062	0	0	0.601	0.609
ATM	CTC1	9606.ENSP00000278616	9606.ENSP00000498499	0	0	0	0	0.060	0	0	0.604	0.611
ATM	IGF1	9606.ENSP00000278616	9606.ENSP00000376637	0	0	0	0	0.042	0	0	0.617	0.617
ATM	BAP1	9606.ENSP00000278616	9606.ENSP00000417132	0	0	0	0	0	0	0.500	0.269	0.618
ATM	FANCL	9606.ENSP00000278616	9606.ENSP00000385021	0	0	0	0	0.043	0	0	0.618	0.619
ATM	CTNNB1	9606.ENSP00000278616	9606.ENSP00000495360	0	0	0	0	0.084	0	0	0.602	0.620
ATM	DROSHA	9606.ENSP00000278616	9606.ENSP00000425979	0	0	0	0	0.058	0	0	0.615	0.622
ATM	TGFBR2	9606.ENSP00000278616	9606.ENSP00000351905	0	0	0	0	0.074	0.095	0	0.595	0.631
ATM	BTK	9606.ENSP00000278616	9606.ENSP00000483570	0	0	0	0	0.105	0	0	0.606	0.632
ATM	SETD2	9606.ENSP00000278616	9606.ENSP00000386759	0	0	0	0	0.138	0.272	0	0.477	0.643
ATM	SMARCB1	9606.ENSP00000278616	9606.ENSP00000340883	0	0	0	0	0.042	0.292	0	0.516	0.643
ATM	KMT2A	9606.ENSP00000278616	9606.ENSP00000436786	0	0	0	0	0.132	0.083	0	0.589	0.644
ATM	NPM1	9606.ENSP00000278616	9606.ENSP00000296930	0	0	0	0	0.043	0.292	0	0.527	0.651
ATM	SMAD4	9606.ENSP00000278616	9606.ENSP00000341551	0	0	0	0	0.078	0	0	0.640	0.654
ATM	MUTYH	9606.ENSP00000278616	9606.ENSP00000500891	0	0	0	0	0.042	0	0	0.662	0.662
ATM	MEN1	9606.ENSP00000278616	9606.ENSP00000337088	0	0	0	0	0.064	0	0	0.658	0.667
ATM	HIF1A	9606.ENSP00000278616	9606.ENSP00000437955	0	0	0	0	0.049	0.292	0	0.574	0.688
ATM	EP400	9606.ENSP00000278616	9606.ENSP00000374212	0	0	0	0	0.068	0.300	0	0.560	0.689
ATM	DNMT1	9606.ENSP00000278616	9606.ENSP00000352516	0	0	0	0	0.064	0.095	0	0.671	0.696
ATM	SMG1	9606.ENSP00000278616	9606.ENSP00000402515	0	0	0	0.549	0.224	0	0	0.635	0.705
ATM	FGFR2	9606.ENSP00000278616	9606.ENSP00000410294	0	0	0	0	0.052	0	0	0.702	0.705
ATM	BCL2	9606.ENSP00000278616	9606.ENSP00000381185	0	0	0	0	0.110	0	0	0.690	0.712
ATM	KDM6A	9606.ENSP00000278616	9606.ENSP00000367203	0	0	0	0	0.081	0.241	0	0.620	0.712
ATM	RTEL1	9606.ENSP00000278616	9606.ENSP00000353332	0	0	0	0	0	0	0.400	0.547	0.716
ATM	NOTCH1	9606.ENSP00000278616	9606.ENSP00000498587	0	0	0	0	0.042	0.314	0	0.612	0.723
ATM	NF1	9606.ENSP00000278616	9606.ENSP00000351015	0	0	0	0	0.158	0	0	0.694	0.732
ATM	FANCA	9606.ENSP00000278616	9606.ENSP00000373952	0	0	0	0	0	0	0	0.737	0.737
ATM	FOXO1	9606.ENSP00000278616	9606.ENSP00000368880	0	0	0	0	0.070	0.226	0	0.682	0.751
ATM	H3C13	9606.ENSP00000278616	9606.ENSP00000333277	0	0	0	0	0.042	0.066	0	0.747	0.754
ATM	RAD54L	9606.ENSP00000278616	9606.ENSP00000361043	0	0	0	0	0.074	0.053	0	0.744	0.756
ATM	MLH3	9606.ENSP00000278616	9606.ENSP00000348020	0	0	0	0	0.086	0	0.540	0.499	0.771
ATM	TRRAP	9606.ENSP00000278616	9606.ENSP00000352925	0	0	0	0.546	0.127	0	0	0.749	0.772
ATM	BRAF	9606.ENSP00000278616	9606.ENSP00000419060	0	0	0	0	0	0	0	0.778	0.778
ATM	SMARCA4	9606.ENSP00000278616	9606.ENSP00000343896	0	0	0	0	0.042	0.292	0	0.709	0.786
ATM	POLE	9606.ENSP00000278616	9606.ENSP00000322570	0	0	0	0	0.093	0	0.400	0.653	0.794
ATM	MAP3K7	9606.ENSP00000278616	9606.ENSP00000358335	0	0	0	0	0.117	0.510	0	0.568	0.797
ATM	SLX4	9606.ENSP00000278616	9606.ENSP00000294008	0	0	0	0	0	0	0.500	0.619	0.801
ATM	FANCG	9606.ENSP00000278616	9606.ENSP00000367910	0	0	0	0	0	0	0	0.806	0.806
ATM	SMC3	9606.ENSP00000278616	9606.ENSP00000354720	0	0	0	0	0.069	0.331	0	0.714	0.806
ATM	TERT	9606.ENSP00000278616	9606.ENSP00000309572	0	0	0	0	0	0.410	0	0.717	0.825
ATM	CDKN2A	9606.ENSP00000278616	9606.ENSP00000418915	0	0	0	0	0.042	0.053	0	0.845	0.847
ATM	RECQL4	9606.ENSP00000278616	9606.ENSP00000482313	0	0	0	0	0.106	0.300	0	0.792	0.858
ATM	ERCC3	9606.ENSP00000278616	9606.ENSP00000285398	0	0	0	0	0.106	0	0.540	0.694	0.863
ATM	PMS1	9606.ENSP00000278616	9606.ENSP00000406490	0	0	0	0	0.111	0	0.540	0.692	0.863
ATM	PARP1	9606.ENSP00000278616	9606.ENSP00000355759	0	0	0	0	0.056	0.292	0	0.828	0.875
ATM	SMC1A	9606.ENSP00000278616	9606.ENSP00000323421	0	0	0	0	0.069	0.537	0	0.765	0.890
ATM	STK11	9606.ENSP00000278616	9606.ENSP00000324856	0	0	0	0	0.074	0.292	0	0.846	0.890
ATM	ATRX	9606.ENSP00000278616	9606.ENSP00000362441	0	0	0	0	0.251	0.053	0	0.866	0.897
ATM	PTEN	9606.ENSP00000278616	9606.ENSP00000361021	0	0	0	0	0.087	0	0	0.892	0.897
ATM	ERCC2	9606.ENSP00000278616	9606.ENSP00000375809	0	0	0	0	0.049	0	0.500	0.834	0.914
ATM	RAD51C	9606.ENSP00000278616	9606.ENSP00000336701	0	0	0	0	0	0.134	0.500	0.832	0.921
ATM	RAD52	9606.ENSP00000278616	9606.ENSP00000351284	0	0	0	0	0.053	0.463	0.500	0.791	0.940
ATM	FANCI	9606.ENSP00000278616	9606.ENSP00000310842	0	0	0	0	0.042	0.300	0.540	0.847	0.946
ATM	HDAC1	9606.ENSP00000278616	9606.ENSP00000362649	0	0	0	0	0.076	0.331	0	0.923	0.948
ATM	WRN	9606.ENSP00000278616	9606.ENSP00000298139	0	0	0	0	0.144	0.271	0.500	0.873	0.955
ATM	POLD1	9606.ENSP00000278616	9606.ENSP00000472445	0	0	0	0	0.057	0	0.900	0.613	0.960
ATM	XPC	9606.ENSP00000278616	9606.ENSP00000285021	0	0	0	0	0.067	0.469	0.900	0.341	0.962
ATM	ERCC4	9606.ENSP00000278616	9606.ENSP00000310520	0	0	0	0	0.060	0	0.900	0.664	0.965
ATM	ERCC5	9606.ENSP00000278616	9606.ENSP00000498881	0	0	0	0	0.098	0.176	0.900	0.706	0.975
ATM	ATMIN	9606.ENSP00000278616	9606.ENSP00000299575	0	0	0	0	0.042	0.510	0	0.961	0.980
ATM	FANCD2	9606.ENSP00000278616	9606.ENSP00000287647	0	0	0	0	0.044	0.321	0.540	0.967	0.989
ATM	RAD50	9606.ENSP00000278616	9606.ENSP00000368100	0	0	0	0	0.105	0.730	0.900	0.635	0.990
ATM	BLM	9606.ENSP00000278616	9606.ENSP00000347232	0	0	0	0	0.108	0.726	0.800	0.846	0.991
ATM	BRCA2	9606.ENSP00000278616	9606.ENSP00000369497	0	0	0	0	0.048	0.313	0.800	0.971	0.995
ATM	RAD51	9606.ENSP00000278616	9606.ENSP00000493712	0	0	0	0	0	0.485	0.800	0.958	0.995
ATM	BRCA1	9606.ENSP00000278616	9606.ENSP00000418960	0	0	0	0	0.042	0.847	0.900	0.999	0.999
ATM	CHEK2	9606.ENSP00000278616	9606.ENSP00000372023	0	0	0	0	0.044	0.836	0.500	0.999	0.999
ATM	MRE11	9606.ENSP00000278616	9606.ENSP00000325863	0	0	0	0	0.236	0.907	0.900	0.941	0.999
ATM	ATR	9606.ENSP00000278616	9606.ENSP00000343741	0	0	0	0.564	0.213	0.974	0.900	0.745	0.999
ATM	TP53BP1	9606.ENSP00000278616	9606.ENSP00000371475	0	0	0	0	0.042	0.874	0.500	0.995	0.999
ATMIN	CHEK2	9606.ENSP00000299575	9606.ENSP00000372023	0	0	0	0	0	0.071	0	0.842	0.846
ATP1A1	CACNA1D	9606.ENSP00000445306	9606.ENSP00000288139	0	0	0	0	0	0.094	0	0.740	0.754
ATP1A1	PRKACA	9606.ENSP00000445306	9606.ENSP00000309591	0	0	0	0	0.076	0.046	0.650	0.262	0.742
ATP1A1	NDRG1	9606.ENSP00000445306	9606.ENSP00000404854	0	0	0	0	0.085	0.628	0	0.188	0.700
ATP2B3	CACNA1D	9606.ENSP00000263519	9606.ENSP00000288139	0	0	0	0	0.103	0.091	0	0.807	0.829
ATP2B3	PRKACA	9606.ENSP00000263519	9606.ENSP00000309591	0	0	0	0	0.118	0.046	0.900	0.293	0.932
ATP6AP1	EGFR	9606.ENSP00000358777	9606.ENSP00000275493	0	0	0	0	0.042	0.103	0.650	0.087	0.688
ATP6AP1	ATP6V1B2	9606.ENSP00000358777	9606.ENSP00000276390	0	0	0	0	0.706	0.928	0.540	0.618	0.995
ATP6AP1	RHOA	9606.ENSP00000358777	9606.ENSP00000400175	0	0	0	0	0.089	0.165	0.500	0.079	0.603
ATP6AP1	PRKCB	9606.ENSP00000358777	9606.ENSP00000496129	0	0	0	0	0.042	0	0.900	0.069	0.903
ATP6V1B2	EGFR	9606.ENSP00000276390	9606.ENSP00000275493	0	0	0	0	0.047	0.103	0.650	0.060	0.681
ATR	ERCC1	9606.ENSP00000343741	9606.ENSP00000013807	0	0	0	0	0	0.088	0.400	0.561	0.739
ATR	FANCE	9606.ENSP00000343741	9606.ENSP00000229769	0	0	0	0	0.049	0	0.500	0.247	0.610
ATR	MSH2	9606.ENSP00000343741	9606.ENSP00000233146	0	0	0	0	0.292	0.775	0	0.481	0.910
ATR	MSH6	9606.ENSP00000343741	9606.ENSP00000234420	0	0	0	0	0.163	0.622	0	0.489	0.824
ATR	CDK4	9606.ENSP00000343741	9606.ENSP00000257904	0	0	0	0	0.042	0.430	0	0.443	0.669
ATR	BRIP1	9606.ENSP00000343741	9606.ENSP00000259008	0	0	0	0	0.104	0.071	0.500	0.524	0.775
ATR	MSH3	9606.ENSP00000343741	9606.ENSP00000265081	0	0	0	0	0.294	0.400	0	0.411	0.729
ATR	NBN	9606.ENSP00000343741	9606.ENSP00000265433	0	0	0	0	0.095	0.724	0.500	0.749	0.964
ATR	CDK6	9606.ENSP00000343741	9606.ENSP00000265734	0	0	0	0	0.049	0.430	0	0.344	0.613
ATR	FANCM	9606.ENSP00000343741	9606.ENSP00000267430	0	0	0	0	0.138	0.454	0.900	0.605	0.978
ATR	TP53	9606.ENSP00000343741	9606.ENSP00000269305	0	0	0	0	0	0.838	0.900	0.781	0.996
ATR	ETAA1	9606.ENSP00000343741	9606.ENSP00000272342	0	0	0	0	0.092	0.510	0	0.479	0.747
ATR	XPC	9606.ENSP00000343741	9606.ENSP00000285021	0	0	0	0	0.108	0.469	0	0.533	0.759
ATR	ERCC3	9606.ENSP00000343741	9606.ENSP00000285398	0	0	0	0	0.088	0	0.500	0.351	0.678
ATR	FANCD2	9606.ENSP00000343741	9606.ENSP00000287647	0	0	0	0	0.102	0.621	0.500	0.639	0.930
ATR	RAD21	9606.ENSP00000343741	9606.ENSP00000297338	0	0	0	0	0.065	0.097	0.500	0.376	0.701
ATR	WRN	9606.ENSP00000343741	9606.ENSP00000298139	0	0	0	0	0.227	0.796	0.500	0.623	0.966
ATR	TERT	9606.ENSP00000343741	9606.ENSP00000309572	0	0	0	0	0	0.202	0	0.558	0.632
ATR	ERCC4	9606.ENSP00000343741	9606.ENSP00000310520	0	0	0	0	0.101	0.157	0.400	0.505	0.745
ATR	FANCI	9606.ENSP00000343741	9606.ENSP00000310842	0	0	0	0	0.056	0.292	0.900	0.475	0.960
ATR	POLE	9606.ENSP00000343741	9606.ENSP00000322570	0	0	0	0	0.153	0.287	0	0.423	0.621
ATR	SMC1A	9606.ENSP00000343741	9606.ENSP00000323421	0	0	0	0	0.077	0.357	0.500	0.249	0.747
ATR	PPP2R2A	9606.ENSP00000343741	9606.ENSP00000325074	0	0	0	0	0.081	0.840	0	0.100	0.856
ATR	MRE11	9606.ENSP00000343741	9606.ENSP00000325863	0	0	0	0	0.131	0.830	0.500	0.626	0.968
ATR	RAD51C	9606.ENSP00000343741	9606.ENSP00000336701	0	0	0	0	0.062	0.314	0.500	0.562	0.840
ATR	ERCC6	9606.ENSP00000343741	9606.ENSP00000348089	0	0	0	0	0.264	0.100	0	0.481	0.626
ATR	PARP1	9606.ENSP00000343741	9606.ENSP00000355759	0	0	0	0	0.074	0	0	0.614	0.628
ATR	FANCL	9606.ENSP00000343741	9606.ENSP00000385021	0	0	0	0	0.081	0	0.500	0.262	0.631
ATR	ATRX	9606.ENSP00000343741	9606.ENSP00000362441	0	0	0	0	0.155	0.100	0	0.556	0.633
ATR	STAG1	9606.ENSP00000343741	9606.ENSP00000372689	0	0	0	0	0.123	0	0.500	0.282	0.658
ATR	CHD4	9606.ENSP00000343741	9606.ENSP00000440542	0	0	0	0	0.074	0.335	0	0.545	0.695
ATR	REV3L	9606.ENSP00000343741	9606.ENSP00000351697	0	0	0	0	0.135	0.221	0	0.594	0.702
ATR	SMC3	9606.ENSP00000343741	9606.ENSP00000354720	0	0	0	0	0.103	0.130	0.500	0.394	0.731
ATR	ERCC2	9606.ENSP00000343741	9606.ENSP00000375809	0	0	0	0	0.093	0.071	0.500	0.521	0.771
ATR	BRCA2	9606.ENSP00000343741	9606.ENSP00000369497	0	0	0	0	0.105	0	0.500	0.654	0.831
ATR	RECQL4	9606.ENSP00000343741	9606.ENSP00000482313	0	0	0	0	0.113	0.765	0	0.532	0.894
ATR	RAD50	9606.ENSP00000343741	9606.ENSP00000368100	0	0	0	0	0.171	0.508	0.500	0.590	0.905
ATR	FANCG	9606.ENSP00000343741	9606.ENSP00000367910	0	0	0	0	0.049	0	0.900	0.220	0.919
ATR	RAD51	9606.ENSP00000343741	9606.ENSP00000493712	0	0	0	0	0.056	0.473	0.500	0.796	0.942
ATR	FANCA	9606.ENSP00000343741	9606.ENSP00000373952	0	0	0	0	0.068	0.292	0.900	0.376	0.953
ATR	RAD52	9606.ENSP00000343741	9606.ENSP00000351284	0	0	0	0	0.056	0.585	0.500	0.800	0.955
ATR	BLM	9606.ENSP00000343741	9606.ENSP00000347232	0	0	0	0	0.141	0.826	0.500	0.558	0.962
ATR	TP53BP1	9606.ENSP00000343741	9606.ENSP00000371475	0	0	0	0	0.055	0.884	0	0.792	0.975
ATR	BRCA1	9606.ENSP00000343741	9606.ENSP00000418960	0	0	0	0	0.106	0.838	0.900	0.812	0.996
ATR	CHEK2	9606.ENSP00000343741	9606.ENSP00000372023	0	0	0	0	0.049	0.970	0	0.955	0.998
ATRX	STAG2	9606.ENSP00000362441	9606.ENSP00000218089	0	0	0	0	0.517	0.062	0	0.451	0.730
ATRX	H3-3B	9606.ENSP00000362441	9606.ENSP00000254810	0	0	0	0	0.054	0.984	0.500	0.981	0.999
ATRX	PALB2	9606.ENSP00000362441	9606.ENSP00000261584	0	0	0	0	0.044	0	0	0.620	0.621
ATRX	KMT2C	9606.ENSP00000362441	9606.ENSP00000262189	0	0	0	0	0.226	0.081	0	0.667	0.743
ATRX	CREBBP	9606.ENSP00000362441	9606.ENSP00000262367	0	0	0	0	0.264	0.250	0	0.381	0.629
ATRX	BRD4	9606.ENSP00000362441	9606.ENSP00000263377	0	0	0	0	0.062	0.753	0	0.315	0.827
ATRX	PIK3CA	9606.ENSP00000362441	9606.ENSP00000263967	0	0	0	0	0.176	0	0	0.582	0.641
ATRX	DNMT3A	9606.ENSP00000362441	9606.ENSP00000264709	0	0	0	0	0.072	0.091	0	0.725	0.747
ATRX	NBN	9606.ENSP00000362441	9606.ENSP00000265433	0	0	0	0	0.074	0.719	0	0.280	0.796
ATRX	FANCM	9606.ENSP00000362441	9606.ENSP00000267430	0	0	0	0	0.056	0.333	0	0.634	0.749
ATRX	PML	9606.ENSP00000362441	9606.ENSP00000268058	0	0	0	0	0.042	0.430	0	0.633	0.782
ATRX	TP53	9606.ENSP00000362441	9606.ENSP00000269305	0	0	0	0	0	0.510	0	0.962	0.981
ATRX	SETDB1	9606.ENSP00000362441	9606.ENSP00000271640	0	0	0	0	0.112	0.344	0	0.662	0.786
ATRX	EGFR	9606.ENSP00000362441	9606.ENSP00000275493	0	0	0	0	0.047	0.049	0	0.600	0.605
ATRX	MYCN	9606.ENSP00000362441	9606.ENSP00000281043	0	0	0	0	0	0.051	0	0.609	0.613
ATRX	FANCD2	9606.ENSP00000362441	9606.ENSP00000287647	0	0	0	0	0.076	0.469	0	0.553	0.761
ATRX	WRN	9606.ENSP00000362441	9606.ENSP00000298139	0.048	0	0	0	0.057	0.399	0	0.752	0.848
ATRX	TERT	9606.ENSP00000362441	9606.ENSP00000309572	0	0	0	0	0	0.067	0	0.789	0.794
ATRX	FANCI	9606.ENSP00000362441	9606.ENSP00000310842	0	0	0	0	0.049	0	0	0.745	0.747
ATRX	SUZ12	9606.ENSP00000362441	9606.ENSP00000316578	0	0	0	0	0.126	0.047	0	0.605	0.643
ATRX	SMC1A	9606.ENSP00000362441	9606.ENSP00000323421	0.044	0	0	0	0.227	0.485	0	0.450	0.763
ATRX	MRE11	9606.ENSP00000362441	9606.ENSP00000325863	0.057	0	0	0	0.169	0.652	0	0.519	0.851
ATRX	H3C13	9606.ENSP00000362441	9606.ENSP00000333277	0	0	0	0	0.049	0.911	0	0.913	0.992
ATRX	RAD51C	9606.ENSP00000362441	9606.ENSP00000336701	0.042	0	0	0	0.042	0.145	0	0.753	0.780
ATRX	MEN1	9606.ENSP00000362441	9606.ENSP00000337088	0	0	0	0	0.091	0.295	0	0.800	0.861
ATRX	TRIM24	9606.ENSP00000362441	9606.ENSP00000340507	0	0	0	0	0.130	0.091	0	0.568	0.629
ATRX	SMARCB1	9606.ENSP00000362441	9606.ENSP00000340883	0	0	0	0	0.082	0.080	0	0.691	0.717
ATRX	SMARCA4	9606.ENSP00000362441	9606.ENSP00000343896	0	0	0	0.556	0.107	0.113	0	0.613	0.667
ATRX	BLM	9606.ENSP00000362441	9606.ENSP00000347232	0.048	0	0	0	0.055	0.479	0	0.454	0.710
ATRX	NF1	9606.ENSP00000362441	9606.ENSP00000351015	0	0	0	0	0.156	0.052	0	0.716	0.753
ATRX	RAD52	9606.ENSP00000362441	9606.ENSP00000351284	0	0	0	0	0.047	0.129	0	0.992	0.993
ATRX	REV3L	9606.ENSP00000362441	9606.ENSP00000351697	0.048	0	0	0	0.110	0.106	0	0.680	0.725
ATRX	DNMT1	9606.ENSP00000362441	9606.ENSP00000352516	0	0	0	0	0.081	0.071	0	0.800	0.814
ATRX	SMC3	9606.ENSP00000362441	9606.ENSP00000354720	0.044	0	0	0	0.248	0.320	0	0.619	0.789
ATRX	FUBP1	9606.ENSP00000362441	9606.ENSP00000359804	0	0	0	0	0.155	0.166	0	0.666	0.744
ATRX	PTEN	9606.ENSP00000362441	9606.ENSP00000361021	0	0	0	0	0.049	0.076	0	0.769	0.779
ATRX	CTCF	9606.ENSP00000362441	9606.ENSP00000494538	0	0	0	0	0.075	0.102	0	0.584	0.625
ATRX	NSD1	9606.ENSP00000362441	9606.ENSP00000395929	0	0	0	0	0.157	0.344	0	0.385	0.630
ATRX	KDM6A	9606.ENSP00000362441	9606.ENSP00000367203	0	0	0	0	0.198	0.113	0	0.530	0.637
ATRX	CDKN2A	9606.ENSP00000362441	9606.ENSP00000418915	0	0	0	0	0.042	0.099	0	0.624	0.647
ATRX	BRAF	9606.ENSP00000362441	9606.ENSP00000419060	0	0	0	0	0.087	0.059	0	0.624	0.650
ATRX	HDAC1	9606.ENSP00000362441	9606.ENSP00000362649	0	0	0	0	0.079	0.125	0	0.608	0.657
ATRX	FANCL	9606.ENSP00000362441	9606.ENSP00000385021	0	0	0	0	0.054	0	0	0.657	0.661
ATRX	SMARCA2	9606.ENSP00000362441	9606.ENSP00000371638	0	0	0	0.558	0.100	0.113	0	0.622	0.672
ATRX	RAD50	9606.ENSP00000362441	9606.ENSP00000368100	0.054	0	0	0	0.159	0.536	0	0.231	0.679
ATRX	TP53BP1	9606.ENSP00000362441	9606.ENSP00000371475	0	0	0	0	0.062	0.123	0	0.711	0.742
ATRX	SETD2	9606.ENSP00000362441	9606.ENSP00000386759	0	0	0	0	0.206	0.344	0	0.580	0.762
ATRX	PBRM1	9606.ENSP00000362441	9606.ENSP00000386593	0	0	0	0	0.392	0.125	0	0.605	0.772
ATRX	CHEK2	9606.ENSP00000362441	9606.ENSP00000372023	0	0	0	0	0.050	0.106	0	0.771	0.788
ATRX	BRCA1	9606.ENSP00000362441	9606.ENSP00000418960	0	0	0	0	0.049	0	0	0.856	0.858
ATRX	BRCA2	9606.ENSP00000362441	9606.ENSP00000369497	0	0	0	0	0.056	0.053	0	0.888	0.891
ATRX	H3C8	9606.ENSP00000362441	9606.ENSP00000484638	0	0	0	0	0	0.911	0	0.115	0.918
ATRX	H3C1	9606.ENSP00000362441	9606.ENSP00000480826	0	0	0	0	0	0.961	0	0.129	0.964
ATRX	RAD51	9606.ENSP00000362441	9606.ENSP00000493712	0.042	0	0	0	0	0.886	0	0.998	0.999
ATXN2	FUS	9606.ENSP00000446576	9606.ENSP00000254108	0	0	0	0	0.071	0.095	0	0.917	0.924
ATXN2	ATXN7	9606.ENSP00000446576	9606.ENSP00000295900	0	0	0	0	0.059	0	0	0.912	0.913
ATXN2	LRRK2	9606.ENSP00000446576	9606.ENSP00000298910	0	0	0	0	0	0.314	0	0.770	0.835
ATXN2	DHX15	9606.ENSP00000446576	9606.ENSP00000336741	0	0	0	0	0.049	0.223	0	0.544	0.634
ATXN2	EIF4E	9606.ENSP00000446576	9606.ENSP00000425561	0	0	0	0	0.050	0.091	0	0.672	0.692
ATXN7	H3C13	9606.ENSP00000295900	9606.ENSP00000333277	0	0	0	0	0	0.178	0.400	0.345	0.649
ATXN7	TRRAP	9606.ENSP00000295900	9606.ENSP00000352925	0	0	0	0	0.042	0.990	0.800	0.661	0.999
AXIN1	TSC2	9606.ENSP00000262320	9606.ENSP00000219476	0	0	0	0	0.090	0.292	0	0.724	0.806
AXIN1	LRP6	9606.ENSP00000262320	9606.ENSP00000261349	0	0	0	0	0	0.851	0.500	0.999	0.999
AXIN1	CDH1	9606.ENSP00000262320	9606.ENSP00000261769	0	0	0	0	0.055	0.045	0	0.766	0.771
AXIN1	PTCH1	9606.ENSP00000262320	9606.ENSP00000332353	0	0	0	0	0.049	0	0	0.639	0.642
AXIN1	TSC1	9606.ENSP00000262320	9606.ENSP00000298552	0	0	0	0	0.062	0.318	0	0.494	0.648
AXIN1	EGFR	9606.ENSP00000262320	9606.ENSP00000275493	0	0	0	0	0	0	0	0.656	0.656
AXIN1	RHOA	9606.ENSP00000262320	9606.ENSP00000400175	0	0	0	0	0	0	0	0.661	0.661
AXIN1	NOTCH1	9606.ENSP00000262320	9606.ENSP00000498587	0	0	0	0	0.113	0.065	0	0.636	0.672
AXIN1	PPP2R2A	9606.ENSP00000262320	9606.ENSP00000325074	0	0	0	0	0	0.401	0	0.494	0.683
AXIN1	RNF43	9606.ENSP00000262320	9606.ENSP00000463069	0	0	0	0	0.049	0.325	0	0.600	0.721
AXIN1	DKK2	9606.ENSP00000262320	9606.ENSP00000285311	0	0	0	0	0	0	0	0.752	0.752
AXIN1	CTNNA1	9606.ENSP00000262320	9606.ENSP00000304669	0	0	0	0	0	0.605	0	0.459	0.777
AXIN1	SMAD3	9606.ENSP00000262320	9606.ENSP00000332973	0	0	0	0	0.067	0.095	0	0.766	0.785
AXIN1	ESR1	9606.ENSP00000262320	9606.ENSP00000405330	0	0	0	0	0	0	0.750	0.353	0.831
AXIN1	CDH2	9606.ENSP00000262320	9606.ENSP00000269141	0	0	0	0	0.055	0.095	0	0.823	0.835
AXIN1	TP53	9606.ENSP00000262320	9606.ENSP00000269305	0	0	0	0	0.049	0.639	0	0.746	0.905
AXIN1	MAP3K1	9606.ENSP00000262320	9606.ENSP00000382423	0	0	0	0	0.049	0.788	0	0.720	0.938
AXIN1	STK11	9606.ENSP00000262320	9606.ENSP00000324856	0	0	0	0	0.307	0.079	0	0.990	0.993
AXIN1	CTNNB1	9606.ENSP00000262320	9606.ENSP00000495360	0	0	0	0	0.057	0.982	0.900	0.999	0.999
AXIN1	AXIN2	9606.ENSP00000262320	9606.ENSP00000302625	0	0	0	0.884	0	0.503	0.900	0.984	0.999
AXIN1	LRP5	9606.ENSP00000262320	9606.ENSP00000294304	0	0	0	0	0.074	0.658	0.500	0.999	0.999
AXIN2	LRP6	9606.ENSP00000302625	9606.ENSP00000261349	0	0	0	0	0.059	0.126	0	0.756	0.782
AXIN2	DKK2	9606.ENSP00000302625	9606.ENSP00000285311	0	0	0	0	0.044	0	0	0.616	0.617
AXIN2	LRP5	9606.ENSP00000302625	9606.ENSP00000294304	0	0	0	0	0	0.126	0	0.840	0.854
AXIN2	CDKN2A	9606.ENSP00000302625	9606.ENSP00000418915	0	0	0	0	0	0.110	0	0.576	0.606
AXIN2	RNF43	9606.ENSP00000302625	9606.ENSP00000463069	0	0	0	0	0.124	0	0	0.787	0.805
AXIN2	CTNNB1	9606.ENSP00000302625	9606.ENSP00000495360	0	0	0	0	0.057	0.869	0.900	0.993	0.999
AXL	PIK3R2	9606.ENSP00000301178	9606.ENSP00000222254	0	0	0	0	0	0.365	0.500	0.162	0.711
AXL	TYRO3	9606.ENSP00000301178	9606.ENSP00000263798	0	0	0	0.899	0.067	0.253	0	0.537	0.649
AXL	KDR	9606.ENSP00000301178	9606.ENSP00000263923	0	0	0	0.602	0.050	0.091	0.500	0.267	0.641
AXL	PIK3CA	9606.ENSP00000301178	9606.ENSP00000263967	0	0	0	0	0	0.069	0.500	0.493	0.743
AXL	ERBB2	9606.ENSP00000301178	9606.ENSP00000269571	0	0	0	0.597	0	0.091	0	0.750	0.763
AXL	EGFR	9606.ENSP00000301178	9606.ENSP00000275493	0	0	0	0.603	0.122	0.568	0	0.495	0.792
AXL	PIK3CB	9606.ENSP00000301178	9606.ENSP00000501150	0	0	0	0	0	0.069	0.500	0.220	0.605
AXL	LYN	9606.ENSP00000301178	9606.ENSP00000428924	0	0	0	0.699	0.044	0.051	0	0.604	0.609
AXL	CSF1	9606.ENSP00000301178	9606.ENSP00000327513	0	0	0	0	0.136	0	0	0.572	0.614
AXL	MET	9606.ENSP00000301178	9606.ENSP00000317272	0	0	0	0.652	0.091	0.097	0	0.576	0.621
AXL	IGF1	9606.ENSP00000301178	9606.ENSP00000376637	0	0	0	0	0.048	0.063	0	0.660	0.670
AXL	PIK3R1	9606.ENSP00000301178	9606.ENSP00000428056	0	0	0	0	0	0.581	0.500	0.518	0.890
AXL	PLCG2	9606.ENSP00000301178	9606.ENSP00000482457	0	0	0	0	0	0	0.900	0.220	0.918
BAP1	TP53	9606.ENSP00000417132	9606.ENSP00000269305	0	0	0	0	0.042	0.292	0	0.471	0.609
BAP1	GNAQ	9606.ENSP00000417132	9606.ENSP00000286548	0	0	0	0	0.074	0	0	0.724	0.734
BAP1	SUZ12	9606.ENSP00000417132	9606.ENSP00000316578	0	0	0	0	0	0	0.900	0.167	0.913
BAP1	EED	9606.ENSP00000417132	9606.ENSP00000338186	0	0	0	0	0.055	0	0.900	0.077	0.905
BAP1	NF2	9606.ENSP00000417132	9606.ENSP00000344666	0	0	0	0	0	0	0	0.600	0.600
BAP1	MBD6	9606.ENSP00000417132	9606.ENSP00000347896	0	0	0	0	0.056	0.165	0.500	0.388	0.726
BAP1	PTEN	9606.ENSP00000417132	9606.ENSP00000361021	0	0	0	0	0	0.606	0	0.370	0.741
BAP1	PBRM1	9606.ENSP00000417132	9606.ENSP00000386593	0	0	0	0	0	0	0	0.708	0.708
BAP1	SETD2	9606.ENSP00000417132	9606.ENSP00000386759	0	0	0	0	0.072	0	0	0.626	0.638
BAP1	EZH1	9606.ENSP00000417132	9606.ENSP00000404658	0	0	0	0	0.105	0	0.900	0.046	0.907
BAP1	CDKN2A	9606.ENSP00000417132	9606.ENSP00000418915	0	0	0	0	0	0.313	0	0.541	0.671
BAP1	BRCA1	9606.ENSP00000417132	9606.ENSP00000418960	0	0	0	0	0	0.292	0.500	0.987	0.995
BCL2	XBP1	9606.ENSP00000381185	9606.ENSP00000216037	0	0	0	0	0.079	0	0	0.652	0.666
BCL2	NFKBIA	9606.ENSP00000381185	9606.ENSP00000216797	0	0	0	0	0.057	0.045	0	0.724	0.730
BCL2	RPS6KB1	9606.ENSP00000381185	9606.ENSP00000225577	0	0	0	0	0	0	0	0.679	0.679
BCL2	FLT3	9606.ENSP00000381185	9606.ENSP00000241453	0	0	0	0	0.067	0	0	0.597	0.607
BCL2	H3-3B	9606.ENSP00000381185	9606.ENSP00000254810	0	0	0	0	0.078	0.050	0.500	0.599	0.801
BCL2	CDK4	9606.ENSP00000381185	9606.ENSP00000257904	0	0	0	0	0.047	0.209	0	0.775	0.815
BCL2	CDH1	9606.ENSP00000381185	9606.ENSP00000261769	0	0	0	0	0	0	0	0.736	0.736
BCL2	RHEB	9606.ENSP00000381185	9606.ENSP00000262187	0	0	0	0	0	0	0	0.642	0.642
BCL2	CREBBP	9606.ENSP00000381185	9606.ENSP00000262367	0	0	0	0	0.049	0	0	0.737	0.739
BCL2	CCNE1	9606.ENSP00000381185	9606.ENSP00000262643	0	0	0	0	0	0	0	0.609	0.609
BCL2	EP300	9606.ENSP00000381185	9606.ENSP00000263253	0	0	0	0	0.049	0	0.500	0.747	0.869
BCL2	BRD4	9606.ENSP00000381185	9606.ENSP00000263377	0	0	0	0	0	0.469	0	0.517	0.732
BCL2	KDR	9606.ENSP00000381185	9606.ENSP00000263923	0	0	0	0	0.044	0	0	0.608	0.609
BCL2	PIK3CA	9606.ENSP00000381185	9606.ENSP00000263967	0	0	0	0	0.095	0	0	0.587	0.610
BCL2	CDK6	9606.ENSP00000381185	9606.ENSP00000265734	0	0	0	0	0.049	0.046	0	0.708	0.712
BCL2	CDH2	9606.ENSP00000381185	9606.ENSP00000269141	0	0	0	0	0	0	0	0.665	0.665
BCL2	TP53	9606.ENSP00000381185	9606.ENSP00000269305	0	0	0	0	0.103	0.869	0.900	0.999	0.999
BCL2	ERBB2	9606.ENSP00000381185	9606.ENSP00000269571	0	0	0	0	0.048	0	0	0.848	0.849
BCL2	EGFR	9606.ENSP00000381185	9606.ENSP00000275493	0	0	0	0	0.048	0	0	0.838	0.839
BCL2	MYCN	9606.ENSP00000381185	9606.ENSP00000281043	0	0	0	0	0	0	0	0.724	0.724
BCL2	KIT	9606.ENSP00000381185	9606.ENSP00000288135	0	0	0	0	0.049	0	0	0.704	0.707
BCL2	STAT5B	9606.ENSP00000381185	9606.ENSP00000293328	0	0	0	0	0.060	0.056	0	0.634	0.647
BCL2	NPM1	9606.ENSP00000381185	9606.ENSP00000296930	0	0	0	0	0.043	0	0	0.660	0.660
BCL2	STAT6	9606.ENSP00000381185	9606.ENSP00000300134	0	0	0	0	0.049	0.056	0.500	0.541	0.766
BCL2	PRKACA	9606.ENSP00000381185	9606.ENSP00000309591	0	0	0	0	0	0	0	0.706	0.706
BCL2	MET	9606.ENSP00000381185	9606.ENSP00000317272	0	0	0	0	0	0	0	0.600	0.600
BCL2	NQO1	9606.ENSP00000381185	9606.ENSP00000319788	0	0	0	0	0	0	0	0.611	0.611
BCL2	CALR	9606.ENSP00000381185	9606.ENSP00000320866	0	0	0	0	0.055	0.345	0	0.466	0.640
BCL2	PPP2R2A	9606.ENSP00000381185	9606.ENSP00000325074	0	0	0	0	0.074	0	0.900	0.220	0.921
BCL2	PGR	9606.ENSP00000381185	9606.ENSP00000325120	0	0	0	0	0.047	0.045	0	0.632	0.636
BCL2	H3C13	9606.ENSP00000381185	9606.ENSP00000333277	0	0	0	0	0.067	0.050	0.500	0.618	0.808
BCL2	STAT5A	9606.ENSP00000381185	9606.ENSP00000341208	0	0	0	0	0.072	0.056	0	0.760	0.772
BCL2	SMAD4	9606.ENSP00000381185	9606.ENSP00000341551	0	0	0	0	0.060	0	0	0.688	0.695
BCL2	ERBB4	9606.ENSP00000381185	9606.ENSP00000342235	0	0	0	0	0.053	0	0	0.655	0.660
BCL2	TGFBR2	9606.ENSP00000381185	9606.ENSP00000351905	0	0	0	0	0.059	0	0	0.627	0.634
BCL2	MTOR	9606.ENSP00000381185	9606.ENSP00000354558	0	0	0	0	0	0	0	0.765	0.765
BCL2	PARP1	9606.ENSP00000381185	9606.ENSP00000355759	0	0	0	0	0.112	0.292	0	0.879	0.917
BCL2	MKI67	9606.ENSP00000381185	9606.ENSP00000357643	0	0	0	0	0	0	0	0.642	0.642
BCL2	XIAP	9606.ENSP00000381185	9606.ENSP00000360242	0	0	0	0	0.048	0.299	0	0.933	0.951
BCL2	PTEN	9606.ENSP00000381185	9606.ENSP00000361021	0	0	0	0	0.049	0.057	0	0.810	0.815
BCL2	SYK	9606.ENSP00000381185	9606.ENSP00000364898	0	0	0	0	0.106	0	0	0.646	0.670
BCL2	FOXO1	9606.ENSP00000381185	9606.ENSP00000368880	0	0	0	0	0.058	0	0	0.694	0.700
BCL2	IRF4	9606.ENSP00000381185	9606.ENSP00000370343	0	0	0	0	0.113	0	0	0.590	0.621
BCL2	IGF1	9606.ENSP00000381185	9606.ENSP00000376637	0	0	0	0	0.056	0	0	0.762	0.765
BCL2	KEAP1	9606.ENSP00000381185	9606.ENSP00000377245	0	0	0	0	0	0.292	0	0.892	0.920
BCL2	MAP3K1	9606.ENSP00000381185	9606.ENSP00000382423	0	0	0	0	0.104	0	0	0.576	0.603
BCL2	PRKCB	9606.ENSP00000381185	9606.ENSP00000496129	0	0	0	0	0.108	0	0	0.576	0.605
BCL2	CEBPA	9606.ENSP00000381185	9606.ENSP00000427514	0	0	0	0	0.067	0.292	0	0.472	0.621
BCL2	MITF	9606.ENSP00000381185	9606.ENSP00000391803	0	0	0	0	0	0	0	0.649	0.649
BCL2	PTPRC	9606.ENSP00000381185	9606.ENSP00000411355	0	0	0	0	0.099	0	0	0.641	0.662
BCL2	BTK	9606.ENSP00000381185	9606.ENSP00000483570	0	0	0	0	0.086	0	0	0.648	0.665
BCL2	PIK3R1	9606.ENSP00000381185	9606.ENSP00000428056	0	0	0	0	0.138	0	0	0.639	0.675
BCL2	NOTCH1	9606.ENSP00000381185	9606.ENSP00000498587	0	0	0	0	0.074	0	0	0.664	0.676
BCL2	CDKN2A	9606.ENSP00000381185	9606.ENSP00000418915	0	0	0	0	0	0.045	0	0.716	0.717
BCL2	IL10	9606.ENSP00000381185	9606.ENSP00000412237	0	0	0	0	0	0	0	0.718	0.718
BCL2	FAS	9606.ENSP00000381185	9606.ENSP00000498466	0	0	0	0	0.068	0	0	0.720	0.728
BCL2	CXCR4	9606.ENSP00000381185	9606.ENSP00000386884	0	0	0	0	0.083	0	0	0.748	0.759
BCL2	BRAF	9606.ENSP00000381185	9606.ENSP00000419060	0	0	0	0	0.051	0	0	0.759	0.761
BCL2	CTNNB1	9606.ENSP00000381185	9606.ENSP00000495360	0	0	0	0	0.051	0	0	0.779	0.781
BCL2	BRCA1	9606.ENSP00000381185	9606.ENSP00000418960	0	0	0	0	0	0.201	0	0.760	0.800
BCL2	RAF1	9606.ENSP00000381185	9606.ENSP00000401888	0	0	0	0	0.051	0.625	0	0.723	0.892
BCL2	ESR1	9606.ENSP00000381185	9606.ENSP00000405330	0	0	0	0	0.083	0.045	0.500	0.794	0.897
BCL2	HIF1A	9606.ENSP00000381185	9606.ENSP00000437955	0	0	0	0	0	0.510	0	0.895	0.946
BCL9L	TLE3	9606.ENSP00000335320	9606.ENSP00000452871	0	0	0	0	0.047	0	0.900	0.110	0.907
BCL9L	CTNNB1	9606.ENSP00000335320	9606.ENSP00000495360	0	0	0	0	0	0.292	0.900	0.908	0.992
BCOR	BUB1B	9606.ENSP00000367705	9606.ENSP00000287598	0	0	0	0	0.087	0.115	0.720	0	0.754
BCOR	HDAC1	9606.ENSP00000367705	9606.ENSP00000362649	0	0	0	0	0.060	0.537	0	0.190	0.617
BCOR	KDM2B	9606.ENSP00000367705	9606.ENSP00000366271	0	0	0	0	0.099	0.851	0	0.903	0.986
BCOR	NCOR2	9606.ENSP00000367705	9606.ENSP00000384018	0	0	0	0	0.118	0.400	0	0.376	0.642
BCOR	BCORL1	9606.ENSP00000367705	9606.ENSP00000437775	0	0	0	0.605	0.128	0.305	0	0.535	0.693
BCOR	RAD51	9606.ENSP00000367705	9606.ENSP00000493712	0	0	0	0	0	0	0.720	0.048	0.722
BCOR	BRCA2	9606.ENSP00000367705	9606.ENSP00000369497	0	0	0	0	0.049	0	0.720	0.065	0.729
BCOR	BRCA1	9606.ENSP00000367705	9606.ENSP00000418960	0	0	0	0	0.049	0.065	0.900	0.055	0.904
BCOR	MLLT3	9606.ENSP00000367705	9606.ENSP00000369695	0	0	0	0	0	0.978	0	0.759	0.994
BCORL1	STAG2	9606.ENSP00000437775	9606.ENSP00000218089	0	0	0	0	0.109	0.091	0	0.626	0.670
BCORL1	DNMT3A	9606.ENSP00000437775	9606.ENSP00000264709	0	0	0	0	0	0.072	0	0.596	0.609
BCORL1	PHF6	9606.ENSP00000437775	9606.ENSP00000329097	0	0	0	0	0.134	0.106	0	0.654	0.709
BCORL1	KDM2B	9606.ENSP00000437775	9606.ENSP00000366271	0	0	0	0	0.067	0.943	0	0.797	0.988
BCORL1	TET2	9606.ENSP00000437775	9606.ENSP00000442788	0	0	0	0	0	0	0	0.620	0.620
BCORL1	SETBP1	9606.ENSP00000437775	9606.ENSP00000497406	0	0	0	0	0	0.106	0	0.624	0.650
BCR	ERCC3	9606.ENSP00000303507	9606.ENSP00000285398	0	0	0	0	0.049	0.729	0	0	0.731
BCR	KIT	9606.ENSP00000303507	9606.ENSP00000288135	0	0	0	0	0.057	0.677	0	0.418	0.807
BCR	STAT5B	9606.ENSP00000303507	9606.ENSP00000293328	0	0	0	0	0.138	0	0.900	0.321	0.936
BCR	FES	9606.ENSP00000303507	9606.ENSP00000331504	0	0	0	0	0.074	0.515	0	0.274	0.646
BCR	RAC1	9606.ENSP00000303507	9606.ENSP00000348461	0	0	0	0	0.062	0.427	0.400	0.175	0.699
BCR	CDC42	9606.ENSP00000303507	9606.ENSP00000497733	0	0	0	0	0.055	0.362	0.400	0.307	0.716
BCR	RHOA	9606.ENSP00000303507	9606.ENSP00000400175	0	0	0	0	0.042	0.433	0.400	0.237	0.718
BCR	PIK3R1	9606.ENSP00000303507	9606.ENSP00000428056	0	0	0	0.553	0.049	0.480	0.500	0.088	0.744
BCR	MLLT3	9606.ENSP00000303507	9606.ENSP00000369695	0	0	0	0	0.044	0	0	0.769	0.769
BCR	STAT5A	9606.ENSP00000303507	9606.ENSP00000341208	0	0	0	0	0	0	0.900	0.273	0.924
BIRC6	RANBP2	9606.ENSP00000393596	9606.ENSP00000283195	0	0	0	0	0.273	0.095	0.500	0.184	0.696
BIRC6	EML4	9606.ENSP00000393596	9606.ENSP00000320663	0	0	0	0	0.162	0.094	0.400	0.370	0.675
BIRC6	DCTN1	9606.ENSP00000393596	9606.ENSP00000354791	0	0	0	0	0.062	0	0.500	0.248	0.616
BIRC6	XIAP	9606.ENSP00000393596	9606.ENSP00000360242	0	0	0	0.573	0.180	0.091	0	0.832	0.864
BIRC6	KDM6A	9606.ENSP00000393596	9606.ENSP00000367203	0	0	0	0	0.169	0.507	0	0.196	0.642
BIRC6	SMG1	9606.ENSP00000393596	9606.ENSP00000402515	0	0	0	0	0.628	0	0	0.083	0.644
BLM	ERCC1	9606.ENSP00000347232	9606.ENSP00000013807	0	0	0	0	0	0	0.400	0.522	0.701
BLM	FANCE	9606.ENSP00000347232	9606.ENSP00000229769	0	0	0	0	0.084	0	0	0.805	0.814
BLM	MLH1	9606.ENSP00000347232	9606.ENSP00000231790	0.045	0	0	0	0.135	0.996	0.500	0.807	0.999
BLM	MSH2	9606.ENSP00000347232	9606.ENSP00000233146	0.047	0	0	0	0.291	0.638	0	0.664	0.907
BLM	MSH6	9606.ENSP00000347232	9606.ENSP00000234420	0.047	0	0	0	0.228	0.716	0	0.883	0.972
BLM	CDK4	9606.ENSP00000347232	9606.ENSP00000257904	0	0	0	0	0.085	0.130	0.800	0.150	0.846
BLM	BRIP1	9606.ENSP00000347232	9606.ENSP00000259008	0.047	0	0	0	0.234	0.510	0.500	0.763	0.950
BLM	PALB2	9606.ENSP00000347232	9606.ENSP00000261584	0	0	0	0	0.184	0	0.500	0.390	0.729
BLM	POLQ	9606.ENSP00000347232	9606.ENSP00000264233	0.045	0	0	0	0.391	0	0	0.477	0.669
BLM	NBN	9606.ENSP00000347232	9606.ENSP00000265433	0	0	0	0	0.060	0.522	0.500	0.708	0.925
BLM	FANCM	9606.ENSP00000347232	9606.ENSP00000267430	0	0	0	0	0.181	0.999	0.900	0.839	0.999
BLM	TP53	9606.ENSP00000347232	9606.ENSP00000269305	0	0	0	0	0.059	0.844	0.400	0.324	0.932
BLM	FANCD2	9606.ENSP00000347232	9606.ENSP00000287647	0	0	0	0	0.329	0.542	0	0.800	0.933
BLM	SLX4	9606.ENSP00000347232	9606.ENSP00000294008	0	0	0	0	0.085	0.073	0.500	0.524	0.771
BLM	WRN	9606.ENSP00000347232	9606.ENSP00000298139	0	0	0.160	0.584	0.126	0.292	0.500	0.358	0.802
BLM	ERCC4	9606.ENSP00000347232	9606.ENSP00000310520	0	0	0	0	0.074	0.452	0.400	0.476	0.819
BLM	FANCI	9606.ENSP00000347232	9606.ENSP00000310842	0	0	0	0	0.492	0	0	0.572	0.773
BLM	POLE	9606.ENSP00000347232	9606.ENSP00000322570	0	0	0	0	0.267	0.114	0.400	0.285	0.684
BLM	SMC1A	9606.ENSP00000347232	9606.ENSP00000323421	0.046	0	0	0	0.102	0.172	0	0.577	0.660
BLM	MRE11	9606.ENSP00000347232	9606.ENSP00000325863	0.054	0	0	0	0.227	0.853	0.500	0.517	0.969
BLM	RAD51C	9606.ENSP00000347232	9606.ENSP00000336701	0.042	0	0	0	0.157	0.426	0.500	0.485	0.859
BLM	FANCL	9606.ENSP00000347232	9606.ENSP00000385021	0	0	0	0	0.086	0	0	0.651	0.668
BLM	RAD54L	9606.ENSP00000347232	9606.ENSP00000361043	0.048	0	0	0	0.378	0.401	0	0.348	0.738
BLM	CHEK2	9606.ENSP00000347232	9606.ENSP00000372023	0	0	0	0	0.212	0.449	0	0.457	0.744
BLM	MLH3	9606.ENSP00000347232	9606.ENSP00000348020	0.045	0	0	0	0.067	0.293	0.500	0.324	0.748
BLM	POLD1	9606.ENSP00000347232	9606.ENSP00000472445	0	0	0	0	0.363	0.114	0.400	0.377	0.761
BLM	TOP2A	9606.ENSP00000347232	9606.ENSP00000411532	0.069	0	0	0	0.315	0.469	0	0.404	0.771
BLM	RTEL1	9606.ENSP00000347232	9606.ENSP00000353332	0.047	0	0	0	0.090	0	0.400	0.716	0.832
BLM	RAD50	9606.ENSP00000347232	9606.ENSP00000368100	0.052	0	0	0	0.103	0.724	0.500	0.423	0.920
BLM	BRCA2	9606.ENSP00000347232	9606.ENSP00000369497	0	0	0	0	0.342	0	0.800	0.551	0.935
BLM	RAD52	9606.ENSP00000347232	9606.ENSP00000351284	0	0	0	0	0.063	0.763	0.500	0.672	0.958
BLM	BRCA1	9606.ENSP00000347232	9606.ENSP00000418960	0	0	0	0	0.437	0.691	0.500	0.742	0.974
BLM	TP53BP1	9606.ENSP00000347232	9606.ENSP00000371475	0	0	0	0	0.099	0.918	0	0.725	0.978
BLM	RAD51	9606.ENSP00000347232	9606.ENSP00000493712	0.042	0	0	0	0.437	0.970	0.500	0.891	0.998
BLM	FANCA	9606.ENSP00000347232	9606.ENSP00000373952	0	0	0	0	0.344	0.994	0	0.835	0.999
BLM	FANCG	9606.ENSP00000347232	9606.ENSP00000367910	0	0	0	0	0.203	0.994	0	0.809	0.999
BRAF	TSC2	9606.ENSP00000419060	9606.ENSP00000219476	0	0	0	0	0	0.046	0	0.831	0.832
BRAF	MLH1	9606.ENSP00000419060	9606.ENSP00000231790	0	0	0	0	0	0	0	0.876	0.876
BRAF	MSH2	9606.ENSP00000419060	9606.ENSP00000233146	0	0	0	0	0	0.045	0	0.723	0.724
BRAF	MSH6	9606.ENSP00000419060	9606.ENSP00000234420	0	0	0	0	0	0.045	0	0.805	0.806
BRAF	EP300	9606.ENSP00000419060	9606.ENSP00000263253	0	0	0	0	0.066	0.047	0	0.622	0.634
BRAF	PAX8	9606.ENSP00000419060	9606.ENSP00000263334	0	0	0	0	0	0	0	0.697	0.697
BRAF	PIK3CA	9606.ENSP00000419060	9606.ENSP00000263967	0	0	0	0	0.128	0.190	0	0.931	0.947
BRAF	TP53	9606.ENSP00000419060	9606.ENSP00000269305	0	0	0	0	0.076	0	0	0.883	0.887
BRAF	EGFR	9606.ENSP00000419060	9606.ENSP00000275493	0	0	0	0.571	0	0.255	0	0.486	0.601
BRAF	GNAQ	9606.ENSP00000419060	9606.ENSP00000286548	0	0	0	0	0.087	0	0	0.720	0.733
BRAF	NPM1	9606.ENSP00000419060	9606.ENSP00000296930	0	0	0	0	0	0.068	0	0.676	0.685
BRAF	SPRED1	9606.ENSP00000419060	9606.ENSP00000299084	0	0	0	0	0	0.094	0	0.594	0.616
BRAF	TERT	9606.ENSP00000419060	9606.ENSP00000309572	0	0	0	0	0.059	0.190	0	0.776	0.815
BRAF	PRKACA	9606.ENSP00000419060	9606.ENSP00000309591	0	0	0	0.596	0.054	0.088	0.900	0.204	0.922
BRAF	EML4	9606.ENSP00000419060	9606.ENSP00000320663	0	0	0	0	0.074	0.067	0	0.729	0.745
BRAF	POLE	9606.ENSP00000419060	9606.ENSP00000322570	0	0	0	0	0	0.066	0	0.594	0.604
BRAF	PTCH1	9606.ENSP00000419060	9606.ENSP00000332353	0	0	0	0	0.057	0.047	0	0.629	0.638
BRAF	FGFR3	9606.ENSP00000419060	9606.ENSP00000339824	0	0	0	0.572	0.052	0.091	0	0.602	0.627
BRAF	TRIM24	9606.ENSP00000419060	9606.ENSP00000340507	0	0	0	0	0.074	0.053	0.500	0.676	0.839
BRAF	SMAD4	9606.ENSP00000419060	9606.ENSP00000341551	0	0	0	0	0.060	0.091	0	0.738	0.756
BRAF	NF1	9606.ENSP00000419060	9606.ENSP00000351015	0	0	0	0	0.067	0.092	0	0.895	0.903
BRAF	MTOR	9606.ENSP00000419060	9606.ENSP00000354558	0	0	0	0	0.062	0.073	0	0.634	0.654
BRAF	PARP1	9606.ENSP00000419060	9606.ENSP00000355759	0	0	0	0	0.048	0.148	0	0.625	0.670
BRAF	LMNA	9606.ENSP00000419060	9606.ENSP00000357283	0	0	0	0	0	0.051	0.500	0.305	0.641
BRAF	RIT1	9606.ENSP00000419060	9606.ENSP00000357305	0	0	0	0	0.088	0.284	0.500	0.243	0.720
BRAF	PTEN	9606.ENSP00000419060	9606.ENSP00000361021	0	0	0	0	0.094	0.206	0	0.927	0.943
BRAF	RALGDS	9606.ENSP00000419060	9606.ENSP00000361120	0	0	0	0	0.074	0	0	0.671	0.683
BRAF	BRCA2	9606.ENSP00000419060	9606.ENSP00000369497	0	0	0	0	0.042	0.166	0	0.679	0.721
BRAF	ETV6	9606.ENSP00000419060	9606.ENSP00000379658	0	0	0	0	0.047	0.097	0	0.575	0.602
BRAF	MAP3K1	9606.ENSP00000419060	9606.ENSP00000382423	0	0	0	0.571	0.049	0.524	0	0.222	0.618
BRAF	PBRM1	9606.ENSP00000419060	9606.ENSP00000386593	0	0	0	0	0.060	0.069	0	0.661	0.677
BRAF	KSR2	9606.ENSP00000419060	9606.ENSP00000389715	0	0	0	0.646	0	0.379	0.500	0.476	0.823
BRAF	MITF	9606.ENSP00000419060	9606.ENSP00000391803	0	0	0	0	0	0.050	0	0.716	0.719
BRAF	RAF1	9606.ENSP00000419060	9606.ENSP00000401888	0	0	0.066	0.945	0	0.927	0.900	0.983	0.999
BRAF	ESR1	9606.ENSP00000419060	9606.ENSP00000405330	0	0	0	0	0	0.071	0	0.738	0.746
BRAF	PMS1	9606.ENSP00000419060	9606.ENSP00000406490	0	0	0	0	0	0	0	0.624	0.624
BRAF	FGFR2	9606.ENSP00000419060	9606.ENSP00000410294	0	0	0	0.572	0.052	0.265	0	0.570	0.674
BRAF	KIAA1549	9606.ENSP00000419060	9606.ENSP00000416040	0	0	0	0	0.048	0.092	0.500	0.907	0.954
BRAF	CDKN2A	9606.ENSP00000419060	9606.ENSP00000418915	0	0	0	0	0	0.095	0	0.886	0.892
BRAF	BRCA1	9606.ENSP00000419060	9606.ENSP00000418960	0	0	0	0	0	0	0	0.678	0.678
BRAF	PIK3R1	9606.ENSP00000419060	9606.ENSP00000428056	0	0	0	0	0.049	0.093	0	0.574	0.600
BRAF	RNF43	9606.ENSP00000419060	9606.ENSP00000463069	0	0	0	0	0	0.050	0	0.610	0.614
BRAF	NOTCH1	9606.ENSP00000419060	9606.ENSP00000498587	0	0	0	0	0.101	0.098	0	0.624	0.668
BRAF	NTRK1	9606.ENSP00000419060	9606.ENSP00000431418	0	0	0	0.567	0.050	0.095	0.500	0.334	0.675
BRAF	CTNNB1	9606.ENSP00000419060	9606.ENSP00000495360	0	0	0	0	0.087	0.098	0	0.771	0.795
BRAF	PTPN11	9606.ENSP00000419060	9606.ENSP00000489597	0	0	0	0	0.049	0.098	0	0.852	0.862
BRAF	PRKCB	9606.ENSP00000419060	9606.ENSP00000496129	0	0	0	0.578	0	0.050	0.900	0.126	0.909
BRCA1	ERCC1	9606.ENSP00000418960	9606.ENSP00000013807	0	0	0	0	0.055	0.439	0.540	0.747	0.930
BRCA1	STAG2	9606.ENSP00000418960	9606.ENSP00000218089	0	0	0	0	0.049	0	0.500	0.277	0.626
BRCA1	DDX5	9606.ENSP00000418960	9606.ENSP00000225792	0	0	0	0	0	0	0	0.764	0.764
BRCA1	FANCE	9606.ENSP00000418960	9606.ENSP00000229769	0	0	0	0	0.085	0.439	0	0.857	0.920
BRCA1	MLH1	9606.ENSP00000418960	9606.ENSP00000231790	0	0	0	0	0.087	0.835	0.540	0.930	0.994
BRCA1	MSH2	9606.ENSP00000418960	9606.ENSP00000233146	0	0	0	0	0.227	0.725	0.540	0.946	0.994
BRCA1	MSH6	9606.ENSP00000418960	9606.ENSP00000234420	0	0	0	0	0.236	0.611	0.540	0.977	0.996
BRCA1	PARP2	9606.ENSP00000418960	9606.ENSP00000250416	0	0	0	0	0.103	0.045	0	0.720	0.739
BRCA1	FOXA1	9606.ENSP00000418960	9606.ENSP00000250448	0	0	0	0	0.043	0	0	0.641	0.641
BRCA1	H3-3B	9606.ENSP00000418960	9606.ENSP00000254810	0	0	0	0	0.054	0.126	0	0.706	0.735
BRCA1	CDK4	9606.ENSP00000418960	9606.ENSP00000257904	0	0	0	0	0.127	0.625	0.800	0.633	0.972
BRCA1	BRIP1	9606.ENSP00000418960	9606.ENSP00000259008	0	0	0	0	0.380	0.999	0.900	0.997	0.999
BRCA1	PALB2	9606.ENSP00000418960	9606.ENSP00000261584	0	0	0	0	0.097	0.944	0.900	0.999	0.999
BRCA1	CDH1	9606.ENSP00000418960	9606.ENSP00000261769	0	0	0	0	0	0.218	0	0.602	0.676
BRCA1	CREBBP	9606.ENSP00000418960	9606.ENSP00000262367	0	0	0	0	0.061	0.833	0	0.814	0.968
BRCA1	CCNE1	9606.ENSP00000418960	9606.ENSP00000262643	0	0	0	0	0.087	0.292	0	0.599	0.718
BRCA1	EP300	9606.ENSP00000418960	9606.ENSP00000263253	0	0	0	0	0.068	0.820	0	0.928	0.986
BRCA1	PIK3CA	9606.ENSP00000418960	9606.ENSP00000263967	0	0	0	0	0	0	0	0.728	0.728
BRCA1	POLQ	9606.ENSP00000418960	9606.ENSP00000264233	0	0	0	0	0.449	0	0	0.567	0.751
BRCA1	CUL3	9606.ENSP00000418960	9606.ENSP00000264414	0	0	0	0	0.049	0	0.400	0.531	0.709
BRCA1	MSH3	9606.ENSP00000418960	9606.ENSP00000265081	0	0	0	0	0.084	0.313	0.540	0.725	0.910
BRCA1	NBN	9606.ENSP00000418960	9606.ENSP00000265433	0	0	0	0	0.068	0.868	0.540	0.902	0.993
BRCA1	RB1	9606.ENSP00000418960	9606.ENSP00000267163	0	0	0	0	0.070	0.727	0	0.485	0.858
BRCA1	FANCM	9606.ENSP00000418960	9606.ENSP00000267430	0	0	0	0	0.163	0.439	0	0.835	0.916
BRCA1	PML	9606.ENSP00000418960	9606.ENSP00000268058	0	0	0	0	0.044	0.439	0	0.521	0.720
BRCA1	TP53	9606.ENSP00000418960	9606.ENSP00000269305	0	0	0	0	0.067	0.895	0.500	0.999	0.999
BRCA1	ERBB2	9606.ENSP00000418960	9606.ENSP00000269571	0	0	0	0	0	0	0	0.918	0.918
BRCA1	ETAA1	9606.ENSP00000418960	9606.ENSP00000272342	0	0	0	0	0.065	0.615	0	0.325	0.735
BRCA1	EGFR	9606.ENSP00000418960	9606.ENSP00000275493	0	0	0	0	0	0.103	0	0.786	0.800
BRCA1	MYCN	9606.ENSP00000418960	9606.ENSP00000281043	0	0	0	0	0.049	0.226	0	0.661	0.728
BRCA1	XPC	9606.ENSP00000418960	9606.ENSP00000285021	0	0	0	0	0	0	0.540	0.354	0.690
BRCA1	ERCC3	9606.ENSP00000418960	9606.ENSP00000285398	0	0	0	0	0.049	0	0.540	0.507	0.765
BRCA1	BUB1B	9606.ENSP00000418960	9606.ENSP00000287598	0	0	0	0	0.408	0	0.720	0.473	0.905
BRCA1	FANCD2	9606.ENSP00000418960	9606.ENSP00000287647	0	0	0	0	0.472	0.779	0.540	0.998	0.999
BRCA1	SLX4	9606.ENSP00000418960	9606.ENSP00000294008	0	0	0	0	0.067	0.439	0.500	0.681	0.905
BRCA1	NPM1	9606.ENSP00000418960	9606.ENSP00000296930	0	0	0	0	0.085	0.304	0	0.673	0.773
BRCA1	RAD21	9606.ENSP00000418960	9606.ENSP00000297338	0	0	0	0	0.102	0.164	0.500	0.627	0.841
BRCA1	WRN	9606.ENSP00000418960	9606.ENSP00000298139	0	0	0	0	0.079	0.702	0.500	0.891	0.983
BRCA1	TERT	9606.ENSP00000418960	9606.ENSP00000309572	0	0	0	0	0.080	0	0	0.631	0.646
BRCA1	ERCC4	9606.ENSP00000418960	9606.ENSP00000310520	0	0	0	0	0.102	0.439	0.540	0.674	0.914
BRCA1	FANCI	9606.ENSP00000418960	9606.ENSP00000310842	0	0	0	0	0.510	0.439	0.540	0.952	0.993
BRCA1	POLE	9606.ENSP00000418960	9606.ENSP00000322570	0	0	0	0	0.370	0.439	0.400	0.662	0.919
BRCA1	SMC1A	9606.ENSP00000418960	9606.ENSP00000323421	0	0	0	0	0.161	0.401	0.500	0.754	0.930
BRCA1	STK11	9606.ENSP00000418960	9606.ENSP00000324856	0	0	0	0	0.069	0	0	0.732	0.740
BRCA1	PGR	9606.ENSP00000418960	9606.ENSP00000325120	0	0	0	0	0	0.512	0	0.928	0.963
BRCA1	MRE11	9606.ENSP00000418960	9606.ENSP00000325863	0	0	0	0	0.174	0.994	0.540	0.973	0.999
BRCA1	SMAD3	9606.ENSP00000418960	9606.ENSP00000332973	0	0	0	0	0	0.510	0	0.740	0.867
BRCA1	H3C13	9606.ENSP00000418960	9606.ENSP00000333277	0	0	0	0	0.054	0.126	0	0.714	0.743
BRCA1	KNL1	9606.ENSP00000418960	9606.ENSP00000335463	0	0	0	0	0.246	0.423	0	0.174	0.609
BRCA1	RAD51C	9606.ENSP00000418960	9606.ENSP00000336701	0	0	0	0	0.211	0.045	0.500	0.953	0.980
BRCA1	SMARCB1	9606.ENSP00000418960	9606.ENSP00000340883	0	0	0	0	0	0.510	0	0.432	0.709
BRCA1	STAT5A	9606.ENSP00000418960	9606.ENSP00000341208	0	0	0	0	0.044	0.510	0	0.479	0.734
BRCA1	SMARCA4	9606.ENSP00000418960	9606.ENSP00000343896	0	0	0	0	0.056	0.628	0	0.957	0.983
BRCA1	MLH3	9606.ENSP00000418960	9606.ENSP00000348020	0	0	0	0	0	0	0.540	0.526	0.773
BRCA1	ERCC6	9606.ENSP00000418960	9606.ENSP00000348089	0	0	0	0	0.049	0.510	0	0.461	0.727
BRCA1	NF1	9606.ENSP00000418960	9606.ENSP00000351015	0	0	0	0	0.074	0.095	0	0.864	0.876
BRCA1	RAD52	9606.ENSP00000418960	9606.ENSP00000351284	0	0	0	0	0.050	0.421	0.500	0.961	0.987
BRCA1	DNMT1	9606.ENSP00000418960	9606.ENSP00000352516	0	0	0	0	0.167	0.164	0	0.735	0.799
BRCA1	RTEL1	9606.ENSP00000418960	9606.ENSP00000353332	0	0	0	0	0.131	0	0.400	0.738	0.852
BRCA1	SMC3	9606.ENSP00000418960	9606.ENSP00000354720	0	0	0	0	0.107	0.164	0.500	0.424	0.756
BRCA1	PARP1	9606.ENSP00000418960	9606.ENSP00000355759	0	0	0	0	0.085	0.596	0	0.935	0.974
BRCA1	LMNA	9606.ENSP00000418960	9606.ENSP00000357283	0	0	0	0	0.069	0.345	0.500	0.323	0.765
BRCA1	MKI67	9606.ENSP00000418960	9606.ENSP00000357643	0	0	0	0	0.403	0.164	0	0.552	0.757
BRCA1	PTEN	9606.ENSP00000418960	9606.ENSP00000361021	0	0	0	0	0.067	0	0	0.816	0.821
BRCA1	RAD54L	9606.ENSP00000418960	9606.ENSP00000361043	0	0	0	0	0.416	0	0	0.665	0.796
BRCA1	HDAC1	9606.ENSP00000418960	9606.ENSP00000362649	0	0	0	0	0.055	0.510	0	0.917	0.958
BRCA1	FANCG	9606.ENSP00000418960	9606.ENSP00000367910	0	0	0	0	0.141	0.439	0	0.884	0.939
BRCA1	RAD50	9606.ENSP00000418960	9606.ENSP00000368100	0	0	0	0	0.072	0.994	0.540	0.762	0.999
BRCA1	WT1	9606.ENSP00000418960	9606.ENSP00000368370	0	0	0	0	0	0.047	0	0.682	0.683
BRCA1	GATA3	9606.ENSP00000418960	9606.ENSP00000368632	0	0	0	0	0.042	0.292	0	0.689	0.770
BRCA1	FOXO1	9606.ENSP00000418960	9606.ENSP00000368880	0	0	0	0	0	0	0	0.633	0.633
BRCA1	BRCA2	9606.ENSP00000418960	9606.ENSP00000369497	0	0	0	0	0.383	0.896	0.900	0.999	0.999
BRCA1	TP53BP1	9606.ENSP00000418960	9606.ENSP00000371475	0	0	0	0	0.050	0.826	0.500	0.999	0.999
BRCA1	SMARCA2	9606.ENSP00000418960	9606.ENSP00000371638	0	0	0	0	0	0.516	0	0.422	0.709
BRCA1	CHEK2	9606.ENSP00000418960	9606.ENSP00000372023	0	0	0	0	0.218	0.842	0.500	0.997	0.999
BRCA1	STAG1	9606.ENSP00000418960	9606.ENSP00000372689	0	0	0	0	0.067	0.439	0.500	0.170	0.753
BRCA1	FANCA	9606.ENSP00000418960	9606.ENSP00000373952	0	0	0	0	0.328	0.702	0	0.977	0.995
BRCA1	ERCC2	9606.ENSP00000418960	9606.ENSP00000375809	0	0	0	0	0.073	0	0.500	0.762	0.880
BRCA1	KEAP1	9606.ENSP00000418960	9606.ENSP00000377245	0	0	0	0	0.049	0.292	0.400	0.471	0.757
BRCA1	FZR1	9606.ENSP00000418960	9606.ENSP00000378529	0	0	0	0	0.087	0.041	0.540	0.150	0.612
BRCA1	MAP3K1	9606.ENSP00000418960	9606.ENSP00000382423	0	0	0	0	0	0	0	0.770	0.770
BRCA1	FANCL	9606.ENSP00000418960	9606.ENSP00000385021	0	0	0	0	0.108	0.439	0	0.689	0.830
BRCA1	TONSL	9606.ENSP00000418960	9606.ENSP00000386239	0	0	0	0	0.084	0.614	0	0.303	0.733
BRCA1	NCOA2	9606.ENSP00000418960	9606.ENSP00000399968	0	0	0	0	0.043	0.510	0	0.651	0.822
BRCA1	ESR1	9606.ENSP00000418960	9606.ENSP00000405330	0	0	0	0	0	0.904	0	0.995	0.999
BRCA1	PMS1	9606.ENSP00000418960	9606.ENSP00000406490	0	0	0	0	0.080	0	0.540	0.752	0.886
BRCA1	TOP2A	9606.ENSP00000418960	9606.ENSP00000411532	0	0	0	0	0.381	0.401	0	0.593	0.836
BRCA1	RECQL	9606.ENSP00000418960	9606.ENSP00000416739	0	0	0	0	0.085	0.439	0	0.609	0.782
BRCA1	CDKN2A	9606.ENSP00000418960	9606.ENSP00000418915	0	0	0	0	0.045	0.309	0	0.766	0.832
BRCA1	HIF1A	9606.ENSP00000418960	9606.ENSP00000437955	0	0	0	0	0.044	0.292	0	0.507	0.637
BRCA1	MUTYH	9606.ENSP00000418960	9606.ENSP00000500891	0	0	0	0	0.049	0	0	0.694	0.696
BRCA1	NOTCH1	9606.ENSP00000418960	9606.ENSP00000498587	0	0	0	0	0.042	0	0	0.698	0.698
BRCA1	CTNNB1	9606.ENSP00000418960	9606.ENSP00000495360	0	0	0	0	0.045	0.292	0	0.634	0.731
BRCA1	PIK3R1	9606.ENSP00000418960	9606.ENSP00000428056	0	0	0	0	0	0.362	0	0.649	0.766
BRCA1	RECQL4	9606.ENSP00000418960	9606.ENSP00000482313	0	0	0	0	0.182	0.439	0	0.553	0.777
BRCA1	FANCB	9606.ENSP00000418960	9606.ENSP00000498215	0	0	0	0	0.133	0.439	0	0.605	0.791
BRCA1	EMSY	9606.ENSP00000418960	9606.ENSP00000433205	0	0	0	0	0.072	0.439	0	0.691	0.825
BRCA1	ERCC5	9606.ENSP00000418960	9606.ENSP00000498881	0	0	0	0	0.074	0.292	0.540	0.739	0.911
BRCA1	POLD1	9606.ENSP00000418960	9606.ENSP00000472445	0	0	0	0	0.189	0.421	0.540	0.743	0.937
BRCA1	DROSHA	9606.ENSP00000418960	9606.ENSP00000425979	0	0	0	0	0.105	0	0	0.940	0.944
BRCA1	RAD51	9606.ENSP00000418960	9606.ENSP00000493712	0	0	0	0	0.501	0.923	0.800	0.999	0.999
BRCA2	ERCC1	9606.ENSP00000369497	9606.ENSP00000013807	0	0	0	0	0	0	0.540	0.743	0.877
BRCA2	FANCE	9606.ENSP00000369497	9606.ENSP00000229769	0	0	0	0	0.049	0.292	0	0.862	0.899
BRCA2	MLH1	9606.ENSP00000369497	9606.ENSP00000231790	0	0	0	0	0.044	0	0.540	0.905	0.954
BRCA2	MSH2	9606.ENSP00000369497	9606.ENSP00000233146	0	0	0	0	0.160	0	0.540	0.925	0.968
BRCA2	MSH6	9606.ENSP00000369497	9606.ENSP00000234420	0	0	0	0	0.142	0	0.540	0.924	0.967
BRCA2	PARP2	9606.ENSP00000369497	9606.ENSP00000250416	0	0	0	0	0.049	0.225	0.400	0.730	0.865
BRCA2	CDK4	9606.ENSP00000369497	9606.ENSP00000257904	0	0	0	0	0.059	0.046	0.800	0.720	0.943
BRCA2	BRIP1	9606.ENSP00000369497	9606.ENSP00000259008	0	0	0	0	0.435	0.292	0.900	0.975	0.998
BRCA2	PALB2	9606.ENSP00000369497	9606.ENSP00000261584	0	0	0	0	0.166	0.997	0.900	0.999	0.999
BRCA2	PIK3CA	9606.ENSP00000369497	9606.ENSP00000263967	0	0	0	0	0.047	0	0	0.811	0.812
BRCA2	POLQ	9606.ENSP00000369497	9606.ENSP00000264233	0	0	0	0	0.302	0	0.400	0.570	0.804
BRCA2	MSH3	9606.ENSP00000369497	9606.ENSP00000265081	0	0	0	0	0.140	0	0.540	0.626	0.839
BRCA2	NBN	9606.ENSP00000369497	9606.ENSP00000265433	0	0	0	0	0.116	0	0.500	0.795	0.901
BRCA2	FANCM	9606.ENSP00000369497	9606.ENSP00000267430	0	0	0	0	0.152	0	0	0.929	0.937
BRCA2	TP53	9606.ENSP00000369497	9606.ENSP00000269305	0	0	0	0	0.066	0.828	0	0.974	0.995
BRCA2	ERBB2	9606.ENSP00000369497	9606.ENSP00000269571	0	0	0	0	0	0	0	0.873	0.873
BRCA2	EGFR	9606.ENSP00000369497	9606.ENSP00000275493	0	0	0	0	0	0	0	0.678	0.678
BRCA2	XPC	9606.ENSP00000369497	9606.ENSP00000285021	0	0	0	0	0	0	0.540	0.255	0.643
BRCA2	ERCC3	9606.ENSP00000369497	9606.ENSP00000285398	0	0	0	0	0	0	0.540	0.480	0.750
BRCA2	BUB1B	9606.ENSP00000369497	9606.ENSP00000287598	0	0	0	0	0.274	0.625	0.720	0.467	0.953
BRCA2	FANCD2	9606.ENSP00000369497	9606.ENSP00000287647	0	0	0	0	0.217	0.842	0.900	0.999	0.999
BRCA2	SLX4	9606.ENSP00000369497	9606.ENSP00000294008	0	0	0	0	0	0	0.500	0.768	0.879
BRCA2	NPM1	9606.ENSP00000369497	9606.ENSP00000296930	0	0	0	0	0.086	0.292	0	0.796	0.856
BRCA2	RAD21	9606.ENSP00000369497	9606.ENSP00000297338	0	0	0	0	0.072	0.328	0	0.587	0.720
BRCA2	WRN	9606.ENSP00000369497	9606.ENSP00000298139	0	0	0	0	0.142	0	0.500	0.761	0.888
BRCA2	ERCC4	9606.ENSP00000369497	9606.ENSP00000310520	0	0	0	0	0.090	0	0.540	0.675	0.852
BRCA2	FANCI	9606.ENSP00000369497	9606.ENSP00000310842	0	0	0	0	0.295	0.230	0.540	0.987	0.996
BRCA2	POLE	9606.ENSP00000369497	9606.ENSP00000322570	0	0	0	0	0.220	0	0.400	0.703	0.849
BRCA2	STK11	9606.ENSP00000369497	9606.ENSP00000324856	0	0	0	0	0	0	0	0.830	0.830
BRCA2	PGR	9606.ENSP00000369497	9606.ENSP00000325120	0	0	0	0	0	0	0	0.795	0.795
BRCA2	MRE11	9606.ENSP00000369497	9606.ENSP00000325863	0	0	0	0	0.126	0	0.500	0.932	0.967
BRCA2	SMAD3	9606.ENSP00000369497	9606.ENSP00000332973	0	0	0	0	0	0.292	0	0.528	0.652
BRCA2	KNL1	9606.ENSP00000369497	9606.ENSP00000335463	0	0	0	0	0.337	0.506	0	0.272	0.741
BRCA2	RAD51C	9606.ENSP00000369497	9606.ENSP00000336701	0	0	0	0	0.067	0.635	0.900	0.976	0.999
BRCA2	SMAD4	9606.ENSP00000369497	9606.ENSP00000341551	0	0	0	0	0	0	0	0.672	0.672
BRCA2	SMARCA4	9606.ENSP00000369497	9606.ENSP00000343896	0	0	0	0	0	0	0	0.680	0.680
BRCA2	MLH3	9606.ENSP00000369497	9606.ENSP00000348020	0	0	0	0	0	0	0.540	0.548	0.783
BRCA2	NF1	9606.ENSP00000369497	9606.ENSP00000351015	0	0	0	0	0.050	0	0	0.748	0.750
BRCA2	RAD52	9606.ENSP00000369497	9606.ENSP00000351284	0	0	0	0	0.056	0.225	0	0.991	0.993
BRCA2	RTEL1	9606.ENSP00000369497	9606.ENSP00000353332	0	0	0	0	0.068	0	0.400	0.447	0.664
BRCA2	SMC3	9606.ENSP00000369497	9606.ENSP00000354720	0	0	0	0	0.124	0.331	0	0.470	0.662
BRCA2	PARP1	9606.ENSP00000369497	9606.ENSP00000355759	0	0	0	0	0.060	0.621	0.400	0.942	0.985
BRCA2	PTEN	9606.ENSP00000369497	9606.ENSP00000361021	0	0	0	0	0	0	0	0.877	0.877
BRCA2	RAD54L	9606.ENSP00000369497	9606.ENSP00000361043	0	0	0	0	0.219	0.073	0	0.723	0.782
BRCA2	FANCG	9606.ENSP00000369497	9606.ENSP00000367910	0	0	0	0	0.067	0.735	0	0.990	0.997
BRCA2	RAD50	9606.ENSP00000369497	9606.ENSP00000368100	0	0	0	0	0.118	0.292	0.500	0.321	0.759
BRCA2	RECQL4	9606.ENSP00000369497	9606.ENSP00000482313	0	0	0	0	0.146	0	0	0.578	0.624
BRCA2	ERCC2	9606.ENSP00000369497	9606.ENSP00000375809	0	0	0	0	0.063	0	0	0.628	0.636
BRCA2	MAP3K1	9606.ENSP00000369497	9606.ENSP00000382423	0	0	0	0	0.048	0	0	0.645	0.648
BRCA2	RECQL	9606.ENSP00000369497	9606.ENSP00000416739	0	0	0	0	0.074	0	0	0.644	0.656
BRCA2	TOP2A	9606.ENSP00000369497	9606.ENSP00000411532	0	0	0	0	0.256	0.165	0	0.498	0.661
BRCA2	CTCF	9606.ENSP00000369497	9606.ENSP00000494538	0	0	0	0	0.044	0	0	0.676	0.677
BRCA2	ESR1	9606.ENSP00000369497	9606.ENSP00000405330	0	0	0	0	0	0	0	0.723	0.723
BRCA2	MUTYH	9606.ENSP00000369497	9606.ENSP00000500891	0	0	0	0	0	0	0	0.728	0.728
BRCA2	KEAP1	9606.ENSP00000369497	9606.ENSP00000377245	0	0	0	0	0	0.516	0	0.551	0.773
BRCA2	CDKN2A	9606.ENSP00000369497	9606.ENSP00000418915	0	0	0	0	0.043	0	0	0.805	0.806
BRCA2	PMS1	9606.ENSP00000369497	9606.ENSP00000406490	0	0	0	0	0.056	0.142	0.540	0.629	0.843
BRCA2	POLD1	9606.ENSP00000369497	9606.ENSP00000472445	0	0	0	0	0.134	0	0.540	0.761	0.896
BRCA2	FANCL	9606.ENSP00000369497	9606.ENSP00000385021	0	0	0	0	0.067	0	0	0.899	0.902
BRCA2	FANCB	9606.ENSP00000369497	9606.ENSP00000498215	0	0	0	0	0.216	0	0	0.890	0.910
BRCA2	ERCC5	9606.ENSP00000369497	9606.ENSP00000498881	0	0	0	0	0.056	0.292	0.540	0.750	0.913
BRCA2	TP53BP1	9606.ENSP00000369497	9606.ENSP00000371475	0	0	0	0	0	0.571	0.360	0.740	0.922
BRCA2	FANCA	9606.ENSP00000369497	9606.ENSP00000373952	0	0	0	0	0.186	0	0	0.962	0.968
BRCA2	CHEK2	9606.ENSP00000369497	9606.ENSP00000372023	0	0	0	0	0.100	0.532	0	0.968	0.985
BRCA2	EMSY	9606.ENSP00000369497	9606.ENSP00000433205	0	0	0	0	0.056	0.292	0	0.996	0.997
BRCA2	RAD51	9606.ENSP00000369497	9606.ENSP00000493712	0	0	0	0	0.280	0.996	0.900	0.999	0.999
BRD4	CRBN	9606.ENSP00000263377	9606.ENSP00000231948	0	0	0	0	0	0.900	0	0.794	0.978
BRD4	MSH6	9606.ENSP00000263377	9606.ENSP00000234420	0	0	0	0	0.067	0.625	0	0.159	0.680
BRD4	IRF1	9606.ENSP00000263377	9606.ENSP00000245414	0	0	0	0	0.049	0	0	0.624	0.627
BRD4	H3-3B	9606.ENSP00000263377	9606.ENSP00000254810	0	0	0	0	0.079	0.580	0	0.989	0.995
BRD4	VHL	9606.ENSP00000263377	9606.ENSP00000256474	0	0	0	0	0.049	0.926	0	0.203	0.939
BRD4	CREBBP	9606.ENSP00000263377	9606.ENSP00000262367	0	0	0	0.550	0.194	0.311	0	0.519	0.710
BRD4	EP300	9606.ENSP00000263377	9606.ENSP00000263253	0	0	0	0.549	0.326	0.787	0	0.927	0.988
BRD4	CHD2	9606.ENSP00000263377	9606.ENSP00000377747	0	0	0	0	0.078	0.553	0	0.111	0.602
BRD4	CEBPA	9606.ENSP00000263377	9606.ENSP00000427514	0	0	0	0	0.042	0.094	0	0.589	0.612
BRD4	CTR9	9606.ENSP00000263377	9606.ENSP00000355013	0	0	0	0	0.083	0.510	0	0.207	0.612
BRD4	IKZF1	9606.ENSP00000263377	9606.ENSP00000331614	0	0	0	0	0.043	0.059	0	0.605	0.613
BRD4	RB1	9606.ENSP00000263377	9606.ENSP00000267163	0	0	0	0	0.042	0.462	0	0.312	0.614
BRD4	SMC3	9606.ENSP00000263377	9606.ENSP00000354720	0	0	0	0	0.080	0.314	0	0.439	0.615
BRD4	SMAD3	9606.ENSP00000263377	9606.ENSP00000332973	0	0	0	0	0.055	0	0	0.626	0.631
BRD4	PBRM1	9606.ENSP00000263377	9606.ENSP00000386593	0	0	0	0.547	0.109	0.516	0	0.217	0.633
BRD4	RAD21	9606.ENSP00000263377	9606.ENSP00000297338	0	0	0	0	0.083	0.325	0	0.458	0.635
BRD4	MLLT3	9606.ENSP00000263377	9606.ENSP00000369695	0	0	0	0	0	0.112	0	0.613	0.642
BRD4	SMARCA2	9606.ENSP00000263377	9606.ENSP00000371638	0	0	0	0	0.081	0.334	0	0.464	0.644
BRD4	NOTCH1	9606.ENSP00000263377	9606.ENSP00000498587	0	0	0	0	0.061	0.066	0	0.628	0.646
BRD4	HOXA9	9606.ENSP00000263377	9606.ENSP00000343619	0	0	0	0	0	0	0	0.651	0.651
BRD4	DNMT3A	9606.ENSP00000263377	9606.ENSP00000264709	0	0	0	0	0.056	0.053	0	0.654	0.663
BRD4	KDM6A	9606.ENSP00000263377	9606.ENSP00000367203	0	0	0	0	0	0.464	0	0.425	0.678
BRD4	TRRAP	9606.ENSP00000263377	9606.ENSP00000352925	0	0	0	0	0.099	0.510	0	0.344	0.685
BRD4	DEK	9606.ENSP00000263377	9606.ENSP00000498653	0	0	0	0	0.075	0.510	0	0.370	0.689
BRD4	CUL3	9606.ENSP00000263377	9606.ENSP00000264414	0	0	0	0	0.060	0.510	0	0.382	0.690
BRD4	SUZ12	9606.ENSP00000263377	9606.ENSP00000316578	0	0	0	0	0.067	0.510	0	0.396	0.699
BRD4	TP53BP1	9606.ENSP00000263377	9606.ENSP00000371475	0	0	0	0	0.062	0.073	0	0.684	0.701
BRD4	SMARCB1	9606.ENSP00000263377	9606.ENSP00000340883	0	0	0	0	0.083	0.510	0	0.410	0.711
BRD4	MED12	9606.ENSP00000263377	9606.ENSP00000363193	0	0	0	0	0.084	0.516	0	0.422	0.721
BRD4	CTCF	9606.ENSP00000263377	9606.ENSP00000494538	0	0	0	0	0.120	0.305	0	0.588	0.726
BRD4	EP400	9606.ENSP00000263377	9606.ENSP00000374212	0	0	0	0	0.313	0.493	0	0.360	0.758
BRD4	PARP1	9606.ENSP00000263377	9606.ENSP00000355759	0	0	0	0	0.055	0.510	0	0.536	0.766
BRD4	DNMT1	9606.ENSP00000263377	9606.ENSP00000352516	0	0	0	0	0.055	0.625	0	0.459	0.791
BRD4	NUMA1	9606.ENSP00000263377	9606.ENSP00000377298	0	0	0	0	0.089	0.786	0	0.166	0.823
BRD4	H3C1	9606.ENSP00000263377	9606.ENSP00000480826	0	0	0	0	0.054	0.814	0	0.113	0.831
BRD4	SMC1A	9606.ENSP00000263377	9606.ENSP00000323421	0	0	0	0	0.111	0.644	0	0.578	0.855
BRD4	KMT2A	9606.ENSP00000263377	9606.ENSP00000436786	0	0	0	0	0.170	0.631	0	0.611	0.870
BRD4	TOP2A	9606.ENSP00000263377	9606.ENSP00000411532	0	0	0	0	0.049	0.743	0	0.513	0.870
BRD4	DOT1L	9606.ENSP00000263377	9606.ENSP00000381657	0	0	0	0	0.070	0	0	0.868	0.873
BRD4	MYCN	9606.ENSP00000263377	9606.ENSP00000281043	0	0	0	0	0.055	0	0	0.889	0.890
BRD4	ELOC	9606.ENSP00000263377	9606.ENSP00000478121	0	0	0	0	0.062	0.897	0	0.249	0.921
BRD4	HDAC1	9606.ENSP00000263377	9606.ENSP00000362649	0	0	0	0	0.098	0.791	0	0.775	0.954
BRD4	SMARCA4	9606.ENSP00000263377	9606.ENSP00000343896	0	0	0	0	0.117	0.797	0	0.783	0.957
BRD4	NUTM1	9606.ENSP00000263377	9606.ENSP00000444896	0	0	0	0	0	0	0	0.981	0.981
BRD4	CHD4	9606.ENSP00000263377	9606.ENSP00000440542	0	0	0	0	0.231	0.849	0	0.915	0.989
BRD4	TP53	9606.ENSP00000263377	9606.ENSP00000269305	0	0	0	0	0.049	0.735	0	0.966	0.990
BRD4	H3C13	9606.ENSP00000263377	9606.ENSP00000333277	0	0	0	0	0.079	0.393	0	0.988	0.993
BRD4	NSD3	9606.ENSP00000263377	9606.ENSP00000313983	0	0	0	0	0.120	0.986	0	0.983	0.999
BRIP1	ERCC1	9606.ENSP00000259008	9606.ENSP00000013807	0	0	0	0	0.049	0	0.400	0.542	0.716
BRIP1	FANCE	9606.ENSP00000259008	9606.ENSP00000229769	0.041	0	0	0	0.049	0	0	0.894	0.895
BRIP1	MLH1	9606.ENSP00000259008	9606.ENSP00000231790	0	0	0	0	0.088	0.994	0.900	0.950	0.999
BRIP1	MSH2	9606.ENSP00000259008	9606.ENSP00000233146	0	0	0	0	0.140	0.265	0	0.699	0.793
BRIP1	RTEL1	9606.ENSP00000259008	9606.ENSP00000353332	0	0	0	0.655	0.042	0	0.500	0.294	0.632
BRIP1	TP53	9606.ENSP00000259008	9606.ENSP00000269305	0	0	0	0	0.067	0	0.400	0.418	0.645
BRIP1	RECQL4	9606.ENSP00000259008	9606.ENSP00000482313	0.047	0	0	0	0.117	0	0	0.622	0.654
BRIP1	POLQ	9606.ENSP00000259008	9606.ENSP00000264233	0	0	0	0	0.449	0	0	0.399	0.655
BRIP1	POLE	9606.ENSP00000259008	9606.ENSP00000322570	0.042	0	0	0	0.148	0.071	0.400	0.367	0.660
BRIP1	ERCC2	9606.ENSP00000259008	9606.ENSP00000375809	0	0	0	0.619	0.075	0	0.500	0.351	0.674
BRIP1	CHEK2	9606.ENSP00000259008	9606.ENSP00000372023	0	0	0	0	0.150	0	0	0.633	0.675
BRIP1	RECQL	9606.ENSP00000259008	9606.ENSP00000416739	0	0	0	0	0.060	0	0	0.675	0.682
BRIP1	RAD50	9606.ENSP00000259008	9606.ENSP00000368100	0.056	0	0	0	0.049	0.328	0.500	0.222	0.723
BRIP1	PMS1	9606.ENSP00000259008	9606.ENSP00000406490	0	0	0	0	0.101	0.602	0	0.359	0.750
BRIP1	RAD52	9606.ENSP00000259008	9606.ENSP00000351284	0	0	0	0	0.047	0.176	0.500	0.537	0.794
BRIP1	POLD1	9606.ENSP00000259008	9606.ENSP00000472445	0.042	0	0	0	0.127	0.071	0.500	0.565	0.800
BRIP1	ERCC4	9606.ENSP00000259008	9606.ENSP00000310520	0	0	0	0	0.123	0	0.400	0.685	0.820
BRIP1	ERCC3	9606.ENSP00000259008	9606.ENSP00000285398	0	0	0	0	0.069	0.576	0	0.689	0.866
BRIP1	FANCG	9606.ENSP00000259008	9606.ENSP00000367910	0	0	0	0	0.118	0	0	0.875	0.885
BRIP1	FANCA	9606.ENSP00000259008	9606.ENSP00000373952	0	0	0	0	0.190	0	0	0.890	0.907
BRIP1	SLX4	9606.ENSP00000259008	9606.ENSP00000294008	0.069	0	0	0	0.109	0	0.500	0.803	0.907
BRIP1	FANCL	9606.ENSP00000259008	9606.ENSP00000385021	0	0	0	0	0.068	0	0	0.910	0.912
BRIP1	WRN	9606.ENSP00000259008	9606.ENSP00000298139	0.047	0	0	0	0.108	0	0.500	0.825	0.915
BRIP1	FANCB	9606.ENSP00000259008	9606.ENSP00000498215	0	0	0	0	0.090	0	0	0.917	0.921
BRIP1	RAD51C	9606.ENSP00000259008	9606.ENSP00000336701	0.057	0	0	0	0.155	0	0.500	0.869	0.941
BRIP1	RAD51	9606.ENSP00000259008	9606.ENSP00000493712	0.057	0	0	0	0.276	0	0.500	0.875	0.951
BRIP1	FANCM	9606.ENSP00000259008	9606.ENSP00000267430	0	0	0	0	0.154	0.091	0	0.964	0.969
BRIP1	FANCI	9606.ENSP00000259008	9606.ENSP00000310842	0	0	0	0	0.256	0	0	0.993	0.994
BRIP1	FANCD2	9606.ENSP00000259008	9606.ENSP00000287647	0	0	0	0	0.209	0.515	0	0.993	0.997
BRIP1	PALB2	9606.ENSP00000259008	9606.ENSP00000261584	0	0	0	0	0.149	0.292	0.900	0.980	0.998
BRIP1	MRE11	9606.ENSP00000259008	9606.ENSP00000325863	0	0	0	0	0.117	0.994	0.500	0.497	0.998
BRIP1	NBN	9606.ENSP00000259008	9606.ENSP00000265433	0	0	0	0	0.063	0.994	0.500	0.548	0.998
BTK	NFKBIA	9606.ENSP00000483570	9606.ENSP00000216797	0	0	0	0	0.110	0.095	0	0.578	0.630
BTK	PIK3R2	9606.ENSP00000483570	9606.ENSP00000222254	0	0	0	0.551	0.049	0.093	0.900	0.242	0.925
BTK	CRBN	9606.ENSP00000483570	9606.ENSP00000231948	0	0	0	0	0	0	0	0.836	0.836
BTK	TRAF2	9606.ENSP00000483570	9606.ENSP00000247668	0	0	0	0	0.069	0.090	0.900	0.116	0.915
BTK	PIK3R3	9606.ENSP00000483570	9606.ENSP00000262741	0	0	0	0.567	0	0.241	0.900	0.126	0.927
BTK	PIK3CA	9606.ENSP00000483570	9606.ENSP00000263967	0	0	0	0	0.057	0.069	0.900	0.461	0.946
BTK	TP53	9606.ENSP00000483570	9606.ENSP00000269305	0	0	0	0	0.063	0.164	0	0.593	0.654
BTK	GNAQ	9606.ENSP00000483570	9606.ENSP00000286548	0	0	0	0	0.075	0.292	0.500	0.512	0.818
BTK	STAT6	9606.ENSP00000483570	9606.ENSP00000300134	0	0	0	0	0.120	0.096	0	0.586	0.642
BTK	IKZF1	9606.ENSP00000483570	9606.ENSP00000331614	0	0	0	0	0.369	0.071	0	0.401	0.618
BTK	STAT5A	9606.ENSP00000483570	9606.ENSP00000341208	0	0	0	0	0.194	0.332	0	0.743	0.850
BTK	RAC1	9606.ENSP00000483570	9606.ENSP00000348461	0	0	0	0	0.142	0.110	0.500	0.110	0.615
BTK	SYK	9606.ENSP00000483570	9606.ENSP00000364898	0	0	0	0.652	0.297	0.292	0.900	0.987	0.999
BTK	WAS	9606.ENSP00000483570	9606.ENSP00000365891	0	0	0	0	0.392	0.534	0.400	0.879	0.976
BTK	PIK3CD	9606.ENSP00000483570	9606.ENSP00000366563	0	0	0	0	0.112	0.069	0.900	0.770	0.978
BTK	CD79B	9606.ENSP00000483570	9606.ENSP00000376544	0	0	0	0	0.280	0	0.400	0.927	0.965
BTK	CARD11	9606.ENSP00000483570	9606.ENSP00000380150	0	0	0	0	0.142	0.090	0	0.763	0.798
BTK	CXCR4	9606.ENSP00000483570	9606.ENSP00000386884	0	0	0	0	0.182	0	0	0.542	0.609
BTK	INPP5D	9606.ENSP00000483570	9606.ENSP00000405338	0	0	0	0	0.230	0.095	0	0.649	0.734
BTK	PTPRC	9606.ENSP00000483570	9606.ENSP00000411355	0	0	0	0	0.401	0.097	0	0.464	0.685
BTK	PIK3R1	9606.ENSP00000483570	9606.ENSP00000428056	0	0	0	0.551	0.044	0.093	0.900	0.466	0.947
BTK	LYN	9606.ENSP00000483570	9606.ENSP00000428924	0	0	0.098	0.857	0.175	0.292	0.900	0.961	0.997
BTK	GTF2I	9606.ENSP00000483570	9606.ENSP00000460070	0	0	0	0	0.042	0.820	0	0.886	0.978
BTK	PLCG2	9606.ENSP00000483570	9606.ENSP00000482457	0	0	0	0	0.302	0.512	0.900	0.997	0.999
BTK	CTNNB1	9606.ENSP00000483570	9606.ENSP00000495360	0	0	0	0	0.044	0.098	0	0.591	0.616
BTK	CDC42	9606.ENSP00000483570	9606.ENSP00000497733	0	0	0	0	0.118	0.110	0.400	0.354	0.655
BTK	PRKCB	9606.ENSP00000483570	9606.ENSP00000496129	0	0	0	0.569	0.216	0.298	0	0.624	0.775
BTK	PIK3CB	9606.ENSP00000483570	9606.ENSP00000501150	0	0	0	0	0.057	0.069	0.900	0.433	0.943
BUB1B	H3-3B	9606.ENSP00000287598	9606.ENSP00000254810	0	0	0	0	0.117	0.111	0	0.552	0.618
BUB1B	TP53	9606.ENSP00000287598	9606.ENSP00000269305	0	0	0	0	0.080	0.164	0	0.696	0.745
BUB1B	NUF2	9606.ENSP00000287598	9606.ENSP00000271452	0	0	0	0	0.853	0.189	0.500	0.717	0.980
BUB1B	RANBP2	9606.ENSP00000287598	9606.ENSP00000283195	0	0	0	0	0.071	0.046	0.500	0.507	0.752
BUB1B	CHEK2	9606.ENSP00000287598	9606.ENSP00000372023	0	0	0	0	0.212	0	0	0.518	0.604
BUB1B	HDAC1	9606.ENSP00000287598	9606.ENSP00000362649	0	0	0	0	0.088	0.511	0	0.190	0.607
BUB1B	NUMA1	9606.ENSP00000287598	9606.ENSP00000377298	0	0	0	0	0.135	0.136	0	0.516	0.607
BUB1B	H3C13	9606.ENSP00000287598	9606.ENSP00000333277	0	0	0	0	0.112	0.111	0	0.552	0.616
BUB1B	GTSE1	9606.ENSP00000287598	9606.ENSP00000415430	0	0	0	0	0.448	0	0	0.335	0.617
BUB1B	CCNB3	9606.ENSP00000287598	9606.ENSP00000365210	0	0	0	0	0.238	0.279	0	0.358	0.617
BUB1B	STIL	9606.ENSP00000287598	9606.ENSP00000360944	0	0	0	0	0.496	0	0	0.305	0.635
BUB1B	EML4	9606.ENSP00000287598	9606.ENSP00000320663	0	0	0	0	0.080	0.288	0.500	0.115	0.671
BUB1B	CLIP1	9606.ENSP00000287598	9606.ENSP00000479322	0	0	0	0	0.042	0.069	0.500	0.356	0.674
BUB1B	ESCO2	9606.ENSP00000287598	9606.ENSP00000306999	0	0	0	0	0.587	0.096	0	0.275	0.706
BUB1B	RAD54L	9606.ENSP00000287598	9606.ENSP00000361043	0	0	0	0	0.526	0.092	0	0.454	0.745
BUB1B	FANCI	9606.ENSP00000287598	9606.ENSP00000310842	0	0	0	0	0.588	0	0	0.577	0.818
BUB1B	NUP98	9606.ENSP00000287598	9606.ENSP00000316032	0	0	0	0	0.097	0	0.500	0.660	0.833
BUB1B	MKI67	9606.ENSP00000287598	9606.ENSP00000357643	0	0	0	0	0.863	0.292	0	0.359	0.932
BUB1B	RAD51	9606.ENSP00000287598	9606.ENSP00000493712	0	0	0	0	0.595	0.071	0.720	0.521	0.942
BUB1B	TOP2A	9606.ENSP00000287598	9606.ENSP00000411532	0	0	0	0	0.925	0	0	0.747	0.980
BUB1B	FZR1	9606.ENSP00000287598	9606.ENSP00000378529	0	0	0	0	0.208	0.758	0.540	0.813	0.981
BUB1B	TRIM33	9606.ENSP00000287598	9606.ENSP00000351250	0	0	0	0	0.062	0.994	0	0.064	0.994
BUB1B	KNL1	9606.ENSP00000287598	9606.ENSP00000335463	0	0	0	0	0.403	0.977	0.500	0.984	0.999
CACNA1D	PPP2R2A	9606.ENSP00000288139	9606.ENSP00000325074	0	0	0	0	0	0	0.650	0	0.650
CACNA1D	PRKCB	9606.ENSP00000288139	9606.ENSP00000496129	0	0	0	0	0	0	0.900	0.366	0.933
CACNA1D	PRKACA	9606.ENSP00000288139	9606.ENSP00000309591	0	0	0	0	0	0	0.900	0.382	0.935
CALR	XBP1	9606.ENSP00000320866	9606.ENSP00000216037	0	0	0	0	0.139	0	0	0.827	0.844
CALR	STAT5B	9606.ENSP00000320866	9606.ENSP00000293328	0	0	0	0	0.045	0	0	0.619	0.620
CALR	MERTK	9606.ENSP00000320866	9606.ENSP00000295408	0	0	0	0	0.044	0.099	0	0.590	0.616
CALR	STAT5A	9606.ENSP00000320866	9606.ENSP00000341208	0	0	0	0	0.045	0	0	0.609	0.610
CALR	TET2	9606.ENSP00000320866	9606.ENSP00000442788	0	0	0	0	0	0	0	0.621	0.621
CALR	CEBPA	9606.ENSP00000320866	9606.ENSP00000427514	0	0	0	0	0.055	0	0	0.637	0.642
CALR	SRSF2	9606.ENSP00000320866	9606.ENSP00000376276	0	0	0	0	0.049	0	0	0.663	0.665
CAMTA1	TFE3	9606.ENSP00000306522	9606.ENSP00000314129	0	0	0	0	0	0	0	0.714	0.714
CAMTA1	WWTR1	9606.ENSP00000306522	9606.ENSP00000419465	0	0	0	0	0	0	0	0.864	0.864
CANT1	ETV4	9606.ENSP00000307674	9606.ENSP00000321835	0	0	0	0	0.042	0	0	0.626	0.626
CANT1	GMPS	9606.ENSP00000307674	9606.ENSP00000419851	0	0	0	0	0	0	0.900	0.108	0.907
CARD11	NFKBIA	9606.ENSP00000380150	9606.ENSP00000216797	0	0	0	0	0	0.098	0.500	0.691	0.848
CARD11	REL	9606.ENSP00000380150	9606.ENSP00000295025	0	0	0	0	0.047	0.125	0.500	0.582	0.802
CARD11	KMT2D	9606.ENSP00000380150	9606.ENSP00000301067	0	0	0	0	0.049	0	0	0.598	0.601
CARD11	CD28	9606.ENSP00000380150	9606.ENSP00000324890	0	0	0	0	0.083	0	0	0.895	0.899
CARD11	MAP3K7	9606.ENSP00000380150	9606.ENSP00000358335	0	0	0	0	0.060	0.644	0.500	0.589	0.922
CARD11	SYK	9606.ENSP00000380150	9606.ENSP00000364898	0	0	0	0	0.130	0.090	0	0.705	0.746
CARD11	CD79B	9606.ENSP00000380150	9606.ENSP00000376544	0	0	0	0	0.228	0	0	0.854	0.883
CARD11	LYN	9606.ENSP00000380150	9606.ENSP00000428924	0	0	0	0	0.096	0.090	0	0.599	0.641
CARD11	ITK	9606.ENSP00000380150	9606.ENSP00000398655	0	0	0	0	0.152	0.090	0	0.640	0.698
CARD11	PRKCB	9606.ENSP00000380150	9606.ENSP00000496129	0	0	0	0	0.072	0.317	0.900	0.620	0.972
CBFA2T3	TCF3	9606.ENSP00000268679	9606.ENSP00000262965	0	0	0	0	0.049	0.528	0	0.757	0.881
CBFA2T3	MECOM	9606.ENSP00000268679	9606.ENSP00000264674	0	0	0	0	0.051	0.041	0	0.608	0.612
CBFA2T3	PRDM14	9606.ENSP00000268679	9606.ENSP00000276594	0	0	0	0	0.051	0.689	0	0.253	0.760
CBFA2T3	NCOR1	9606.ENSP00000268679	9606.ENSP00000268712	0	0	0	0	0.055	0.510	0	0.680	0.838
CBFA2T3	HDAC1	9606.ENSP00000268679	9606.ENSP00000362649	0	0	0	0	0.055	0.510	0	0.767	0.882
CCNB1IP1	LPP	9606.ENSP00000409896	9606.ENSP00000491657	0	0	0	0	0	0	0	0.648	0.648
CCNB3	CDK4	9606.ENSP00000365210	9606.ENSP00000257904	0	0	0	0	0.343	0.306	0	0.311	0.658
CCNB3	CDK6	9606.ENSP00000365210	9606.ENSP00000265734	0	0	0	0	0.343	0.306	0	0.323	0.664
CCNB3	FZR1	9606.ENSP00000365210	9606.ENSP00000378529	0	0	0	0	0.395	0.312	0.650	0.428	0.905
CCNE1	CDK4	9606.ENSP00000262643	9606.ENSP00000257904	0	0	0	0	0.087	0.995	0.800	0.896	0.999
CCNE1	CHEK2	9606.ENSP00000262643	9606.ENSP00000372023	0	0	0	0	0.264	0	0	0.481	0.602
CCNE1	PTEN	9606.ENSP00000262643	9606.ENSP00000361021	0	0	0	0	0.082	0	0	0.597	0.615
CCNE1	PIK3CA	9606.ENSP00000262643	9606.ENSP00000263967	0	0	0	0	0	0.071	0	0.620	0.631
CCNE1	NOTCH1	9606.ENSP00000262643	9606.ENSP00000498587	0	0	0	0	0	0.071	0	0.627	0.638
CCNE1	LATS2	9606.ENSP00000262643	9606.ENSP00000372035	0	0	0	0	0	0.180	0	0.608	0.665
CCNE1	ERBB2	9606.ENSP00000262643	9606.ENSP00000269571	0	0	0	0	0	0.092	0	0.656	0.675
CCNE1	CTNNB1	9606.ENSP00000262643	9606.ENSP00000495360	0	0	0	0	0	0.305	0	0.565	0.685
CCNE1	SMARCA4	9606.ENSP00000262643	9606.ENSP00000343896	0	0	0	0	0.087	0.544	0	0.325	0.695
CCNE1	H1-5	9606.ENSP00000262643	9606.ENSP00000330074	0	0	0	0	0.048	0.742	0	0.049	0.746
CCNE1	EGFR	9606.ENSP00000262643	9606.ENSP00000275493	0	0	0	0	0	0.092	0	0.738	0.752
CCNE1	TERT	9606.ENSP00000262643	9606.ENSP00000309572	0	0	0	0	0.083	0.192	0	0.709	0.766
CCNE1	CDKN2A	9606.ENSP00000262643	9606.ENSP00000418915	0	0	0	0	0.072	0.167	0	0.779	0.814
CCNE1	CUL3	9606.ENSP00000262643	9606.ENSP00000264414	0	0	0	0	0	0.748	0	0.301	0.816
CCNE1	PDCD11	9606.ENSP00000262643	9606.ENSP00000358812	0	0	0	0	0.825	0	0	0	0.825
CCNE1	TP53	9606.ENSP00000262643	9606.ENSP00000269305	0	0	0	0	0	0	0.400	0.882	0.926
CCNE1	RB1	9606.ENSP00000262643	9606.ENSP00000267163	0	0	0	0	0.189	0.863	0.900	0.584	0.994
CCNE1	CDK6	9606.ENSP00000262643	9606.ENSP00000265734	0	0	0	0	0.077	0.995	0.800	0.885	0.999
CCT6B	TP53	9606.ENSP00000327191	9606.ENSP00000269305	0	0	0	0	0	0	0.500	0.364	0.668
CCT6B	TSC1	9606.ENSP00000327191	9606.ENSP00000298552	0	0	0	0	0.339	0.127	0.900	0.116	0.942
CD28	PIK3R2	9606.ENSP00000324890	9606.ENSP00000222254	0	0	0	0	0	0.292	0.900	0.137	0.933
CD28	PIK3R3	9606.ENSP00000324890	9606.ENSP00000262741	0	0	0	0	0	0	0.900	0.108	0.906
CD28	PIK3CA	9606.ENSP00000324890	9606.ENSP00000263967	0	0	0	0	0.057	0.292	0.900	0.220	0.940
CD28	ERBB2	9606.ENSP00000324890	9606.ENSP00000269571	0	0	0	0	0.055	0	0	0.726	0.730
CD28	EGFR	9606.ENSP00000324890	9606.ENSP00000275493	0	0	0	0	0.055	0	0	0.652	0.657
CD28	STAT5B	9606.ENSP00000324890	9606.ENSP00000293328	0	0	0	0	0.055	0	0	0.599	0.605
CD28	STAT5A	9606.ENSP00000324890	9606.ENSP00000341208	0	0	0	0	0.087	0	0	0.597	0.616
CD28	GATA3	9606.ENSP00000324890	9606.ENSP00000368632	0	0	0	0	0.092	0	0	0.610	0.630
CD28	CDC42	9606.ENSP00000324890	9606.ENSP00000497733	0	0	0	0	0.086	0	0.500	0.287	0.645
CD28	TNFRSF14	9606.ENSP00000324890	9606.ENSP00000347948	0	0	0	0	0.121	0	0	0.621	0.653
CD28	IRF4	9606.ENSP00000324890	9606.ENSP00000370343	0	0	0	0	0.275	0	0	0.546	0.657
CD28	NFATC2	9606.ENSP00000324890	9606.ENSP00000379330	0	0	0	0	0.124	0.086	0	0.649	0.694
CD28	FAS	9606.ENSP00000324890	9606.ENSP00000498466	0	0	0	0	0.042	0	0	0.730	0.730
CD28	PTPRC	9606.ENSP00000324890	9606.ENSP00000411355	0	0	0	0	0.172	0	0	0.769	0.800
CD28	PIK3CB	9606.ENSP00000324890	9606.ENSP00000501150	0	0	0	0	0.057	0	0.900	0.200	0.917
CD28	IL10	9606.ENSP00000324890	9606.ENSP00000412237	0	0	0	0	0.098	0	0	0.917	0.922
CD28	PIK3CD	9606.ENSP00000324890	9606.ENSP00000366563	0	0	0	0	0.104	0	0.900	0.415	0.943
CD28	CD58	9606.ENSP00000324890	9606.ENSP00000358501	0	0	0	0	0	0	0	0.967	0.967
CD28	ITK	9606.ENSP00000324890	9606.ENSP00000398655	0	0	0	0	0.449	0	0	0.954	0.973
CD28	PIK3R1	9606.ENSP00000324890	9606.ENSP00000428056	0	0	0	0	0.044	0.923	0.900	0.221	0.993
CD58	TNFRSF14	9606.ENSP00000358501	9606.ENSP00000347948	0	0	0	0	0.088	0	0	0.586	0.606
CD58	CXCR4	9606.ENSP00000358501	9606.ENSP00000386884	0	0	0	0	0.110	0	0	0.595	0.624
CD58	MUC1	9606.ENSP00000358501	9606.ENSP00000484824	0	0	0	0	0.057	0.105	0	0.614	0.646
CD58	PTPRC	9606.ENSP00000358501	9606.ENSP00000411355	0	0	0	0	0.115	0.050	0	0.681	0.708
CD79B	CREBBP	9606.ENSP00000376544	9606.ENSP00000262367	0	0	0	0	0	0	0	0.639	0.639
CD79B	SYK	9606.ENSP00000376544	9606.ENSP00000364898	0	0	0	0	0.200	0.292	0.400	0.993	0.997
CD79B	PIK3CD	9606.ENSP00000376544	9606.ENSP00000366563	0	0	0	0	0.109	0	0.500	0.662	0.836
CD79B	IRF4	9606.ENSP00000376544	9606.ENSP00000370343	0	0	0	0	0.191	0	0	0.541	0.613
CD79B	TCL1A	9606.ENSP00000376544	9606.ENSP00000451506	0	0	0	0	0.424	0	0	0.419	0.651
CD79B	PIK3R1	9606.ENSP00000376544	9606.ENSP00000428056	0	0	0	0	0.044	0	0.500	0.459	0.718
CD79B	PTPRC	9606.ENSP00000376544	9606.ENSP00000411355	0	0	0	0	0.231	0.292	0	0.543	0.729
CD79B	POU2AF1	9606.ENSP00000376544	9606.ENSP00000376786	0	0	0	0	0.636	0	0	0.506	0.812
CD79B	PLCG2	9606.ENSP00000376544	9606.ENSP00000482457	0	0	0	0	0.202	0	0.400	0.665	0.825
CD79B	MS4A1	9606.ENSP00000376544	9606.ENSP00000433277	0	0	0	0	0.710	0	0	0.601	0.879
CD79B	LYN	9606.ENSP00000376544	9606.ENSP00000428924	0	0	0	0	0.108	0	0.900	0.975	0.997
CDC42	MYH9	9606.ENSP00000497733	9606.ENSP00000216181	0	0	0	0	0.056	0.095	0.500	0.375	0.697
CDC42	PIK3R2	9606.ENSP00000497733	9606.ENSP00000222254	0	0	0	0	0.042	0.175	0.900	0.718	0.974
CDC42	CDH1	9606.ENSP00000497733	9606.ENSP00000261769	0	0	0	0	0	0.296	0.400	0.697	0.861
CDC42	PIK3R3	9606.ENSP00000497733	9606.ENSP00000262741	0	0	0	0	0.042	0.054	0.900	0.278	0.925
CDC42	KDR	9606.ENSP00000497733	9606.ENSP00000263923	0	0	0	0	0.055	0.071	0.900	0.449	0.945
CDC42	PIK3CA	9606.ENSP00000497733	9606.ENSP00000263967	0	0	0	0	0.073	0.504	0.900	0.664	0.982
CDC42	CDH2	9606.ENSP00000497733	9606.ENSP00000269141	0	0	0	0	0	0.048	0.500	0.720	0.855
CDC42	TP53	9606.ENSP00000497733	9606.ENSP00000269305	0	0	0	0	0.060	0.160	0	0.721	0.760
CDC42	ERBB2	9606.ENSP00000497733	9606.ENSP00000269571	0	0	0	0	0	0.211	0	0.729	0.777
CDC42	SH3GL1	9606.ENSP00000497733	9606.ENSP00000269886	0	0	0	0	0.049	0	0.500	0.252	0.613
CDC42	RASA1	9606.ENSP00000497733	9606.ENSP00000274376	0	0	0	0	0.060	0.092	0	0.928	0.933
CDC42	EGFR	9606.ENSP00000497733	9606.ENSP00000275493	0	0	0	0	0.042	0.211	0.500	0.895	0.955
CDC42	PAK1	9606.ENSP00000497733	9606.ENSP00000278568	0	0	0	0	0.092	0.993	0.900	0.993	0.999
CDC42	KIT	9606.ENSP00000497733	9606.ENSP00000288135	0	0	0	0	0.105	0.071	0	0.591	0.630
CDC42	PREX2	9606.ENSP00000497733	9606.ENSP00000288368	0	0	0	0	0	0.506	0.400	0.525	0.847
CDC42	LRRK2	9606.ENSP00000497733	9606.ENSP00000298910	0	0	0	0	0.081	0.545	0	0.525	0.784
CDC42	CTNNA1	9606.ENSP00000497733	9606.ENSP00000304669	0	0	0	0	0.074	0.337	0.500	0.297	0.755
CDC42	PRKACA	9606.ENSP00000497733	9606.ENSP00000309591	0	0	0	0	0.150	0.217	0	0.518	0.651
CDC42	MEF2C	9606.ENSP00000497733	9606.ENSP00000340874	0	0	0	0	0.086	0.046	0.500	0.234	0.621
CDC42	SMAD4	9606.ENSP00000497733	9606.ENSP00000341551	0	0	0	0	0.112	0.051	0	0.576	0.611
CDC42	NF2	9606.ENSP00000497733	9606.ENSP00000344666	0	0	0	0	0.054	0.192	0.500	0.461	0.766
CDC42	RAC1	9606.ENSP00000497733	9606.ENSP00000348461	0	0	0.055	0.969	0.108	0.207	0.700	0.462	0.872
CDC42	PAK3	9606.ENSP00000497733	9606.ENSP00000353864	0	0	0	0	0.086	0.669	0.900	0.869	0.995
CDC42	PTEN	9606.ENSP00000497733	9606.ENSP00000361021	0	0	0	0	0.057	0.099	0.900	0.704	0.971
CDC42	RALGDS	9606.ENSP00000497733	9606.ENSP00000361120	0	0	0	0	0	0.359	0	0.442	0.627
CDC42	SYK	9606.ENSP00000497733	9606.ENSP00000364898	0	0	0	0	0.111	0.110	0.500	0.483	0.768
CDC42	WAS	9606.ENSP00000497733	9606.ENSP00000365891	0	0	0	0	0.077	0.992	0.900	0.999	0.999
CDC42	PIK3CD	9606.ENSP00000497733	9606.ENSP00000366563	0	0	0	0	0.069	0.504	0.900	0.339	0.965
CDC42	MAP3K1	9606.ENSP00000497733	9606.ENSP00000382423	0	0	0	0	0.112	0.128	0.900	0.629	0.967
CDC42	CXCR4	9606.ENSP00000497733	9606.ENSP00000386884	0	0	0	0	0.113	0.167	0	0.587	0.668
CDC42	RHOA	9606.ENSP00000497733	9606.ENSP00000400175	0	0	0.062	0.948	0.361	0.295	0.900	0.103	0.955
CDC42	FNBP1	9606.ENSP00000497733	9606.ENSP00000413625	0	0	0	0	0.054	0.265	0.400	0.843	0.926
CDC42	CDKN2A	9606.ENSP00000497733	9606.ENSP00000418915	0	0	0	0	0.046	0.265	0	0.660	0.741
CDC42	ROBO1	9606.ENSP00000497733	9606.ENSP00000420321	0	0	0	0	0.052	0.177	0.500	0.593	0.820
CDC42	SLIT2	9606.ENSP00000497733	9606.ENSP00000422591	0	0	0	0	0	0.100	0.500	0.398	0.705
CDC42	PIK3R1	9606.ENSP00000497733	9606.ENSP00000428056	0	0	0	0	0.074	0.683	0.900	0.768	0.992
CDC42	LYN	9606.ENSP00000497733	9606.ENSP00000428924	0	0	0	0	0.089	0.223	0	0.650	0.731
CDC42	USP6	9606.ENSP00000497733	9606.ENSP00000460380	0	0	0	0	0	0.292	0	0.492	0.624
CDC42	CLIP1	9606.ENSP00000497733	9606.ENSP00000479322	0	0	0	0	0.049	0.294	0.500	0.945	0.979
CDC42	CTNNB1	9606.ENSP00000497733	9606.ENSP00000495360	0	0	0	0	0.138	0.178	0.500	0.772	0.908
CDC42	PIK3CB	9606.ENSP00000497733	9606.ENSP00000501150	0	0	0	0	0.061	0.954	0.900	0.859	0.999
CDH1	H3-3B	9606.ENSP00000261769	9606.ENSP00000254810	0	0	0	0	0	0.047	0	0.629	0.631
CDH1	CDK4	9606.ENSP00000261769	9606.ENSP00000257904	0	0	0	0	0	0.310	0	0.600	0.712
CDH1	EP300	9606.ENSP00000261769	9606.ENSP00000263253	0	0	0	0	0.042	0.298	0	0.453	0.600
CDH1	PTPRC	9606.ENSP00000261769	9606.ENSP00000411355	0	0	0	0	0	0.102	0	0.574	0.601
CDH1	RAF1	9606.ENSP00000261769	9606.ENSP00000401888	0	0	0	0	0	0.067	0	0.590	0.601
CDH1	MKI67	9606.ENSP00000261769	9606.ENSP00000357643	0	0	0	0	0	0.292	0	0.470	0.609
CDH1	FGF10	9606.ENSP00000261769	9606.ENSP00000264664	0	0	0	0	0.058	0	0	0.609	0.616
CDH1	RAC1	9606.ENSP00000261769	9606.ENSP00000348461	0	0	0	0	0	0.047	0.400	0.386	0.618
CDH1	H3C13	9606.ENSP00000261769	9606.ENSP00000333277	0	0	0	0	0	0.047	0	0.626	0.628
CDH1	LMNA	9606.ENSP00000261769	9606.ENSP00000357283	0	0	0	0	0	0.405	0	0.408	0.632
CDH1	TGFBR2	9606.ENSP00000261769	9606.ENSP00000351905	0	0	0	0	0	0.152	0	0.600	0.646
CDH1	LATS1	9606.ENSP00000261769	9606.ENSP00000437550	0	0	0	0	0	0	0	0.659	0.659
CDH1	NOTCH1	9606.ENSP00000261769	9606.ENSP00000498587	0	0	0	0	0.042	0.103	0	0.637	0.661
CDH1	CDK6	9606.ENSP00000261769	9606.ENSP00000265734	0	0	0	0	0	0.310	0	0.535	0.666
CDH1	MTOR	9606.ENSP00000261769	9606.ENSP00000354558	0	0	0	0	0	0.071	0	0.663	0.673
CDH1	PGR	9606.ENSP00000261769	9606.ENSP00000325120	0	0	0	0	0.062	0	0	0.670	0.677
CDH1	MUC1	9606.ENSP00000261769	9606.ENSP00000484824	0	0	0	0	0.099	0.046	0	0.657	0.679
CDH1	NDRG1	9606.ENSP00000261769	9606.ENSP00000404854	0	0	0	0	0	0.545	0	0.394	0.712
CDH1	CDKN2A	9606.ENSP00000261769	9606.ENSP00000418915	0	0	0	0	0	0.046	0	0.712	0.713
CDH1	HIF1A	9606.ENSP00000261769	9606.ENSP00000437955	0	0	0	0	0	0	0	0.721	0.721
CDH1	SMAD3	9606.ENSP00000261769	9606.ENSP00000332973	0	0	0	0	0	0.045	0	0.723	0.724
CDH1	SOX2	9606.ENSP00000261769	9606.ENSP00000323588	0	0	0	0	0.055	0	0	0.726	0.730
CDH1	IGF1	9606.ENSP00000261769	9606.ENSP00000376637	0	0	0	0	0	0	0	0.731	0.731
CDH1	DDR1	9606.ENSP00000261769	9606.ENSP00000427552	0	0	0	0	0.110	0.292	0	0.609	0.732
CDH1	CREBBP	9606.ENSP00000261769	9606.ENSP00000262367	0	0	0	0	0	0.595	0	0.392	0.744
CDH1	CXCR4	9606.ENSP00000261769	9606.ENSP00000386884	0	0	0	0	0	0	0	0.747	0.747
CDH1	RHOA	9606.ENSP00000261769	9606.ENSP00000400175	0	0	0	0	0	0.140	0	0.722	0.751
CDH1	DNMT1	9606.ENSP00000261769	9606.ENSP00000352516	0	0	0	0	0	0.095	0	0.755	0.768
CDH1	CDH11	9606.ENSP00000261769	9606.ENSP00000268603	0	0	0.098	0.778	0.044	0	0.540	0.497	0.774
CDH1	HDAC1	9606.ENSP00000261769	9606.ENSP00000362649	0	0	0	0	0	0.292	0	0.696	0.775
CDH1	KDR	9606.ENSP00000261769	9606.ENSP00000263923	0	0	0	0	0.042	0.045	0	0.779	0.780
CDH1	ESR1	9606.ENSP00000261769	9606.ENSP00000405330	0	0	0	0	0.045	0	0	0.802	0.803
CDH1	SMAD4	9606.ENSP00000261769	9606.ENSP00000341551	0	0	0	0	0	0.045	0	0.803	0.804
CDH1	RPL5	9606.ENSP00000261769	9606.ENSP00000359345	0	0	0	0	0.048	0.800	0	0.096	0.812
CDH1	RPL22	9606.ENSP00000261769	9606.ENSP00000346088	0	0	0	0	0	0.800	0	0.104	0.813
CDH1	TP53	9606.ENSP00000261769	9606.ENSP00000269305	0	0	0	0	0.049	0	0	0.852	0.853
CDH1	NF2	9606.ENSP00000261769	9606.ENSP00000344666	0	0	0	0	0	0.080	0	0.853	0.859
CDH1	PTEN	9606.ENSP00000261769	9606.ENSP00000361021	0	0	0	0	0.053	0	0	0.929	0.930
CDH1	MET	9606.ENSP00000261769	9606.ENSP00000317272	0	0	0	0	0.050	0.311	0	0.943	0.959
CDH1	ERBB2	9606.ENSP00000261769	9606.ENSP00000269571	0	0	0	0	0.139	0.108	0	0.964	0.970
CDH1	CDH2	9606.ENSP00000261769	9606.ENSP00000269141	0	0	0.055	0.916	0	0	0.720	0.983	0.995
CDH1	CTNNB1	9606.ENSP00000261769	9606.ENSP00000495360	0	0	0	0	0.063	0.999	0.900	0.999	0.999
CDH1	CTNNA1	9606.ENSP00000261769	9606.ENSP00000304669	0	0	0	0	0.050	0.858	0.900	0.979	0.999
CDH1	EGFR	9606.ENSP00000261769	9606.ENSP00000275493	0	0	0	0	0.055	0.815	0	0.995	0.999
CDH11	COL1A1	9606.ENSP00000268603	9606.ENSP00000225964	0	0	0	0	0.369	0.045	0	0.450	0.640
CDH11	PDGFRA	9606.ENSP00000268603	9606.ENSP00000257290	0	0	0	0	0.357	0.314	0	0.325	0.676
CDH11	CTNNA1	9606.ENSP00000268603	9606.ENSP00000304669	0	0	0	0	0.043	0.208	0.540	0.534	0.815
CDH11	CDH2	9606.ENSP00000268603	9606.ENSP00000269141	0	0	0.111	0.828	0.107	0.295	0.540	0.863	0.958
CDH11	CTNNB1	9606.ENSP00000268603	9606.ENSP00000495360	0	0	0	0	0	0.770	0.540	0.946	0.993
CDH2	COL1A1	9606.ENSP00000269141	9606.ENSP00000225964	0	0	0	0	0.072	0.045	0	0.597	0.611
CDH2	CREBBP	9606.ENSP00000269141	9606.ENSP00000262367	0	0	0	0	0	0.519	0	0.870	0.934
CDH2	SLC9A3R1	9606.ENSP00000269141	9606.ENSP00000262613	0	0	0	0	0	0.324	0	0.546	0.680
CDH2	FGF10	9606.ENSP00000269141	9606.ENSP00000264664	0	0	0	0	0.058	0	0	0.880	0.882
CDH2	NOTCH1	9606.ENSP00000269141	9606.ENSP00000498587	0	0	0	0	0.044	0.066	0	0.589	0.601
CDH2	HIF1A	9606.ENSP00000269141	9606.ENSP00000437955	0	0	0	0	0.049	0	0	0.625	0.628
CDH2	MEF2C	9606.ENSP00000269141	9606.ENSP00000340874	0	0	0	0	0	0	0.500	0.290	0.630
CDH2	SMAD3	9606.ENSP00000269141	9606.ENSP00000332973	0	0	0	0	0	0.052	0	0.636	0.640
CDH2	TP53	9606.ENSP00000269141	9606.ENSP00000269305	0	0	0	0	0	0	0	0.658	0.658
CDH2	SOX2	9606.ENSP00000269141	9606.ENSP00000323588	0	0	0	0	0.097	0	0	0.671	0.690
CDH2	ERBB2	9606.ENSP00000269141	9606.ENSP00000269571	0	0	0	0	0	0.328	0	0.622	0.735
CDH2	MET	9606.ENSP00000269141	9606.ENSP00000317272	0	0	0	0	0.060	0.184	0	0.701	0.750
CDH2	SMAD4	9606.ENSP00000269141	9606.ENSP00000341551	0	0	0	0	0	0.045	0	0.750	0.751
CDH2	PTEN	9606.ENSP00000269141	9606.ENSP00000361021	0	0	0	0	0.053	0	0	0.750	0.754
CDH2	RHOA	9606.ENSP00000269141	9606.ENSP00000400175	0	0	0	0	0	0.088	0	0.767	0.779
CDH2	LRP5	9606.ENSP00000269141	9606.ENSP00000294304	0	0	0	0	0.046	0.094	0	0.766	0.780
CDH2	EGFR	9606.ENSP00000269141	9606.ENSP00000275493	0	0	0	0	0.067	0.328	0	0.678	0.780
CDH2	CTNNA1	9606.ENSP00000269141	9606.ENSP00000304669	0	0	0	0	0	0.836	0.720	0.800	0.990
CDH2	CTNNB1	9606.ENSP00000269141	9606.ENSP00000495360	0	0	0	0	0.061	0.942	0.720	0.999	0.999
CDK4	TSC2	9606.ENSP00000257904	9606.ENSP00000219476	0	0	0	0	0.049	0.337	0	0.489	0.650
CDK4	MLH1	9606.ENSP00000257904	9606.ENSP00000231790	0	0.025	0	0	0.102	0.071	0.500	0.458	0.743
CDK4	RECQL4	9606.ENSP00000257904	9606.ENSP00000482313	0	0	0	0	0.149	0.357	0	0.326	0.600
CDK4	RUNX2	9606.ENSP00000257904	9606.ENSP00000360493	0	0	0	0	0	0.051	0.400	0.365	0.607
CDK4	HIF1A	9606.ENSP00000257904	9606.ENSP00000437955	0	0	0	0	0.086	0.192	0	0.527	0.620
CDK4	MYCN	9606.ENSP00000257904	9606.ENSP00000281043	0	0	0	0	0.043	0.088	0	0.600	0.621
CDK4	PBRM1	9606.ENSP00000257904	9606.ENSP00000386593	0	0	0	0	0.063	0	0.500	0.284	0.635
CDK4	HDAC1	9606.ENSP00000257904	9606.ENSP00000362649	0	0	0	0	0.108	0.246	0	0.502	0.636
CDK4	MTOR	9606.ENSP00000257904	9606.ENSP00000354558	0	0	0	0	0.055	0.068	0	0.628	0.644
CDK4	CHEK2	9606.ENSP00000257904	9606.ENSP00000372023	0	0	0.103	0.631	0.084	0.447	0	0.308	0.644
CDK4	POLD1	9606.ENSP00000257904	9606.ENSP00000472445	0	0	0	0	0.156	0.333	0	0.437	0.655
CDK4	SMARCA2	9606.ENSP00000257904	9606.ENSP00000371638	0	0	0	0	0.055	0.098	0.500	0.288	0.656
CDK4	MKI67	9606.ENSP00000257904	9606.ENSP00000357643	0	0	0	0	0.150	0	0	0.622	0.666
CDK4	MED12	9606.ENSP00000257904	9606.ENSP00000363193	0	0	0	0	0.057	0.050	0.540	0.303	0.674
CDK4	NF1	9606.ENSP00000257904	9606.ENSP00000351015	0	0	0	0	0.141	0	0	0.657	0.693
CDK4	DNMT3A	9606.ENSP00000257904	9606.ENSP00000264709	0	0	0	0	0.083	0	0.500	0.387	0.694
CDK4	RAD51C	9606.ENSP00000257904	9606.ENSP00000336701	0	0	0	0	0.142	0.068	0.400	0.456	0.704
CDK4	PIK3CA	9606.ENSP00000257904	9606.ENSP00000263967	0	0	0	0	0	0	0	0.709	0.709
CDK4	ESR1	9606.ENSP00000257904	9606.ENSP00000405330	0	0	0	0	0	0.045	0	0.717	0.718
CDK4	FZR1	9606.ENSP00000257904	9606.ENSP00000378529	0	0	0	0	0.370	0.387	0	0.336	0.721
CDK4	DNMT1	9606.ENSP00000257904	9606.ENSP00000352516	0	0	0	0	0.168	0.066	0	0.690	0.738
CDK4	SMARCA4	9606.ENSP00000257904	9606.ENSP00000343896	0	0	0	0	0.097	0.098	0.500	0.459	0.750
CDK4	SMARCB1	9606.ENSP00000257904	9606.ENSP00000340883	0	0	0	0	0.100	0.126	0.500	0.447	0.753
CDK4	TERT	9606.ENSP00000257904	9606.ENSP00000309572	0	0	0	0	0.067	0.177	0	0.708	0.756
CDK4	PARP1	9606.ENSP00000257904	9606.ENSP00000355759	0	0	0	0	0.194	0	0	0.709	0.756
CDK4	TOP2A	9606.ENSP00000257904	9606.ENSP00000411532	0	0	0	0	0.395	0.053	0	0.636	0.773
CDK4	H3C13	9606.ENSP00000257904	9606.ENSP00000333277	0	0	0	0	0.084	0.071	0.500	0.532	0.774
CDK4	CTNNB1	9606.ENSP00000257904	9606.ENSP00000495360	0	0	0	0	0.044	0.086	0	0.784	0.795
CDK4	PTEN	9606.ENSP00000257904	9606.ENSP00000361021	0	0	0	0	0.078	0.236	0	0.824	0.865
CDK4	SMAD3	9606.ENSP00000257904	9606.ENSP00000332973	0	0	0	0	0.045	0.597	0	0.743	0.892
CDK4	RAD51	9606.ENSP00000257904	9606.ENSP00000493712	0	0	0	0	0.229	0.071	0.800	0.468	0.913
CDK4	TP53	9606.ENSP00000257904	9606.ENSP00000269305	0	0	0	0	0.117	0.554	0	0.922	0.966
CDK4	CEBPA	9606.ENSP00000257904	9606.ENSP00000427514	0	0	0	0	0.047	0.646	0.900	0.774	0.991
CDK4	RB1	9606.ENSP00000257904	9606.ENSP00000267163	0	0	0	0	0.077	0.994	0.900	0.984	0.999
CDK4	CDKN2A	9606.ENSP00000257904	9606.ENSP00000418915	0	0	0	0	0.058	0.994	0.900	0.999	0.999
CDK4	CDKN2C	9606.ENSP00000257904	9606.ENSP00000262662	0	0	0	0	0.074	0.994	0.900	0.997	0.999
CDK4	CDK6	9606.ENSP00000257904	9606.ENSP00000265734	0	0	0.055	0.970	0.072	0.720	0.900	0.983	0.999
CDK6	CDKN2C	9606.ENSP00000265734	9606.ENSP00000262662	0	0	0	0	0.080	0.999	0.900	0.997	0.999
CDK6	MLLT3	9606.ENSP00000265734	9606.ENSP00000369695	0	0	0	0	0.048	0.166	0	0.551	0.612
CDK6	MYCN	9606.ENSP00000265734	9606.ENSP00000281043	0	0	0	0	0.049	0.088	0	0.593	0.616
CDK6	TOP2A	9606.ENSP00000265734	9606.ENSP00000411532	0	0	0	0	0.394	0.053	0	0.395	0.623
CDK6	PARP1	9606.ENSP00000265734	9606.ENSP00000355759	0	0	0	0	0.115	0	0	0.593	0.625
CDK6	HDAC1	9606.ENSP00000265734	9606.ENSP00000362649	0	0	0	0	0.044	0.091	0	0.627	0.647
CDK6	MED12	9606.ENSP00000265734	9606.ENSP00000363193	0	0	0	0	0.060	0.050	0.540	0.256	0.654
CDK6	NPM1	9606.ENSP00000265734	9606.ENSP00000296930	0	0	0	0	0.163	0.071	0	0.597	0.659
CDK6	RAD51	9606.ENSP00000265734	9606.ENSP00000493712	0	0	0	0	0.241	0.071	0	0.601	0.694
CDK6	FZR1	9606.ENSP00000265734	9606.ENSP00000378529	0	0	0	0	0.370	0.383	0	0.301	0.705
CDK6	CTNNB1	9606.ENSP00000265734	9606.ENSP00000495360	0	0	0	0	0.042	0.415	0	0.593	0.752
CDK6	PTEN	9606.ENSP00000265734	9606.ENSP00000361021	0	0	0	0	0.078	0.126	0	0.773	0.801
CDK6	TP53	9606.ENSP00000265734	9606.ENSP00000269305	0	0	0	0	0.063	0.179	0	0.771	0.808
CDK6	RB1	9606.ENSP00000265734	9606.ENSP00000267163	0	0	0	0	0.095	0.871	0.900	0.840	0.997
CDK6	CDKN2A	9606.ENSP00000265734	9606.ENSP00000418915	0	0	0	0	0.044	0.999	0.900	0.998	0.999
CDKN2A	MLH1	9606.ENSP00000418915	9606.ENSP00000231790	0	0	0	0	0	0	0	0.855	0.855
CDKN2A	MSH2	9606.ENSP00000418915	9606.ENSP00000233146	0	0	0	0	0.049	0.045	0	0.654	0.658
CDKN2A	MSH6	9606.ENSP00000418915	9606.ENSP00000234420	0	0	0	0	0.047	0.045	0	0.624	0.628
CDKN2A	FLT3	9606.ENSP00000418915	9606.ENSP00000241453	0	0	0	0	0.106	0	0	0.705	0.725
CDKN2A	H3-3B	9606.ENSP00000418915	9606.ENSP00000254810	0	0	0	0	0.042	0.078	0.500	0.666	0.832
CDKN2A	VHL	9606.ENSP00000418915	9606.ENSP00000256474	0	0	0	0	0	0.496	0	0.245	0.603
CDKN2A	PDGFRA	9606.ENSP00000418915	9606.ENSP00000257290	0	0	0	0	0.103	0.173	0	0.666	0.730
CDKN2A	PALB2	9606.ENSP00000418915	9606.ENSP00000261584	0	0	0	0	0.056	0.128	0	0.625	0.664
CDKN2A	CREBBP	9606.ENSP00000418915	9606.ENSP00000262367	0	0	0	0	0	0	0.500	0.524	0.751
CDKN2A	CDKN2C	9606.ENSP00000418915	9606.ENSP00000262662	0	0	0	0.821	0.085	0.329	0.500	0.470	0.815
CDKN2A	EP300	9606.ENSP00000418915	9606.ENSP00000263253	0	0	0	0	0.042	0.133	0.500	0.702	0.859
CDKN2A	PIK3CA	9606.ENSP00000418915	9606.ENSP00000263967	0	0	0	0	0	0	0	0.791	0.791
CDKN2A	DNMT3A	9606.ENSP00000418915	9606.ENSP00000264709	0	0	0	0	0.042	0.072	0	0.624	0.637
CDKN2A	RB1	9606.ENSP00000418915	9606.ENSP00000267163	0	0	0	0	0	0.052	0	0.842	0.843
CDKN2A	TP53	9606.ENSP00000418915	9606.ENSP00000269305	0	0	0	0	0	0.874	0.900	0.970	0.999
CDKN2A	ERBB2	9606.ENSP00000418915	9606.ENSP00000269571	0	0	0	0	0.062	0.045	0	0.767	0.773
CDKN2A	RASA1	9606.ENSP00000418915	9606.ENSP00000274376	0	0	0	0	0.042	0.127	0	0.774	0.794
CDKN2A	EGFR	9606.ENSP00000418915	9606.ENSP00000275493	0	0	0	0	0.069	0.045	0	0.906	0.910
CDKN2A	MYCN	9606.ENSP00000418915	9606.ENSP00000281043	0	0	0	0	0	0.294	0	0.703	0.782
CDKN2A	KIT	9606.ENSP00000418915	9606.ENSP00000288135	0	0	0	0	0	0	0	0.669	0.669
CDKN2A	TLX3	9606.ENSP00000418915	9606.ENSP00000296921	0	0	0	0	0.061	0	0	0.597	0.605
CDKN2A	NPM1	9606.ENSP00000418915	9606.ENSP00000296930	0	0	0	0	0	0.874	0	0.995	0.999
CDKN2A	WRN	9606.ENSP00000418915	9606.ENSP00000298139	0	0	0	0	0.047	0.292	0.400	0.449	0.747
CDKN2A	TERT	9606.ENSP00000418915	9606.ENSP00000309572	0	0	0	0	0	0.175	0	0.787	0.817
CDKN2A	SUZ12	9606.ENSP00000418915	9606.ENSP00000316578	0	0	0	0	0	0.047	0	0.605	0.607
CDKN2A	SOX2	9606.ENSP00000418915	9606.ENSP00000323588	0	0	0	0	0.044	0.041	0	0.705	0.706
CDKN2A	STK11	9606.ENSP00000418915	9606.ENSP00000324856	0	0	0	0	0	0.186	0	0.793	0.824
CDKN2A	IKZF1	9606.ENSP00000418915	9606.ENSP00000331614	0	0	0	0	0	0.091	0	0.586	0.607
CDKN2A	SMAD3	9606.ENSP00000418915	9606.ENSP00000332973	0	0	0	0	0.042	0.046	0	0.805	0.806
CDKN2A	H3C13	9606.ENSP00000418915	9606.ENSP00000333277	0	0	0	0	0.042	0.078	0.500	0.627	0.813
CDKN2A	FGFR3	9606.ENSP00000418915	9606.ENSP00000339824	0	0	0	0	0	0	0	0.775	0.775
CDKN2A	SMARCB1	9606.ENSP00000418915	9606.ENSP00000340883	0	0	0	0	0.042	0.092	0	0.623	0.643
CDKN2A	SMAD4	9606.ENSP00000418915	9606.ENSP00000341551	0	0	0	0	0.042	0.046	0	0.850	0.851
CDKN2A	SMARCA4	9606.ENSP00000418915	9606.ENSP00000343896	0	0	0	0	0.042	0.328	0	0.730	0.811
CDKN2A	NF2	9606.ENSP00000418915	9606.ENSP00000344666	0	0	0	0	0.042	0	0	0.670	0.670
CDKN2A	NF1	9606.ENSP00000418915	9606.ENSP00000351015	0	0	0	0	0.042	0.043	0	0.771	0.772
CDKN2A	DNMT1	9606.ENSP00000418915	9606.ENSP00000352516	0	0	0	0	0.057	0	0	0.698	0.703
CDKN2A	MTOR	9606.ENSP00000418915	9606.ENSP00000354558	0	0	0	0	0.042	0.107	0	0.586	0.615
CDKN2A	PTEN	9606.ENSP00000418915	9606.ENSP00000361021	0	0	0	0	0.053	0.188	0	0.908	0.923
CDKN2A	HDAC1	9606.ENSP00000418915	9606.ENSP00000362649	0	0	0	0	0	0.331	0	0.705	0.794
CDKN2A	KDM6A	9606.ENSP00000418915	9606.ENSP00000367203	0	0	0	0	0.052	0.107	0	0.585	0.618
CDKN2A	WT1	9606.ENSP00000418915	9606.ENSP00000368370	0	0	0	0	0	0.091	0	0.602	0.623
CDKN2A	GATA3	9606.ENSP00000418915	9606.ENSP00000368632	0	0	0	0	0	0.049	0	0.643	0.646
CDKN2A	CHEK2	9606.ENSP00000418915	9606.ENSP00000372023	0	0	0	0	0.044	0	0	0.758	0.758
CDKN2A	LATS2	9606.ENSP00000418915	9606.ENSP00000372035	0	0	0	0	0	0.185	0	0.565	0.630
CDKN2A	ETV6	9606.ENSP00000418915	9606.ENSP00000379658	0	0	0	0	0.044	0	0	0.600	0.601
CDKN2A	SETD2	9606.ENSP00000418915	9606.ENSP00000386759	0	0	0	0	0.042	0.106	0	0.583	0.612
CDKN2A	RHOA	9606.ENSP00000418915	9606.ENSP00000400175	0	0	0	0	0.053	0.215	0	0.511	0.605
CDKN2A	ESR1	9606.ENSP00000418915	9606.ENSP00000405330	0	0	0	0	0	0	0	0.667	0.667
CDKN2A	TOP2A	9606.ENSP00000418915	9606.ENSP00000411532	0	0	0	0	0.068	0.046	0	0.649	0.661
CDKN2A	MUC1	9606.ENSP00000418915	9606.ENSP00000484824	0	0	0	0	0.058	0	0	0.639	0.645
CDKN2A	PTPN11	9606.ENSP00000418915	9606.ENSP00000489597	0	0	0	0	0.047	0.053	0	0.659	0.665
CDKN2A	RNF43	9606.ENSP00000418915	9606.ENSP00000463069	0	0	0	0	0	0	0	0.700	0.700
CDKN2A	NOTCH1	9606.ENSP00000418915	9606.ENSP00000498587	0	0	0	0	0.064	0.098	0	0.698	0.723
CDKN2A	CTCF	9606.ENSP00000418915	9606.ENSP00000494538	0	0	0	0	0.042	0.091	0	0.783	0.794
CDKN2A	CTNNB1	9606.ENSP00000418915	9606.ENSP00000495360	0	0	0	0	0.056	0.053	0.500	0.862	0.930
CDKN2A	HIF1A	9606.ENSP00000418915	9606.ENSP00000437955	0	0	0	0	0	0.426	0	0.927	0.956
CDKN2C	MYCN	9606.ENSP00000262662	9606.ENSP00000281043	0	0	0	0	0.042	0.045	0	0.717	0.719
CDKN2C	MEN1	9606.ENSP00000262662	9606.ENSP00000337088	0	0	0	0	0.045	0.254	0	0.717	0.781
CDKN2C	TP53	9606.ENSP00000262662	9606.ENSP00000269305	0	0	0	0	0	0.046	0.900	0.586	0.957
CEBPA	FLT3	9606.ENSP00000427514	9606.ENSP00000241453	0	0	0	0	0.085	0.046	0.900	0.812	0.981
CEBPA	FOXA1	9606.ENSP00000427514	9606.ENSP00000250448	0	0	0	0	0	0.059	0	0.800	0.804
CEBPA	H3-3B	9606.ENSP00000427514	9606.ENSP00000254810	0	0	0	0	0.059	0	0.500	0.487	0.737
CEBPA	CREBBP	9606.ENSP00000427514	9606.ENSP00000262367	0	0	0	0	0	0.091	0.500	0.416	0.711
CEBPA	TCF3	9606.ENSP00000427514	9606.ENSP00000262965	0	0	0	0	0.044	0	0	0.641	0.643
CEBPA	EP300	9606.ENSP00000427514	9606.ENSP00000263253	0	0	0	0	0.060	0.094	0.500	0.797	0.902
CEBPA	MECOM	9606.ENSP00000427514	9606.ENSP00000264674	0	0	0	0	0	0.091	0	0.642	0.660
CEBPA	DNMT3A	9606.ENSP00000427514	9606.ENSP00000264709	0	0	0	0	0.051	0	0	0.716	0.718
CEBPA	IRF8	9606.ENSP00000427514	9606.ENSP00000268638	0	0	0	0	0.109	0.047	0	0.579	0.611
CEBPA	NCOR1	9606.ENSP00000427514	9606.ENSP00000268712	0	0	0	0	0	0	0.500	0.579	0.780
CEBPA	TP53	9606.ENSP00000427514	9606.ENSP00000269305	0	0	0	0	0	0	0	0.930	0.930
CEBPA	PRDM16	9606.ENSP00000427514	9606.ENSP00000270722	0	0	0	0	0	0.094	0	0.757	0.770
CEBPA	KIT	9606.ENSP00000427514	9606.ENSP00000288135	0	0	0	0	0.108	0.046	0	0.666	0.691
CEBPA	NPM1	9606.ENSP00000427514	9606.ENSP00000296930	0	0	0	0	0	0	0	0.813	0.813
CEBPA	EBF1	9606.ENSP00000427514	9606.ENSP00000322898	0	0	0	0	0	0	0.750	0.528	0.876
CEBPA	SOX2	9606.ENSP00000427514	9606.ENSP00000323588	0	0	0	0	0.053	0.068	0	0.642	0.656
CEBPA	SMAD3	9606.ENSP00000427514	9606.ENSP00000332973	0	0	0	0	0	0.292	0	0.841	0.882
CEBPA	H3C13	9606.ENSP00000427514	9606.ENSP00000333277	0	0	0	0	0.059	0	0.500	0.483	0.735
CEBPA	SMAD4	9606.ENSP00000427514	9606.ENSP00000341551	0	0	0	0	0	0.292	0	0.517	0.643
CEBPA	DNMT1	9606.ENSP00000427514	9606.ENSP00000352516	0	0	0	0	0	0	0	0.679	0.679
CEBPA	PARP1	9606.ENSP00000427514	9606.ENSP00000355759	0	0	0	0	0	0.292	0	0.555	0.671
CEBPA	RUNX2	9606.ENSP00000427514	9606.ENSP00000360493	0	0	0	0	0	0.091	0	0.755	0.767
CEBPA	HDAC1	9606.ENSP00000427514	9606.ENSP00000362649	0	0	0	0	0.048	0.636	0	0.838	0.939
CEBPA	WT1	9606.ENSP00000427514	9606.ENSP00000368370	0	0	0	0	0	0.091	0	0.668	0.685
CEBPA	GATA3	9606.ENSP00000427514	9606.ENSP00000368632	0	0	0	0	0	0.091	0	0.701	0.716
CEBPA	FOXO1	9606.ENSP00000427514	9606.ENSP00000368880	0	0	0	0	0.045	0.094	0	0.974	0.975
CEBPA	SMARCA2	9606.ENSP00000427514	9606.ENSP00000371638	0	0	0	0	0.042	0.516	0	0.520	0.758
CEBPA	ETV6	9606.ENSP00000427514	9606.ENSP00000379658	0	0	0	0	0.048	0.051	0	0.714	0.719
CEBPA	NCOR2	9606.ENSP00000427514	9606.ENSP00000384018	0	0	0	0	0.042	0	0.500	0.322	0.646
CEBPA	NCOA2	9606.ENSP00000427514	9606.ENSP00000399968	0	0	0	0	0	0.071	0.500	0.335	0.664
CEBPA	ESR1	9606.ENSP00000427514	9606.ENSP00000405330	0	0	0	0	0	0.294	0	0.464	0.606
CEBPA	RXRA	9606.ENSP00000427514	9606.ENSP00000419692	0	0	0	0	0.183	0.045	0.500	0.488	0.773
CEBPA	DEK	9606.ENSP00000427514	9606.ENSP00000498653	0	0	0	0	0	0	0.500	0.384	0.678
CEBPA	CTCF	9606.ENSP00000427514	9606.ENSP00000494538	0	0	0	0	0	0.091	0	0.662	0.679
CEBPA	TET2	9606.ENSP00000427514	9606.ENSP00000442788	0	0	0	0	0	0	0	0.718	0.718
CEBPA	CTNNB1	9606.ENSP00000427514	9606.ENSP00000495360	0	0	0	0	0.053	0	0	0.730	0.733
CEBPA	HIF1A	9606.ENSP00000427514	9606.ENSP00000437955	0	0	0	0	0.067	0.469	0	0.677	0.826
CHD2	CTR9	9606.ENSP00000377747	9606.ENSP00000355013	0	0	0	0	0.069	0.620	0	0.164	0.679
CHD4	SALL4	9606.ENSP00000440542	9606.ENSP00000217086	0	0	0	0	0.044	0.428	0.500	0.356	0.800
CHD4	IRF1	9606.ENSP00000440542	9606.ENSP00000245414	0	0	0	0	0.046	0.073	0.900	0.107	0.910
CHD4	H3-3B	9606.ENSP00000440542	9606.ENSP00000254810	0	0	0	0	0.063	0.912	0.500	0.884	0.994
CHD4	EP300	9606.ENSP00000440542	9606.ENSP00000263253	0	0	0	0	0.087	0.608	0.400	0.725	0.933
CHD4	NCOR1	9606.ENSP00000440542	9606.ENSP00000268712	0	0	0	0	0.132	0.089	0	0.622	0.675
CHD4	TP53	9606.ENSP00000440542	9606.ENSP00000269305	0	0	0	0	0.049	0.164	0.500	0.445	0.749
CHD4	REST	9606.ENSP00000440542	9606.ENSP00000311816	0	0	0	0	0.062	0.102	0.500	0.176	0.606
CHD4	SUZ12	9606.ENSP00000440542	9606.ENSP00000316578	0	0	0	0	0.076	0.220	0.500	0.426	0.765
CHD4	IKZF1	9606.ENSP00000440542	9606.ENSP00000331614	0	0	0	0	0.057	0.745	0	0.881	0.969
CHD4	H3C13	9606.ENSP00000440542	9606.ENSP00000333277	0	0	0	0	0.055	0.934	0.500	0.884	0.995
CHD4	EED	9606.ENSP00000440542	9606.ENSP00000338186	0	0	0	0	0.143	0.220	0.500	0.355	0.755
CHD4	SMARCA4	9606.ENSP00000440542	9606.ENSP00000343896	0	0	0.181	0.630	0.505	0.826	0	0.575	0.966
CHD4	IKZF3	9606.ENSP00000440542	9606.ENSP00000344544	0	0	0	0	0.055	0.541	0	0.292	0.666
CHD4	ERCC6	9606.ENSP00000440542	9606.ENSP00000348089	0	0	0.227	0.592	0	0	0.500	0.118	0.629
CHD4	SFPQ	9606.ENSP00000440542	9606.ENSP00000349748	0	0	0	0	0.438	0.292	0	0.329	0.710
CHD4	TRIM33	9606.ENSP00000440542	9606.ENSP00000351250	0	0	0	0.549	0.112	0.304	0	0.462	0.638
CHD4	DNMT1	9606.ENSP00000440542	9606.ENSP00000352516	0	0	0	0	0.107	0.525	0	0.634	0.831
CHD4	H2AC17	9606.ENSP00000440542	9606.ENSP00000352627	0	0	0	0	0	0.820	0	0.072	0.826
CHD4	TRRAP	9606.ENSP00000440542	9606.ENSP00000352925	0	0	0	0	0.140	0.257	0	0.545	0.684
CHD4	PARP1	9606.ENSP00000440542	9606.ENSP00000355759	0	0	0	0	0.065	0.698	0	0.423	0.823
CHD4	HDAC1	9606.ENSP00000440542	9606.ENSP00000362649	0	0	0	0	0.365	0.934	0.900	0.996	0.999
CHD4	SPEN	9606.ENSP00000440542	9606.ENSP00000364912	0	0	0	0	0.172	0.510	0	0.136	0.619
CHD4	TRIM27	9606.ENSP00000440542	9606.ENSP00000366404	0	0	0	0	0.069	0.304	0	0.863	0.903
CHD4	GATA3	9606.ENSP00000440542	9606.ENSP00000368632	0	0	0	0	0	0.095	0	0.687	0.704
CHD4	SMARCA2	9606.ENSP00000440542	9606.ENSP00000371638	0	0	0.171	0.638	0.140	0.345	0	0.507	0.739
CHD4	NUMA1	9606.ENSP00000440542	9606.ENSP00000377298	0	0	0	0	0.127	0.632	0	0.177	0.713
CHD4	PBRM1	9606.ENSP00000440542	9606.ENSP00000386593	0	0	0	0	0.212	0.354	0	0.520	0.734
CHD4	TOP2A	9606.ENSP00000440542	9606.ENSP00000411532	0	0	0	0	0.108	0.635	0	0.195	0.715
CHD4	KMT2A	9606.ENSP00000440542	9606.ENSP00000436786	0	0	0	0.546	0.149	0.546	0	0.250	0.685
CHD4	ZFHX3	9606.ENSP00000440542	9606.ENSP00000493252	0	0	0	0	0.060	0.510	0	0.265	0.631
CHD4	RAD51	9606.ENSP00000440542	9606.ENSP00000493712	0.042	0	0	0	0.069	0.145	0	0.647	0.695
CHD4	CTCF	9606.ENSP00000440542	9606.ENSP00000494538	0	0	0	0	0.149	0.102	0	0.715	0.763
CHD4	H3C8	9606.ENSP00000440542	9606.ENSP00000484638	0	0	0	0	0	0.911	0	0.083	0.915
CHD4	H3C1	9606.ENSP00000440542	9606.ENSP00000480826	0	0	0	0	0	0.984	0	0.083	0.985
CHEK2	ERCC1	9606.ENSP00000372023	9606.ENSP00000013807	0	0	0	0	0.049	0.065	0	0.730	0.739
CHEK2	FANCE	9606.ENSP00000372023	9606.ENSP00000229769	0	0	0	0	0.099	0	0	0.694	0.712
CHEK2	MLH1	9606.ENSP00000372023	9606.ENSP00000231790	0	0	0	0	0.095	0	0	0.824	0.834
CHEK2	MSH2	9606.ENSP00000372023	9606.ENSP00000233146	0	0	0	0	0.183	0.536	0	0.841	0.934
CHEK2	MSH6	9606.ENSP00000372023	9606.ENSP00000234420	0	0	0	0	0.183	0.075	0	0.866	0.890
CHEK2	H3-3B	9606.ENSP00000372023	9606.ENSP00000254810	0	0	0	0	0.053	0.159	0	0.613	0.665
CHEK2	PALB2	9606.ENSP00000372023	9606.ENSP00000261584	0	0	0	0	0.068	0	0	0.919	0.921
CHEK2	NBN	9606.ENSP00000372023	9606.ENSP00000265433	0	0	0	0	0	0.336	0.500	0.822	0.935
CHEK2	RB1	9606.ENSP00000372023	9606.ENSP00000267163	0	0	0	0	0.240	0.292	0	0.370	0.631
CHEK2	FANCM	9606.ENSP00000372023	9606.ENSP00000267430	0	0	0	0	0.076	0.319	0	0.729	0.814
CHEK2	TP53	9606.ENSP00000372023	9606.ENSP00000269305	0	0	0	0	0.072	0.833	0.750	0.992	0.999
CHEK2	FANCD2	9606.ENSP00000372023	9606.ENSP00000287647	0	0	0	0	0.140	0	0	0.849	0.865
CHEK2	WRN	9606.ENSP00000372023	9606.ENSP00000298139	0	0	0	0	0.102	0.451	0	0.671	0.824
CHEK2	ERCC4	9606.ENSP00000372023	9606.ENSP00000310520	0	0	0	0	0.094	0.319	0	0.643	0.760
CHEK2	POLE	9606.ENSP00000372023	9606.ENSP00000322570	0	0.023	0	0	0.124	0.297	0	0.669	0.778
CHEK2	SMC1A	9606.ENSP00000372023	9606.ENSP00000323421	0	0	0	0	0.093	0.331	0	0.506	0.675
CHEK2	PPP2R2A	9606.ENSP00000372023	9606.ENSP00000325074	0	0	0	0	0	0.762	0	0.374	0.844
CHEK2	MRE11	9606.ENSP00000372023	9606.ENSP00000325863	0	0	0	0	0.085	0.088	0.500	0.789	0.900
CHEK2	H3C13	9606.ENSP00000372023	9606.ENSP00000333277	0	0	0	0	0.053	0.159	0	0.605	0.658
CHEK2	RAD51C	9606.ENSP00000372023	9606.ENSP00000336701	0	0	0	0	0.196	0.258	0	0.826	0.887
CHEK2	NF1	9606.ENSP00000372023	9606.ENSP00000351015	0	0	0	0	0.049	0.071	0	0.596	0.612
CHEK2	RAD52	9606.ENSP00000372023	9606.ENSP00000351284	0	0	0	0	0.074	0.304	0	0.845	0.891
CHEK2	REV3L	9606.ENSP00000372023	9606.ENSP00000351697	0	0	0	0	0.099	0.480	0	0.480	0.735
CHEK2	ELN	9606.ENSP00000372023	9606.ENSP00000351807	0	0	0	0	0	0.517	0	0.293	0.644
CHEK2	PARP1	9606.ENSP00000372023	9606.ENSP00000355759	0	0	0	0	0.116	0	0	0.755	0.775
CHEK2	PTEN	9606.ENSP00000372023	9606.ENSP00000361021	0	0.008	0	0	0	0.082	0	0.802	0.810
CHEK2	RAD54L	9606.ENSP00000372023	9606.ENSP00000361043	0	0	0	0	0.165	0.118	0	0.653	0.722
CHEK2	RAD50	9606.ENSP00000372023	9606.ENSP00000368100	0	0	0	0	0.050	0.292	0.500	0.437	0.785
CHEK2	TP53BP1	9606.ENSP00000372023	9606.ENSP00000371475	0	0	0	0	0.049	0.883	0.500	0.951	0.996
CHEK2	ERCC2	9606.ENSP00000372023	9606.ENSP00000375809	0	0.004	0	0	0.104	0	0	0.611	0.637
CHEK2	PMS1	9606.ENSP00000372023	9606.ENSP00000406490	0	0	0	0	0.147	0	0	0.658	0.696
CHEK2	FANCA	9606.ENSP00000372023	9606.ENSP00000373952	0	0	0	0	0.125	0	0	0.668	0.697
CHEK2	MUTYH	9606.ENSP00000372023	9606.ENSP00000500891	0	0	0	0	0.110	0	0	0.719	0.739
CHEK2	POLD1	9606.ENSP00000372023	9606.ENSP00000472445	0	0	0	0	0.163	0.297	0	0.613	0.753
CHEK2	RECQL4	9606.ENSP00000372023	9606.ENSP00000482313	0	0	0	0	0.121	0.370	0	0.735	0.840
CHEK2	RAD51	9606.ENSP00000372023	9606.ENSP00000493712	0	0	0	0	0.273	0.252	0	0.882	0.930
CIC	EGFR	9606.ENSP00000458663	9606.ENSP00000275493	0	0	0	0	0	0.163	0	0.565	0.620
CIC	NCOR2	9606.ENSP00000458663	9606.ENSP00000384018	0	0	0	0	0.456	0	0	0.420	0.671
CIITA	IRF1	9606.ENSP00000485010	9606.ENSP00000245414	0	0	0	0	0.168	0	0	0.581	0.637
CIITA	CREBBP	9606.ENSP00000485010	9606.ENSP00000262367	0	0	0	0	0.047	0.292	0	0.664	0.753
CLIP1	HOOK3	9606.ENSP00000479322	9606.ENSP00000305699	0	0	0	0	0.251	0.263	0	0.413	0.648
CLIP1	EML4	9606.ENSP00000479322	9606.ENSP00000320663	0	0	0	0	0.054	0	0.500	0.492	0.739
CLIP1	RAC1	9606.ENSP00000479322	9606.ENSP00000348461	0	0	0	0	0.068	0.294	0.500	0.472	0.803
CLIP1	MTOR	9606.ENSP00000479322	9606.ENSP00000354558	0	0	0	0	0.094	0.345	0.900	0.206	0.946
CLIP1	DCTN1	9606.ENSP00000479322	9606.ENSP00000354791	0	0	0	0.550	0.056	0.981	0	0.954	0.999
CLIP1	NIN	9606.ENSP00000479322	9606.ENSP00000371472	0	0	0	0	0.064	0.219	0	0.516	0.615
CLTC	MYH9	9606.ENSP00000479606	9606.ENSP00000216181	0	0	0	0	0.063	0.168	0	0.553	0.622
CLTC	PIK3CA	9606.ENSP00000479606	9606.ENSP00000263967	0	0	0	0	0.065	0.140	0.500	0.152	0.613
CLTC	TP53	9606.ENSP00000479606	9606.ENSP00000269305	0	0	0	0	0	0.420	0	0.499	0.697
CLTC	SH3GL1	9606.ENSP00000479606	9606.ENSP00000269886	0	0	0	0	0.056	0	0.500	0.407	0.696
CLTC	EGFR	9606.ENSP00000479606	9606.ENSP00000275493	0	0	0	0	0.044	0.103	0.500	0.397	0.707
CLTC	RANBP2	9606.ENSP00000479606	9606.ENSP00000283195	0	0	0	0	0.160	0.191	0.500	0.544	0.824
CLTC	NPM1	9606.ENSP00000479606	9606.ENSP00000296930	0	0	0	0	0.068	0.292	0.400	0.641	0.838
CLTC	TFE3	9606.ENSP00000479606	9606.ENSP00000314129	0	0	0	0	0.049	0.098	0	0.758	0.774
CLTC	PPFIBP1	9606.ENSP00000479606	9606.ENSP00000314724	0	0	0	0	0.049	0	0.500	0.400	0.689
CLTC	EML4	9606.ENSP00000479606	9606.ENSP00000320663	0	0	0	0	0.049	0	0.400	0.444	0.655
CLTC	SFPQ	9606.ENSP00000479606	9606.ENSP00000349748	0	0	0	0	0.121	0	0	0.578	0.613
CLTC	DCTN1	9606.ENSP00000479606	9606.ENSP00000354791	0	0	0	0	0.060	0.074	0.500	0.321	0.664
CLTC	DNM2	9606.ENSP00000479606	9606.ENSP00000373905	0	0	0	0	0.121	0.299	0.500	0.746	0.911
CLTC	PRKAR1A	9606.ENSP00000479606	9606.ENSP00000376475	0	0	0	0	0.138	0	0.400	0.305	0.609
CLTC	SEC31A	9606.ENSP00000479606	9606.ENSP00000378721	0	0	0	0	0.100	0	0.500	0.609	0.808
CLTC	NTRK1	9606.ENSP00000479606	9606.ENSP00000431418	0	0	0	0	0	0.060	0.500	0.254	0.618
CNOT3	TP53	9606.ENSP00000351159	9606.ENSP00000269305	0	0	0	0	0.194	0	0.500	0.503	0.782
CNOT3	RPL5	9606.ENSP00000351159	9606.ENSP00000359345	0	0	0	0	0.056	0.429	0	0.373	0.632
CNTRL	DCTN1	9606.ENSP00000362962	9606.ENSP00000354791	0	0	0	0	0.042	0.092	0.720	0.270	0.798
CNTRL	NIN	9606.ENSP00000362962	9606.ENSP00000371472	0	0	0	0	0.172	0.209	0.720	0.962	0.992
COL18A1	COL1A1	9606.ENSP00000352798	9606.ENSP00000225964	0	0	0.111	0.615	0.149	0.292	0.400	0.273	0.724
COL18A1	FLT4	9606.ENSP00000352798	9606.ENSP00000261937	0	0	0	0	0.058	0	0	0.772	0.776
COL18A1	KDR	9606.ENSP00000352798	9606.ENSP00000263923	0	0	0	0	0.080	0.292	0	0.944	0.960
COL18A1	FGF10	9606.ENSP00000352798	9606.ENSP00000264664	0	0	0	0	0	0	0	0.678	0.678
COL18A1	EGFR	9606.ENSP00000352798	9606.ENSP00000275493	0	0	0	0	0.083	0	0	0.624	0.640
COL18A1	FLT1	9606.ENSP00000352798	9606.ENSP00000282397	0	0	0	0	0.049	0	0	0.738	0.741
COL18A1	COL2A1	9606.ENSP00000352798	9606.ENSP00000369889	0	0	0	0.604	0.060	0	0.400	0.444	0.659
COL1A1	PTEN	9606.ENSP00000225964	9606.ENSP00000361021	0	0	0	0	0.058	0.092	0	0.604	0.631
COL1A1	ZNF384	9606.ENSP00000225964	9606.ENSP00000380019	0	0	0	0	0	0.053	0	0.628	0.632
COL1A1	EGFR	9606.ENSP00000225964	9606.ENSP00000275493	0	0	0	0	0.120	0.100	0	0.600	0.655
COL1A1	TGFBR2	9606.ENSP00000225964	9606.ENSP00000351905	0	0	0	0	0.056	0.084	0	0.646	0.667
COL1A1	PDGFRA	9606.ENSP00000225964	9606.ENSP00000257290	0	0	0	0	0.258	0	0	0.591	0.684
COL1A1	SMAD4	9606.ENSP00000225964	9606.ENSP00000341551	0	0	0	0	0	0.071	0	0.677	0.687
COL1A1	IGF1	9606.ENSP00000225964	9606.ENSP00000376637	0	0	0	0	0.097	0	0	0.697	0.714
COL1A1	DDR1	9606.ENSP00000225964	9606.ENSP00000427552	0	0	0	0	0.069	0	0	0.711	0.719
COL1A1	RB1	9606.ENSP00000225964	9606.ENSP00000267163	0	0	0	0	0	0	0.750	0.104	0.766
COL1A1	SMAD3	9606.ENSP00000225964	9606.ENSP00000332973	0	0	0	0	0	0.126	0	0.751	0.773
COL1A1	COL2A1	9606.ENSP00000225964	9606.ENSP00000369889	0	0	0.054	0.971	0.042	0.075	0.720	0.521	0.867
COL1A1	ELN	9606.ENSP00000225964	9606.ENSP00000351807	0	0	0	0	0.213	0	0	0.849	0.876
COL1A1	RUNX2	9606.ENSP00000225964	9606.ENSP00000360493	0	0	0	0	0.061	0	0.750	0.826	0.955
COL2A1	TRIP11	9606.ENSP00000369889	9606.ENSP00000267622	0	0	0	0	0	0.095	0	0.657	0.676
COL2A1	FGFR3	9606.ENSP00000369889	9606.ENSP00000339824	0	0	0	0	0.084	0.071	0	0.757	0.775
COL2A1	RUNX2	9606.ENSP00000369889	9606.ENSP00000360493	0	0	0	0	0	0	0	0.777	0.777
CRBN	SALL4	9606.ENSP00000231948	9606.ENSP00000217086	0	0	0	0	0	0.785	0	0.527	0.894
CRBN	IRF4	9606.ENSP00000231948	9606.ENSP00000370343	0	0	0	0	0	0.052	0	0.628	0.633
CRBN	TUSC3	9606.ENSP00000231948	9606.ENSP00000424544	0	0	0	0	0	0.900	0	0.223	0.918
CRBN	IKZF1	9606.ENSP00000231948	9606.ENSP00000331614	0	0	0	0	0.042	0.988	0	0.997	0.999
CRBN	CUL4A	9606.ENSP00000231948	9606.ENSP00000364589	0	0	0	0	0.049	0.923	0.900	0.998	0.999
CRBN	IKZF3	9606.ENSP00000231948	9606.ENSP00000344544	0	0	0	0	0	0.820	0	0.997	0.999
CREB3L2	FUS	9606.ENSP00000329140	9606.ENSP00000254108	0	0	0	0	0	0	0	0.888	0.888
CREB3L2	CREBBP	9606.ENSP00000329140	9606.ENSP00000262367	0	0	0	0	0.051	0.073	0.900	0.216	0.921
CREB3L2	EP300	9606.ENSP00000329140	9606.ENSP00000263253	0	0	0	0	0.064	0.073	0.900	0.212	0.922
CREB3L2	PRKACA	9606.ENSP00000329140	9606.ENSP00000309591	0	0	0	0	0	0	0.650	0.074	0.662
CREB3L2	PRKD1	9606.ENSP00000329140	9606.ENSP00000390535	0	0	0	0	0.042	0	0.650	0	0.650
CREB3L2	RPS6KA4	9606.ENSP00000329140	9606.ENSP00000333896	0	0	0	0	0	0	0.650	0	0.650
CREB3L2	PRKCB	9606.ENSP00000329140	9606.ENSP00000496129	0	0	0	0	0	0	0.650	0.091	0.668
CREBBP	NFKBIA	9606.ENSP00000262367	9606.ENSP00000216797	0	0	0	0	0.060	0.292	0	0.643	0.741
CREBBP	H3-3B	9606.ENSP00000262367	9606.ENSP00000254810	0	0	0	0	0.067	0.902	0.500	0.716	0.985
CREBBP	NOTCH2	9606.ENSP00000262367	9606.ENSP00000256646	0	0	0	0	0.049	0.065	0.500	0.639	0.818
CREBBP	KMT2C	9606.ENSP00000262367	9606.ENSP00000262189	0	0	0	0	0.249	0.110	0	0.755	0.822
CREBBP	ZNF217	9606.ENSP00000262367	9606.ENSP00000360526	0	0	0	0	0.101	0.093	0.500	0.135	0.600
CREBBP	PIK3R1	9606.ENSP00000262367	9606.ENSP00000428056	0	0	0	0	0.085	0.045	0	0.584	0.604
CREBBP	NQO1	9606.ENSP00000262367	9606.ENSP00000319788	0	0	0	0	0.042	0	0.500	0.245	0.607
CREBBP	NSD1	9606.ENSP00000262367	9606.ENSP00000395929	0	0	0	0	0.314	0.091	0	0.433	0.616
CREBBP	HNF1B	9606.ENSP00000262367	9606.ENSP00000480291	0	0	0	0	0	0.089	0	0.602	0.622
CREBBP	ERBB2	9606.ENSP00000262367	9606.ENSP00000269571	0	0	0	0	0.049	0.071	0	0.610	0.625
CREBBP	MYBL1	9606.ENSP00000262367	9606.ENSP00000429633	0	0	0	0	0.059	0.546	0	0.224	0.640
CREBBP	CTCF	9606.ENSP00000262367	9606.ENSP00000494538	0	0	0	0	0.166	0.093	0	0.579	0.653
CREBBP	EGFR	9606.ENSP00000262367	9606.ENSP00000275493	0	0	0	0	0.042	0.071	0	0.642	0.653
CREBBP	EP400	9606.ENSP00000262367	9606.ENSP00000374212	0	0	0	0	0.179	0.066	0	0.584	0.653
CREBBP	NFATC2	9606.ENSP00000262367	9606.ENSP00000379330	0	0	0	0	0.097	0.512	0	0.286	0.658
CREBBP	HOXA9	9606.ENSP00000262367	9606.ENSP00000343619	0	0	0	0	0	0.304	0	0.546	0.670
CREBBP	NOTCH3	9606.ENSP00000262367	9606.ENSP00000263388	0	0	0	0	0	0.065	0.500	0.351	0.670
CREBBP	SUZ12	9606.ENSP00000262367	9606.ENSP00000316578	0	0	0	0	0.098	0	0.500	0.330	0.671
CREBBP	TLE3	9606.ENSP00000262367	9606.ENSP00000452871	0	0	0	0	0.106	0.229	0.500	0.199	0.687
CREBBP	PIK3CA	9606.ENSP00000262367	9606.ENSP00000263967	0	0	0	0	0.092	0	0	0.680	0.697
CREBBP	KDM5A	9606.ENSP00000262367	9606.ENSP00000382688	0	0	0	0	0.298	0	0	0.591	0.701
CREBBP	PARP1	9606.ENSP00000262367	9606.ENSP00000355759	0	0	0	0	0.065	0.623	0	0.315	0.738
CREBBP	MED12	9606.ENSP00000262367	9606.ENSP00000363193	0	0	0	0	0.249	0	0.500	0.359	0.738
CREBBP	SMARCA2	9606.ENSP00000262367	9606.ENSP00000371638	0	0	0	0	0.058	0.328	0	0.622	0.740
CREBBP	REL	9606.ENSP00000262367	9606.ENSP00000295025	0	0	0	0	0.060	0.337	0	0.635	0.753
CREBBP	NOTCH1	9606.ENSP00000262367	9606.ENSP00000498587	0	0	0	0	0.076	0.065	0.500	0.556	0.783
CREBBP	RUNX2	9606.ENSP00000262367	9606.ENSP00000360493	0	0	0	0	0.047	0.294	0	0.703	0.783
CREBBP	GATA3	9606.ENSP00000262367	9606.ENSP00000368632	0	0	0	0	0	0.346	0	0.707	0.801
CREBBP	SETD2	9606.ENSP00000262367	9606.ENSP00000386759	0	0	0	0	0.327	0.091	0	0.706	0.805
CREBBP	KDM6A	9606.ENSP00000262367	9606.ENSP00000367203	0	0	0	0	0.187	0.102	0	0.762	0.811
CREBBP	NUP98	9606.ENSP00000262367	9606.ENSP00000316032	0	0	0	0	0.157	0.510	0	0.588	0.815
CREBBP	PML	9606.ENSP00000262367	9606.ENSP00000268058	0	0	0	0	0.060	0.783	0	0.230	0.829
CREBBP	EBF1	9606.ENSP00000262367	9606.ENSP00000322898	0	0	0	0	0	0.311	0.500	0.557	0.834
CREBBP	PRKACA	9606.ENSP00000262367	9606.ENSP00000309591	0	0	0	0	0.042	0	0.650	0.549	0.835
CREBBP	KMT2D	9606.ENSP00000262367	9606.ENSP00000301067	0	0	0	0	0.236	0.110	0	0.824	0.870
CREBBP	NCOR2	9606.ENSP00000262367	9606.ENSP00000384018	0	0	0	0	0.259	0.304	0.500	0.563	0.872
CREBBP	H3C8	9606.ENSP00000262367	9606.ENSP00000484638	0	0	0	0	0	0.902	0	0.088	0.907
CREBBP	TCF3	9606.ENSP00000262367	9606.ENSP00000262965	0	0	0	0	0.059	0.822	0	0.547	0.917
CREBBP	SMAD4	9606.ENSP00000262367	9606.ENSP00000341551	0	0	0	0	0.191	0.316	0	0.862	0.917
CREBBP	STAT5B	9606.ENSP00000262367	9606.ENSP00000293328	0	0	0	0	0.098	0.294	0.650	0.740	0.934
CREBBP	TCF12	9606.ENSP00000262367	9606.ENSP00000388940	0	0	0	0	0.044	0.927	0	0.158	0.937
CREBBP	KAT6A	9606.ENSP00000262367	9606.ENSP00000265713	0	0	0	0	0.322	0.510	0	0.833	0.939
CREBBP	SMARCA4	9606.ENSP00000262367	9606.ENSP00000343896	0	0	0	0	0.126	0.491	0	0.884	0.944
CREBBP	NCOR1	9606.ENSP00000262367	9606.ENSP00000268712	0	0	0	0	0.335	0.304	0.500	0.800	0.947
CREBBP	STAT6	9606.ENSP00000262367	9606.ENSP00000300134	0	0	0	0	0.049	0.718	0.650	0.604	0.957
CREBBP	HDAC1	9606.ENSP00000262367	9606.ENSP00000362649	0	0	0	0	0.099	0.537	0.500	0.833	0.960
CREBBP	STAT5A	9606.ENSP00000262367	9606.ENSP00000341208	0	0	0	0	0.043	0.294	0.650	0.909	0.975
CREBBP	RXRA	9606.ENSP00000262367	9606.ENSP00000419692	0	0	0	0	0.081	0.859	0.650	0.563	0.977
CREBBP	H3C13	9606.ENSP00000262367	9606.ENSP00000333277	0	0	0	0	0.060	0.902	0.500	0.602	0.979
CREBBP	H3C1	9606.ENSP00000262367	9606.ENSP00000480826	0	0	0	0	0.042	0.988	0	0.088	0.989
CREBBP	ESR1	9606.ENSP00000262367	9606.ENSP00000405330	0	0	0	0	0.062	0.844	0.500	0.921	0.993
CREBBP	FOXO1	9606.ENSP00000262367	9606.ENSP00000368880	0	0	0	0	0.081	0.810	0.900	0.676	0.993
CREBBP	KMT2A	9606.ENSP00000262367	9606.ENSP00000436786	0	0	0	0	0.151	0.981	0	0.727	0.995
CREBBP	SMAD3	9606.ENSP00000262367	9606.ENSP00000332973	0	0	0	0	0.087	0.872	0	0.964	0.995
CREBBP	NCOA2	9606.ENSP00000262367	9606.ENSP00000399968	0	0	0	0	0.133	0.796	0.800	0.945	0.997
CREBBP	STAT2	9606.ENSP00000262367	9606.ENSP00000315768	0	0	0	0	0.049	0.960	0.650	0.844	0.997
CREBBP	CTNNB1	9606.ENSP00000262367	9606.ENSP00000495360	0	0	0	0	0.049	0.886	0.900	0.992	0.999
CREBBP	HIF1A	9606.ENSP00000262367	9606.ENSP00000437955	0	0	0	0	0.061	0.991	0.900	0.990	0.999
CREBBP	TP53	9606.ENSP00000262367	9606.ENSP00000269305	0	0	0	0	0	0.998	0.900	0.996	0.999
CREBBP	EP300	9606.ENSP00000262367	9606.ENSP00000263253	0	0	0.062	0.956	0.839	0.782	0.900	0.983	0.999
CRLF2	FLT3	9606.ENSP00000370978	9606.ENSP00000241453	0	0	0	0	0.042	0	0	0.670	0.670
CRLF2	STAT5B	9606.ENSP00000370978	9606.ENSP00000293328	0	0	0	0	0	0	0	0.723	0.723
CRLF2	EBF1	9606.ENSP00000370978	9606.ENSP00000322898	0	0	0	0	0	0	0	0.693	0.693
CRLF2	PHF6	9606.ENSP00000370978	9606.ENSP00000329097	0	0	0	0	0	0	0	0.643	0.643
CRLF2	IKZF1	9606.ENSP00000370978	9606.ENSP00000331614	0	0	0	0	0	0	0	0.715	0.715
CRLF2	STAT5A	9606.ENSP00000370978	9606.ENSP00000341208	0	0	0	0	0	0	0	0.718	0.718
CRLF2	P2RY8	9606.ENSP00000370978	9606.ENSP00000370697	0	0	0	0	0	0	0	0.953	0.953
CRLF2	ETV6	9606.ENSP00000370978	9606.ENSP00000379658	0	0	0	0	0.042	0	0	0.693	0.693
CRLF2	IL10	9606.ENSP00000370978	9606.ENSP00000412237	0	0	0	0	0.098	0	0.650	0.365	0.782
CRLF2	JAK3	9606.ENSP00000370978	9606.ENSP00000432511	0	0	0	0	0.049	0.128	0.650	0.512	0.839
CRTC1	CRTC3	9606.ENSP00000345001	9606.ENSP00000268184	0	0	0	0.739	0.067	0	0.900	0.507	0.949
CRTC1	SPRED1	9606.ENSP00000345001	9606.ENSP00000299084	0	0	0	0	0	0	0	0.671	0.671
CSF1	FLT3	9606.ENSP00000327513	9606.ENSP00000241453	0	0	0	0	0.056	0.093	0.650	0.707	0.900
CSF1	PDGFRA	9606.ENSP00000327513	9606.ENSP00000257290	0	0	0	0	0.081	0.093	0.650	0.591	0.864
CSF1	FLT4	9606.ENSP00000327513	9606.ENSP00000261937	0	0	0	0	0.068	0.093	0.650	0.311	0.769
CSF1	KDR	9606.ENSP00000327513	9606.ENSP00000263923	0	0	0	0	0.061	0.093	0.650	0.618	0.871
CSF1	ERBB2	9606.ENSP00000327513	9606.ENSP00000269571	0	0	0	0	0	0	0.650	0.432	0.792
CSF1	EGFR	9606.ENSP00000327513	9606.ENSP00000275493	0	0	0	0	0.072	0	0.650	0.834	0.941
CSF1	NTRK2	9606.ENSP00000327513	9606.ENSP00000277120	0	0	0	0	0	0	0.650	0.175	0.698
CSF1	FLT1	9606.ENSP00000327513	9606.ENSP00000282397	0	0	0	0	0.075	0.093	0.650	0.598	0.866
CSF1	CSF1R	9606.ENSP00000327513	9606.ENSP00000286301	0	0	0	0	0.106	0.986	0.900	0.999	0.999
CSF1	KIT	9606.ENSP00000327513	9606.ENSP00000288135	0	0	0	0	0.074	0.125	0.650	0.746	0.918
CSF1	INSR	9606.ENSP00000327513	9606.ENSP00000303830	0	0	0	0	0	0	0.650	0.153	0.691
CSF1	MET	9606.ENSP00000327513	9606.ENSP00000317272	0	0	0	0	0.056	0	0.650	0.307	0.751
CSF1	PLCG2	9606.ENSP00000327513	9606.ENSP00000482457	0	0	0	0	0	0	0.500	0.305	0.637
CSF1	IRF4	9606.ENSP00000327513	9606.ENSP00000370343	0	0	0	0	0.074	0	0	0.626	0.639
CSF1	PTPN11	9606.ENSP00000327513	9606.ENSP00000489597	0	0	0	0	0.103	0	0.500	0.300	0.658
CSF1	PTPRC	9606.ENSP00000327513	9606.ENSP00000411355	0	0	0	0	0.057	0	0	0.662	0.668
CSF1	LYN	9606.ENSP00000327513	9606.ENSP00000428924	0	0	0	0	0.062	0.080	0.500	0.362	0.687
CSF1	ERBB4	9606.ENSP00000327513	9606.ENSP00000342235	0	0	0	0	0	0	0.650	0.183	0.701
CSF1	FGFR3	9606.ENSP00000327513	9606.ENSP00000339824	0	0	0	0	0.058	0.093	0.650	0.204	0.730
CSF1	FGFR2	9606.ENSP00000327513	9606.ENSP00000410294	0	0	0	0	0.067	0.093	0.650	0.224	0.739
CSF1	CXCR4	9606.ENSP00000327513	9606.ENSP00000386884	0	0	0	0	0.098	0	0	0.751	0.766
CSF1	IL10	9606.ENSP00000327513	9606.ENSP00000412237	0	0	0	0	0.047	0	0.400	0.792	0.870
CSF1	NTRK1	9606.ENSP00000327513	9606.ENSP00000431418	0	0	0	0	0.042	0	0.650	0.762	0.913
CSF1R	PIK3CA	9606.ENSP00000286301	9606.ENSP00000263967	0	0	0	0	0.106	0.325	0.500	0.478	0.821
CSF1R	FGF10	9606.ENSP00000286301	9606.ENSP00000264664	0	0	0	0	0.044	0.168	0.650	0.367	0.800
CSF1R	IRF8	9606.ENSP00000286301	9606.ENSP00000268638	0	0	0	0	0.298	0.045	0	0.621	0.723
CSF1R	EGFR	9606.ENSP00000286301	9606.ENSP00000275493	0	0	0	0.573	0	0.101	0	0.677	0.697
CSF1R	MPEG1	9606.ENSP00000286301	9606.ENSP00000354335	0	0	0	0	0.428	0	0	0.335	0.604
CSF1R	CXCR4	9606.ENSP00000286301	9606.ENSP00000386884	0	0	0	0	0.118	0	0	0.571	0.606
CSF1R	PIK3CB	9606.ENSP00000286301	9606.ENSP00000501150	0	0	0	0	0.106	0.087	0.500	0.252	0.654
CSF1R	IL10	9606.ENSP00000286301	9606.ENSP00000412237	0	0	0	0	0.069	0	0	0.651	0.662
CSF1R	INPP5D	9606.ENSP00000286301	9606.ENSP00000405338	0	0	0	0	0.192	0	0.500	0.262	0.676
CSF1R	TGFBR2	9606.ENSP00000286301	9606.ENSP00000351905	0	0	0.230	0	0.147	0.074	0	0.541	0.683
CSF1R	PLCG2	9606.ENSP00000286301	9606.ENSP00000482457	0	0	0	0	0.177	0.095	0.500	0.290	0.700
CSF1R	LYN	9606.ENSP00000286301	9606.ENSP00000428924	0	0	0	0.704	0.144	0.316	0.500	0.154	0.719
CSF1R	IGF1	9606.ENSP00000286301	9606.ENSP00000376637	0	0	0	0	0.086	0	0.650	0.470	0.815
CSF1R	PTPRC	9606.ENSP00000286301	9606.ENSP00000411355	0	0	0	0	0.332	0.051	0	0.736	0.818
CSF1R	PTPN11	9606.ENSP00000286301	9606.ENSP00000489597	0	0	0	0	0.140	0.051	0.500	0.693	0.858
CSF1R	PIK3R1	9606.ENSP00000286301	9606.ENSP00000428056	0	0	0	0	0.072	0.696	0.500	0.532	0.925
CTC1	TERT	9606.ENSP00000498499	9606.ENSP00000309572	0	0	0	0	0	0	0.540	0.732	0.871
CTC1	RTEL1	9606.ENSP00000498499	9606.ENSP00000353332	0	0	0	0	0.049	0	0	0.874	0.875
CTC1	TP53BP1	9606.ENSP00000498499	9606.ENSP00000371475	0	0	0	0	0.056	0.421	0	0.476	0.688
CTCF	STAG2	9606.ENSP00000494538	9606.ENSP00000218089	0	0	0	0	0.185	0.602	0	0.952	0.983
CTCF	DDX5	9606.ENSP00000494538	9606.ENSP00000225792	0	0	0	0	0.141	0.314	0	0.725	0.823
CTCF	FOXA1	9606.ENSP00000494538	9606.ENSP00000250448	0	0	0	0	0	0.045	0	0.771	0.772
CTCF	FUS	9606.ENSP00000494538	9606.ENSP00000254108	0	0	0	0	0.063	0	0	0.667	0.675
CTCF	H3-3B	9606.ENSP00000494538	9606.ENSP00000254810	0	0	0	0	0.096	0.099	0.500	0.675	0.850
CTCF	KMT2C	9606.ENSP00000494538	9606.ENSP00000262189	0	0	0	0	0.122	0.055	0.500	0.356	0.697
CTCF	EP300	9606.ENSP00000494538	9606.ENSP00000263253	0	0	0	0	0.223	0.330	0.800	0.654	0.959
CTCF	DNMT3A	9606.ENSP00000494538	9606.ENSP00000264709	0	0	0	0	0.058	0.066	0	0.586	0.604
CTCF	NCOR1	9606.ENSP00000494538	9606.ENSP00000268712	0	0	0	0	0.178	0.125	0.800	0.378	0.898
CTCF	TP53	9606.ENSP00000494538	9606.ENSP00000269305	0	0	0	0	0.070	0.046	0	0.824	0.830
CTCF	SETDB1	9606.ENSP00000494538	9606.ENSP00000271640	0	0	0	0	0.236	0.095	0	0.499	0.623
CTCF	NPM1	9606.ENSP00000494538	9606.ENSP00000296930	0	0	0	0	0.097	0.714	0	0.913	0.975
CTCF	RAD21	9606.ENSP00000494538	9606.ENSP00000297338	0	0	0	0	0.196	0.603	0	0.997	0.999
CTCF	KMT2D	9606.ENSP00000494538	9606.ENSP00000301067	0	0	0	0	0.111	0.055	0.500	0.313	0.673
CTCF	SUZ12	9606.ENSP00000494538	9606.ENSP00000316578	0	0	0	0	0.264	0.651	0.500	0.911	0.987
CTCF	SMC1A	9606.ENSP00000494538	9606.ENSP00000323421	0	0	0	0	0.190	0.522	0	0.913	0.963
CTCF	SOX2	9606.ENSP00000494538	9606.ENSP00000323588	0	0	0	0	0	0.125	0	0.745	0.768
CTCF	SMAD3	9606.ENSP00000494538	9606.ENSP00000332973	0	0	0	0	0.049	0.314	0	0.579	0.702
CTCF	H3C13	9606.ENSP00000494538	9606.ENSP00000333277	0	0	0	0	0.096	0.099	0.500	0.688	0.856
CTCF	EED	9606.ENSP00000494538	9606.ENSP00000338186	0	0	0	0	0.155	0.102	0.500	0.325	0.709
CTCF	SMAD4	9606.ENSP00000494538	9606.ENSP00000341551	0	0	0	0	0.123	0.067	0	0.611	0.654
CTCF	SMARCA4	9606.ENSP00000494538	9606.ENSP00000343896	0	0	0	0	0.138	0.329	0	0.582	0.738
CTCF	NF1	9606.ENSP00000494538	9606.ENSP00000351015	0	0	0	0	0.042	0.045	0	0.645	0.647
CTCF	DNMT1	9606.ENSP00000494538	9606.ENSP00000352516	0	0	0	0	0.143	0.071	0	0.744	0.778
CTCF	SMC3	9606.ENSP00000494538	9606.ENSP00000354720	0	0	0	0	0.180	0.310	0	0.983	0.989
CTCF	PARP1	9606.ENSP00000494538	9606.ENSP00000355759	0	0	0	0	0.059	0.688	0	0.762	0.924
CTCF	LMNA	9606.ENSP00000494538	9606.ENSP00000357283	0	0	0	0	0.042	0.300	0	0.526	0.654
CTCF	KDM6A	9606.ENSP00000494538	9606.ENSP00000367203	0	0	0	0	0.099	0.117	0.500	0.381	0.721
CTCF	GATA3	9606.ENSP00000494538	9606.ENSP00000368632	0	0	0	0	0.044	0.121	0	0.618	0.651
CTCF	STAG1	9606.ENSP00000494538	9606.ENSP00000372689	0	0	0	0	0.140	0.439	0	0.740	0.864
CTCF	ESR1	9606.ENSP00000494538	9606.ENSP00000405330	0	0	0	0	0	0.067	0	0.709	0.717
CTCF	TOP2A	9606.ENSP00000494538	9606.ENSP00000411532	0	0	0	0	0.077	0.376	0	0.606	0.753
CTCF	RXRA	9606.ENSP00000494538	9606.ENSP00000419692	0	0	0	0	0.101	0.311	0.500	0.385	0.784
CTCF	RAD51	9606.ENSP00000494538	9606.ENSP00000493712	0	0	0	0	0.044	0.312	0	0.513	0.652
CTNNA1	EGFR	9606.ENSP00000304669	9606.ENSP00000275493	0	0	0	0	0.126	0.627	0	0.511	0.826
CTNNA1	RAC1	9606.ENSP00000304669	9606.ENSP00000348461	0	0	0	0	0.125	0.144	0.500	0.119	0.626
CTNNA1	CTNNB1	9606.ENSP00000304669	9606.ENSP00000495360	0	0	0	0	0.138	0.965	0.900	0.996	0.999
CTNNB1	ERCC1	9606.ENSP00000495360	9606.ENSP00000013807	0	0	0	0	0	0	0	0.602	0.602
CTNNB1	SALL4	9606.ENSP00000495360	9606.ENSP00000217086	0	0	0	0	0	0	0	0.741	0.741
CTNNB1	DKK4	9606.ENSP00000495360	9606.ENSP00000220812	0	0	0	0	0.055	0	0	0.699	0.703
CTNNB1	DDX5	9606.ENSP00000495360	9606.ENSP00000225792	0.042	0	0	0	0.127	0.388	0	0.804	0.886
CTNNB1	MLH1	9606.ENSP00000495360	9606.ENSP00000231790	0	0	0	0	0.049	0	0	0.620	0.623
CTNNB1	SMO	9606.ENSP00000495360	9606.ENSP00000249373	0	0	0	0	0	0.052	0	0.646	0.650
CTNNB1	FOXA1	9606.ENSP00000495360	9606.ENSP00000250448	0	0	0	0	0	0	0	0.676	0.676
CTNNB1	H3-3B	9606.ENSP00000495360	9606.ENSP00000254810	0	0	0	0	0.076	0.061	0.500	0.669	0.837
CTNNB1	NOTCH2	9606.ENSP00000495360	9606.ENSP00000256646	0	0	0	0	0.105	0.098	0	0.598	0.647
CTNNB1	PDGFRA	9606.ENSP00000495360	9606.ENSP00000257290	0	0	0	0	0.086	0	0	0.745	0.756
CTNNB1	LRP6	9606.ENSP00000495360	9606.ENSP00000261349	0	0	0	0	0	0.532	0.720	0.948	0.992
CTNNB1	SETD1A	9606.ENSP00000495360	9606.ENSP00000262519	0	0	0	0	0.067	0.051	0	0.945	0.947
CTNNB1	SLC9A3R1	9606.ENSP00000495360	9606.ENSP00000262613	0	0	0	0	0.055	0.300	0	0.866	0.903
CTNNB1	TCF3	9606.ENSP00000495360	9606.ENSP00000262965	0	0	0	0	0.052	0.115	0.900	0.559	0.958
CTNNB1	EP300	9606.ENSP00000495360	9606.ENSP00000263253	0	0	0	0	0.049	0.899	0.900	0.992	0.999
CTNNB1	NOTCH3	9606.ENSP00000495360	9606.ENSP00000263388	0	0	0	0	0.081	0.098	0	0.559	0.603
CTNNB1	KDR	9606.ENSP00000495360	9606.ENSP00000263923	0	0	0	0	0.095	0	0.800	0.981	0.996
CTNNB1	PIK3CA	9606.ENSP00000495360	9606.ENSP00000263967	0	0	0	0	0.049	0.130	0	0.890	0.901
CTNNB1	CUL3	9606.ENSP00000495360	9606.ENSP00000264414	0	0	0	0	0.117	0.043	0	0.607	0.639
CTNNB1	FGF10	9606.ENSP00000495360	9606.ENSP00000264664	0	0	0	0	0	0	0	0.686	0.686
CTNNB1	PML	9606.ENSP00000495360	9606.ENSP00000268058	0	0	0	0	0.055	0.626	0	0.220	0.700
CTNNB1	TP53	9606.ENSP00000495360	9606.ENSP00000269305	0	0	0	0	0.049	0	0	0.927	0.927
CTNNB1	ERBB2	9606.ENSP00000495360	9606.ENSP00000269571	0	0	0	0	0	0.662	0.900	0.954	0.998
CTNNB1	MEF2D	9606.ENSP00000495360	9606.ENSP00000271555	0	0	0	0	0.083	0	0.500	0.249	0.625
CTNNB1	RASA1	9606.ENSP00000495360	9606.ENSP00000274376	0	0	0	0	0.064	0.066	0	0.637	0.655
CTNNB1	EGFR	9606.ENSP00000495360	9606.ENSP00000275493	0	0	0	0	0.064	0.718	0.900	0.940	0.998
CTNNB1	PAK1	9606.ENSP00000495360	9606.ENSP00000278568	0	0	0	0	0.071	0.076	0.500	0.374	0.695
CTNNB1	MYCN	9606.ENSP00000495360	9606.ENSP00000281043	0	0	0	0	0.056	0.061	0	0.707	0.717
CTNNB1	FLT1	9606.ENSP00000495360	9606.ENSP00000282397	0	0	0	0	0.103	0.361	0	0.678	0.799
CTNNB1	DKK2	9606.ENSP00000495360	9606.ENSP00000285311	0	0	0	0	0.055	0	0	0.733	0.737
CTNNB1	KIT	9606.ENSP00000495360	9606.ENSP00000288135	0	0	0	0	0.100	0	0	0.667	0.687
CTNNB1	STAT5B	9606.ENSP00000495360	9606.ENSP00000293328	0	0	0	0	0.108	0	0	0.696	0.717
CTNNB1	LRP5	9606.ENSP00000495360	9606.ENSP00000294304	0	0	0	0	0	0.325	0.720	0.964	0.992
CTNNB1	MST1R	9606.ENSP00000495360	9606.ENSP00000296474	0	0	0	0	0	0.098	0	0.743	0.758
CTNNB1	LRRK2	9606.ENSP00000495360	9606.ENSP00000298910	0	0	0	0	0.074	0.334	0.720	0.432	0.889
CTNNB1	KMT2D	9606.ENSP00000495360	9606.ENSP00000301067	0	0	0	0	0.044	0.510	0.800	0.401	0.936
CTNNB1	MLLT10	9606.ENSP00000495360	9606.ENSP00000307411	0	0	0	0	0	0.534	0	0.502	0.758
CTNNB1	TERT	9606.ENSP00000495360	9606.ENSP00000309572	0	0	0	0	0	0.301	0.900	0.937	0.995
CTNNB1	PRKACA	9606.ENSP00000495360	9606.ENSP00000309591	0	0	0	0	0.044	0	0.900	0.588	0.957
CTNNB1	MET	9606.ENSP00000495360	9606.ENSP00000317272	0	0	0	0	0.042	0.364	0.900	0.792	0.985
CTNNB1	SOX2	9606.ENSP00000495360	9606.ENSP00000323588	0	0	0	0	0	0.627	0.500	0.957	0.991
CTNNB1	STK11	9606.ENSP00000495360	9606.ENSP00000324856	0	0	0	0	0	0.044	0	0.610	0.611
CTNNB1	PPP2R2A	9606.ENSP00000495360	9606.ENSP00000325074	0	0	0	0	0.081	0.128	0	0.581	0.635
CTNNB1	SLIT3	9606.ENSP00000495360	9606.ENSP00000332164	0	0	0	0	0.049	0.064	0	0.665	0.676
CTNNB1	PTCH1	9606.ENSP00000495360	9606.ENSP00000332353	0	0	0	0	0	0	0	0.731	0.731
CTNNB1	SMAD3	9606.ENSP00000495360	9606.ENSP00000332973	0	0	0	0	0.074	0.768	0.800	0.980	0.999
CTNNB1	H3C13	9606.ENSP00000495360	9606.ENSP00000333277	0	0	0	0	0.074	0.061	0.500	0.663	0.834
CTNNB1	PTPRB	9606.ENSP00000495360	9606.ENSP00000334928	0	0	0	0	0	0.168	0.900	0.637	0.967
CTNNB1	MEN1	9606.ENSP00000495360	9606.ENSP00000337088	0	0	0	0	0.056	0.625	0.800	0.733	0.978
CTNNB1	FGFR3	9606.ENSP00000495360	9606.ENSP00000339824	0	0	0	0	0.057	0	0	0.593	0.600
CTNNB1	MEF2C	9606.ENSP00000495360	9606.ENSP00000340874	0	0	0	0	0.055	0	0.500	0.882	0.939
CTNNB1	STAT5A	9606.ENSP00000495360	9606.ENSP00000341208	0	0	0	0	0.086	0	0	0.695	0.709
CTNNB1	SMAD4	9606.ENSP00000495360	9606.ENSP00000341551	0	0	0	0	0.107	0.308	0.500	0.994	0.998
CTNNB1	ERBB4	9606.ENSP00000495360	9606.ENSP00000342235	0	0	0	0	0	0.136	0	0.592	0.633
CTNNB1	SMARCA4	9606.ENSP00000495360	9606.ENSP00000343896	0	0	0	0	0.062	0.644	0.500	0.991	0.998
CTNNB1	NF2	9606.ENSP00000495360	9606.ENSP00000344666	0	0	0	0	0.055	0.095	0	0.881	0.889
CTNNB1	MAGI2	9606.ENSP00000495360	9606.ENSP00000346151	0	0	0	0	0	0.359	0.900	0.809	0.986
CTNNB1	RAC1	9606.ENSP00000495360	9606.ENSP00000348461	0	0	0	0	0.091	0.190	0.500	0.444	0.768
CTNNB1	TRIM33	9606.ENSP00000495360	9606.ENSP00000351250	0	0	0	0	0.057	0.300	0.500	0.310	0.742
CTNNB1	TGFBR2	9606.ENSP00000495360	9606.ENSP00000351905	0	0	0	0	0.092	0.334	0	0.698	0.802
CTNNB1	DNMT1	9606.ENSP00000495360	9606.ENSP00000352516	0	0	0	0	0.042	0.510	0.114	0.612	0.817
CTNNB1	TRRAP	9606.ENSP00000495360	9606.ENSP00000352925	0	0	0	0	0.062	0.633	0.500	0.815	0.964
CTNNB1	CUX1	9606.ENSP00000495360	9606.ENSP00000353401	0	0	0	0	0.049	0.161	0	0.604	0.656
CTNNB1	MTOR	9606.ENSP00000495360	9606.ENSP00000354558	0	0	0	0	0.049	0	0	0.692	0.694
CTNNB1	PARP1	9606.ENSP00000495360	9606.ENSP00000355759	0	0	0	0	0.049	0.360	0	0.621	0.749
CTNNB1	PTPN14	9606.ENSP00000495360	9606.ENSP00000355923	0	0	0	0	0	0.297	0	0.855	0.894
CTNNB1	LMNA	9606.ENSP00000495360	9606.ENSP00000357283	0	0	0	0	0.118	0.359	0	0.489	0.686
CTNNB1	MKI67	9606.ENSP00000495360	9606.ENSP00000357643	0	0	0	0	0.042	0.156	0	0.615	0.662
CTNNB1	SUFU	9606.ENSP00000495360	9606.ENSP00000358918	0	0	0	0	0.083	0	0	0.809	0.817
CTNNB1	RUNX2	9606.ENSP00000495360	9606.ENSP00000360493	0	0	0	0	0	0.130	0	0.782	0.802
CTNNB1	PTEN	9606.ENSP00000495360	9606.ENSP00000361021	0	0	0	0	0.069	0.527	0	0.881	0.943
CTNNB1	HDAC1	9606.ENSP00000495360	9606.ENSP00000362649	0	0	0	0	0.078	0.789	0.500	0.872	0.985
CTNNB1	MED12	9606.ENSP00000495360	9606.ENSP00000363193	0	0	0	0	0.042	0.091	0	0.846	0.854
CTNNB1	WT1	9606.ENSP00000495360	9606.ENSP00000368370	0	0	0	0	0	0.068	0.098	0.590	0.626
CTNNB1	FOXO1	9606.ENSP00000495360	9606.ENSP00000368880	0	0	0	0	0	0.113	0	0.983	0.985
CTNNB1	LATS2	9606.ENSP00000495360	9606.ENSP00000372035	0	0	0	0	0	0.300	0	0.491	0.628
CTNNB1	FANCA	9606.ENSP00000495360	9606.ENSP00000373952	0	0	0	0	0	0.510	0	0.539	0.764
CTNNB1	IGF1	9606.ENSP00000495360	9606.ENSP00000376637	0	0	0	0	0	0	0	0.687	0.687
CTNNB1	FAT4	9606.ENSP00000495360	9606.ENSP00000377862	0	0	0	0	0.047	0.414	0	0.645	0.784
CTNNB1	DOT1L	9606.ENSP00000495360	9606.ENSP00000381657	0	0	0	0	0.053	0.510	0	0.560	0.777
CTNNB1	CXCR4	9606.ENSP00000495360	9606.ENSP00000386884	0	0	0	0	0.049	0	0	0.618	0.621
CTNNB1	MITF	9606.ENSP00000495360	9606.ENSP00000391803	0	0	0	0	0.048	0	0	0.812	0.813
CTNNB1	RHOA	9606.ENSP00000495360	9606.ENSP00000400175	0	0	0	0	0.127	0.210	0	0.842	0.882
CTNNB1	RAF1	9606.ENSP00000495360	9606.ENSP00000401888	0	0	0	0	0.116	0.098	0	0.629	0.679
CTNNB1	ESR1	9606.ENSP00000495360	9606.ENSP00000405330	0	0	0	0	0.052	0.301	0	0.952	0.965
CTNNB1	FAT1	9606.ENSP00000495360	9606.ENSP00000406229	0	0	0	0	0.067	0.071	0	0.929	0.933
CTNNB1	FGFR2	9606.ENSP00000495360	9606.ENSP00000410294	0	0	0	0	0.057	0	0	0.629	0.636
CTNNB1	SFRP4	9606.ENSP00000495360	9606.ENSP00000410715	0	0	0	0	0.042	0.052	0	0.768	0.771
CTNNB1	PTPRC	9606.ENSP00000495360	9606.ENSP00000411355	0	0	0	0	0.066	0.386	0	0.575	0.735
CTNNB1	TOP2A	9606.ENSP00000495360	9606.ENSP00000411532	0.046	0	0	0	0.045	0.594	0	0.370	0.736
CTNNB1	PTK7	9606.ENSP00000495360	9606.ENSP00000418754	0	0	0	0	0.042	0.334	0	0.427	0.603
CTNNB1	WWTR1	9606.ENSP00000495360	9606.ENSP00000419465	0	0	0	0	0.063	0.512	0	0.633	0.817
CTNNB1	RXRA	9606.ENSP00000495360	9606.ENSP00000419692	0	0	0	0	0.054	0.612	0	0.390	0.757
CTNNB1	EIF4E	9606.ENSP00000495360	9606.ENSP00000425561	0	0	0	0	0.075	0.292	0	0.619	0.728
CTNNB1	PIK3R1	9606.ENSP00000495360	9606.ENSP00000428056	0	0	0	0	0.075	0.683	0	0.555	0.858
CTNNB1	NTRK1	9606.ENSP00000495360	9606.ENSP00000431418	0	0	0	0	0	0.149	0	0.713	0.745
CTNNB1	PTPRK	9606.ENSP00000495360	9606.ENSP00000432973	0	0	0	0	0.044	0.314	0	0.580	0.701
CTNNB1	KMT2A	9606.ENSP00000495360	9606.ENSP00000436786	0	0	0	0	0.069	0.515	0	0.329	0.671
CTNNB1	HIF1A	9606.ENSP00000495360	9606.ENSP00000437955	0	0	0	0	0.260	0.785	0	0.989	0.998
CTNNB1	TLE3	9606.ENSP00000495360	9606.ENSP00000452871	0	0	0	0	0.045	0.313	0.900	0.360	0.952
CTNNB1	RNF43	9606.ENSP00000495360	9606.ENSP00000463069	0	0	0	0	0.063	0	0	0.667	0.674
CTNNB1	MUC1	9606.ENSP00000495360	9606.ENSP00000484824	0	0	0	0	0	0.835	0	0.993	0.998
CTNNB1	PTPN11	9606.ENSP00000495360	9606.ENSP00000489597	0	0	0	0	0.055	0.297	0	0.864	0.902
CTNNB1	DDX3X	9606.ENSP00000495360	9606.ENSP00000494040	0.042	0	0	0	0.106	0.151	0	0.800	0.835
CTNNB1	NOTCH1	9606.ENSP00000495360	9606.ENSP00000498587	0	0	0	0	0.083	0.328	0.500	0.931	0.976
CTR9	DDX5	9606.ENSP00000355013	9606.ENSP00000225792	0	0	0	0	0.091	0.063	0	0.698	0.720
CTR9	ELL2	9606.ENSP00000355013	9606.ENSP00000237853	0	0	0	0	0.043	0.162	0.900	0.238	0.930
CTR9	FUS	9606.ENSP00000355013	9606.ENSP00000254108	0	0	0	0	0.097	0.566	0	0.069	0.603
CTR9	ELL	9606.ENSP00000355013	9606.ENSP00000262809	0	0	0	0	0.060	0.164	0.900	0.217	0.930
CTR9	PHF6	9606.ENSP00000355013	9606.ENSP00000329097	0	0	0	0	0.102	0.079	0	0.731	0.758
CTR9	H3C13	9606.ENSP00000355013	9606.ENSP00000333277	0	0	0	0	0.068	0.850	0	0.392	0.908
CTR9	FIP1L1	9606.ENSP00000355013	9606.ENSP00000336752	0	0	0	0	0.769	0	0	0.164	0.799
CTR9	ERCC6	9606.ENSP00000355013	9606.ENSP00000348089	0	0	0	0	0.062	0.806	0.900	0.255	0.984
CTR9	H2AC17	9606.ENSP00000355013	9606.ENSP00000352627	0	0	0	0	0	0.836	0	0	0.836
CTR9	SETD2	9606.ENSP00000355013	9606.ENSP00000386759	0	0	0	0	0.165	0.260	0	0.547	0.695
CTR9	ELP2	9606.ENSP00000355013	9606.ENSP00000414851	0	0	0	0	0.085	0.113	0.720	0.072	0.760
CTR9	UBE2A	9606.ENSP00000355013	9606.ENSP00000360613	0	0	0	0	0.162	0.341	0.500	0.246	0.764
CTR9	CUL4A	9606.ENSP00000355013	9606.ENSP00000364589	0	0	0	0	0.085	0.800	0	0.233	0.847
CTR9	MLLT3	9606.ENSP00000355013	9606.ENSP00000369695	0	0	0	0	0.042	0	0.900	0.246	0.921
CTR9	ELOC	9606.ENSP00000355013	9606.ENSP00000478121	0	0	0	0	0.067	0.329	0.900	0.049	0.932
CTR9	TCEA1	9606.ENSP00000355013	9606.ENSP00000428426	0	0	0	0	0.273	0.863	0	0.589	0.955
CUL3	PALB2	9606.ENSP00000264414	9606.ENSP00000261584	0	0	0	0	0.049	0.292	0.400	0.359	0.706
CUL3	NF1	9606.ENSP00000264414	9606.ENSP00000351015	0	0	0	0	0.128	0.088	0.400	0.389	0.669
CUL3	UBA1	9606.ENSP00000264414	9606.ENSP00000338413	0	0	0	0	0.082	0.101	0	0.667	0.702
CUL3	SEC31A	9606.ENSP00000264414	9606.ENSP00000378721	0	0	0	0	0.054	0.517	0	0.429	0.716
CUL3	NQO1	9606.ENSP00000264414	9606.ENSP00000319788	0	0	0	0	0.042	0	0	0.738	0.738
CUL3	HEY1	9606.ENSP00000264414	9606.ENSP00000338272	0	0	0	0	0	0	0	0.755	0.755
CUL3	ELOC	9606.ENSP00000264414	9606.ENSP00000478121	0	0	0	0	0.127	0.310	0	0.663	0.779
CUL3	KLHL6	9606.ENSP00000264414	9606.ENSP00000341342	0	0	0	0	0	0.542	0	0.568	0.793
CUL3	RHOA	9606.ENSP00000264414	9606.ENSP00000400175	0	0	0	0	0.060	0.628	0	0.626	0.858
CUL3	ZBTB16	9606.ENSP00000264414	9606.ENSP00000338157	0	0	0	0	0.044	0.074	0.400	0.875	0.925
CUL3	SUFU	9606.ENSP00000264414	9606.ENSP00000358918	0	0	0	0	0.049	0	0.900	0.514	0.949
CUL3	CUL4A	9606.ENSP00000264414	9606.ENSP00000364589	0	0	0.068	0.870	0.095	0.042	0	0.965	0.968
CUL3	KEAP1	9606.ENSP00000264414	9606.ENSP00000377245	0	0	0	0	0.044	0.999	0.900	0.998	0.999
CUL4A	ERCC1	9606.ENSP00000364589	9606.ENSP00000013807	0	0	0	0	0	0	0.500	0.411	0.693
CUL4A	TP53	9606.ENSP00000364589	9606.ENSP00000269305	0	0	0	0	0	0.510	0	0.771	0.882
CUL4A	XPC	9606.ENSP00000364589	9606.ENSP00000285021	0	0	0	0	0.049	0	0.500	0.504	0.743
CUL4A	ERCC3	9606.ENSP00000364589	9606.ENSP00000285398	0	0	0	0	0.088	0	0.500	0.518	0.761
CUL4A	SLX4	9606.ENSP00000364589	9606.ENSP00000294008	0	0	0	0	0	0	0	0.629	0.629
CUL4A	ERCC4	9606.ENSP00000364589	9606.ENSP00000310520	0	0	0	0	0.056	0	0.500	0.294	0.638
CUL4A	STAT2	9606.ENSP00000364589	9606.ENSP00000315768	0	0	0	0	0.044	0	0	0.622	0.623
CUL4A	HOXA9	9606.ENSP00000364589	9606.ENSP00000343619	0	0	0	0	0	0.292	0	0.654	0.745
CUL4A	IKZF3	9606.ENSP00000364589	9606.ENSP00000344544	0	0	0	0	0	0.292	0	0.593	0.700
CUL4A	NF2	9606.ENSP00000364589	9606.ENSP00000344666	0	0	0	0	0.058	0.512	0	0.248	0.624
CUL4A	ERCC6	9606.ENSP00000364589	9606.ENSP00000348089	0	0	0	0	0	0.855	0.500	0.423	0.954
CUL4A	PARP1	9606.ENSP00000364589	9606.ENSP00000355759	0	0	0	0	0.054	0.292	0.500	0.331	0.746
CUL4A	ELOC	9606.ENSP00000364589	9606.ENSP00000478121	0	0	0	0	0.055	0	0	0.607	0.613
CUL4A	KMT5A	9606.ENSP00000364589	9606.ENSP00000384629	0	0	0	0	0	0.334	0	0.471	0.633
CUL4A	ERCC5	9606.ENSP00000364589	9606.ENSP00000498881	0	0	0	0	0.068	0	0.500	0.364	0.677
CUL4A	ERCC2	9606.ENSP00000364589	9606.ENSP00000375809	0	0	0	0	0.042	0	0.500	0.414	0.694
CUL4A	LATS1	9606.ENSP00000364589	9606.ENSP00000437550	0	0	0	0	0.103	0.525	0	0.352	0.699
CUL4A	SAMHD1	9606.ENSP00000364589	9606.ENSP00000493536	0	0	0	0	0.047	0.292	0	0.675	0.761
CUX1	RB1	9606.ENSP00000353401	9606.ENSP00000267163	0	0	0	0	0.049	0.292	0	0.644	0.739
CUX1	SOX2	9606.ENSP00000353401	9606.ENSP00000323588	0	0	0	0	0	0.692	0	0.388	0.804
CUX1	POU3F2	9606.ENSP00000353401	9606.ENSP00000329170	0	0	0	0	0	0	0	0.608	0.608
CXCR4	KDR	9606.ENSP00000386884	9606.ENSP00000263923	0	0	0	0	0.048	0	0	0.673	0.675
CXCR4	TP53	9606.ENSP00000386884	9606.ENSP00000269305	0	0	0	0	0	0	0	0.614	0.614
CXCR4	ERBB2	9606.ENSP00000386884	9606.ENSP00000269571	0	0	0	0	0	0.048	0	0.728	0.729
CXCR4	EGFR	9606.ENSP00000386884	9606.ENSP00000275493	0	0	0	0	0	0.048	0	0.624	0.627
CXCR4	FLT1	9606.ENSP00000386884	9606.ENSP00000282397	0	0	0	0	0.049	0	0	0.700	0.702
CXCR4	GNAQ	9606.ENSP00000386884	9606.ENSP00000286548	0	0	0	0	0.089	0.115	0.900	0.598	0.963
CXCR4	KIT	9606.ENSP00000386884	9606.ENSP00000288135	0	0	0	0	0.097	0	0	0.823	0.833
CXCR4	MET	9606.ENSP00000386884	9606.ENSP00000317272	0	0	0	0	0	0	0	0.797	0.797
CXCR4	SOX2	9606.ENSP00000386884	9606.ENSP00000323588	0	0	0	0	0.056	0	0	0.639	0.645
CXCR4	SLIT3	9606.ENSP00000386884	9606.ENSP00000332164	0	0	0	0	0	0	0	0.605	0.605
CXCR4	IGF1	9606.ENSP00000386884	9606.ENSP00000376637	0	0	0	0	0.042	0	0	0.717	0.717
CXCR4	RHOA	9606.ENSP00000386884	9606.ENSP00000400175	0	0	0	0	0.089	0.165	0	0.526	0.608
CXCR4	ROBO1	9606.ENSP00000386884	9606.ENSP00000420321	0	0	0	0	0	0	0.500	0.302	0.636
CXCR4	IL10	9606.ENSP00000386884	9606.ENSP00000412237	0	0	0	0	0.042	0	0	0.680	0.680
CXCR4	ESR1	9606.ENSP00000386884	9606.ENSP00000405330	0	0	0	0	0	0	0	0.702	0.702
CXCR4	SLIT2	9606.ENSP00000386884	9606.ENSP00000422591	0	0	0	0	0	0	0.500	0.699	0.843
CXCR4	JAK3	9606.ENSP00000386884	9606.ENSP00000432511	0	0	0	0	0.099	0.292	0.650	0.662	0.914
CXCR4	HIF1A	9606.ENSP00000386884	9606.ENSP00000437955	0	0	0	0	0.076	0.226	0	0.891	0.915
CXCR4	PTPRC	9606.ENSP00000386884	9606.ENSP00000411355	0	0	0	0	0.268	0.292	0	0.881	0.933
CYP17A1	PGR	9606.ENSP00000358903	9606.ENSP00000325120	0	0	0	0	0	0.056	0	0.599	0.605
CYP17A1	HSD3B1	9606.ENSP00000358903	9606.ENSP00000358421	0	0	0	0	0.068	0.108	0.913	0.948	0.995
CYP17A1	ESR1	9606.ENSP00000358903	9606.ENSP00000405330	0	0	0	0	0	0.056	0	0.656	0.661
DCTN1	XBP1	9606.ENSP00000354791	9606.ENSP00000216037	0	0	0	0	0	0	0.750	0.117	0.769
DCTN1	FUS	9606.ENSP00000354791	9606.ENSP00000254108	0	0	0	0	0.047	0	0	0.744	0.746
DCTN1	RANBP2	9606.ENSP00000354791	9606.ENSP00000283195	0	0	0	0	0.049	0	0.500	0.369	0.673
DCTN1	HOOK3	9606.ENSP00000354791	9606.ENSP00000305699	0	0	0	0	0.049	0.568	0	0.454	0.756
DCTN1	PPFIBP1	9606.ENSP00000354791	9606.ENSP00000314724	0	0	0	0	0.042	0	0.500	0.413	0.694
DCTN1	EML4	9606.ENSP00000354791	9606.ENSP00000320663	0	0	0	0	0.049	0.203	0.500	0.417	0.749
DCTN1	SEC31A	9606.ENSP00000354791	9606.ENSP00000378721	0	0	0	0	0.075	0	0.500	0.373	0.684
DCTN1	NUMA1	9606.ENSP00000354791	9606.ENSP00000377298	0	0	0	0	0.190	0.234	0	0.694	0.794
DCTN1	NIN	9606.ENSP00000354791	9606.ENSP00000371472	0	0	0	0	0.049	0.597	0.720	0.705	0.964
DDR1	ERBB2	9606.ENSP00000427552	9606.ENSP00000269571	0	0	0	0.575	0.085	0.598	0	0.192	0.677
DDR1	PTPN11	9606.ENSP00000427552	9606.ENSP00000489597	0	0	0	0	0	0.510	0	0.248	0.615
DDX10	DDX5	9606.ENSP00000314348	9606.ENSP00000225792	0	0	0.184	0.659	0.375	0	0	0.282	0.602
DDX10	PRRX1	9606.ENSP00000314348	9606.ENSP00000239461	0	0	0	0	0	0.046	0	0.656	0.658
DDX10	HOXC13	9606.ENSP00000314348	9606.ENSP00000243056	0	0	0	0	0	0.045	0	0.635	0.636
DDX10	NSD3	9606.ENSP00000314348	9606.ENSP00000313983	0	0	0	0	0.086	0.085	0	0.603	0.639
DDX10	HOXA9	9606.ENSP00000314348	9606.ENSP00000343619	0	0	0	0	0	0.045	0	0.609	0.610
DDX10	SETBP1	9606.ENSP00000314348	9606.ENSP00000497406	0	0	0	0	0.086	0.085	0	0.581	0.619
DDX10	HOXD13	9606.ENSP00000314348	9606.ENSP00000376322	0	0	0	0	0	0.045	0	0.621	0.622
DDX10	NSD1	9606.ENSP00000314348	9606.ENSP00000395929	0	0	0	0	0.125	0.085	0	0.731	0.765
DDX10	DHX15	9606.ENSP00000314348	9606.ENSP00000336741	0	0	0	0	0.408	0.122	0	0.662	0.809
DDX10	NUP98	9606.ENSP00000314348	9606.ENSP00000316032	0	0	0	0	0.066	0.092	0	0.825	0.839
DDX10	PDCD11	9606.ENSP00000314348	9606.ENSP00000358812	0	0	0	0	0.838	0.139	0	0.824	0.973
DDX3X	EIF3E	9606.ENSP00000494040	9606.ENSP00000220849	0	0	0	0	0.096	0.497	0	0.291	0.649
DDX3X	DDX5	9606.ENSP00000494040	9606.ENSP00000225792	0	0	0.127	0.820	0.375	0.113	0	0.810	0.896
DDX3X	FUS	9606.ENSP00000494040	9606.ENSP00000254108	0	0	0	0	0.080	0.479	0	0.600	0.792
DDX3X	TP53	9606.ENSP00000494040	9606.ENSP00000269305	0	0	0	0	0.044	0.209	0	0.696	0.750
DDX3X	KDM5D	9606.ENSP00000494040	9606.ENSP00000322408	0	0	0	0	0.106	0.171	0	0.760	0.807
DDX3X	DHX15	9606.ENSP00000494040	9606.ENSP00000336741	0	0	0	0	0.309	0.122	0	0.544	0.699
DDX3X	SFPQ	9606.ENSP00000494040	9606.ENSP00000349748	0	0	0	0	0.212	0	0	0.588	0.662
DDX3X	KDM5C	9606.ENSP00000494040	9606.ENSP00000364550	0	0	0	0	0.102	0.171	0	0.722	0.775
DDX3X	KDM6A	9606.ENSP00000494040	9606.ENSP00000367203	0	0	0	0	0.278	0.236	0	0.739	0.843
DDX3X	EIF4E	9606.ENSP00000494040	9606.ENSP00000425561	0	0	0	0	0.134	0.791	0	0.978	0.995
DDX4	ZBTB16	9606.ENSP00000424838	9606.ENSP00000338157	0	0	0	0	0.056	0.071	0	0.624	0.642
DDX41	SRSF2	9606.ENSP00000330349	9606.ENSP00000376276	0	0	0	0	0.097	0.292	0	0.437	0.608
DDX5	TCF12	9606.ENSP00000225792	9606.ENSP00000388940	0	0	0	0	0.061	0.091	0	0.593	0.622
DDX5	SUZ12	9606.ENSP00000225792	9606.ENSP00000316578	0	0	0	0	0.094	0.510	0	0.254	0.640
DDX5	DICER1	9606.ENSP00000225792	9606.ENSP00000437256	0	0	0	0	0.070	0.328	0	0.512	0.669
DDX5	NCOA2	9606.ENSP00000225792	9606.ENSP00000399968	0	0	0	0	0.056	0	0	0.667	0.672
DDX5	SMAD4	9606.ENSP00000225792	9606.ENSP00000341551	0	0	0	0	0.074	0.095	0	0.645	0.676
DDX5	SFPQ	9606.ENSP00000225792	9606.ENSP00000349748	0	0	0	0	0.266	0.050	0	0.611	0.705
DDX5	SRSF2	9606.ENSP00000225792	9606.ENSP00000376276	0	0	0	0	0.442	0	0	0.601	0.768
DDX5	SMARCA4	9606.ENSP00000225792	9606.ENSP00000343896	0	0	0	0	0.134	0.522	0	0.517	0.782
DDX5	DHX15	9606.ENSP00000225792	9606.ENSP00000336741	0	0	0	0	0.488	0.424	0	0.588	0.868
DDX5	FUS	9606.ENSP00000225792	9606.ENSP00000254108	0	0	0	0	0.153	0.630	0	0.625	0.872
DDX5	SF3B1	9606.ENSP00000225792	9606.ENSP00000335321	0	0	0	0	0.822	0.348	0	0.219	0.901
DDX5	EP300	9606.ENSP00000225792	9606.ENSP00000263253	0	0	0	0	0.085	0.631	0.500	0.566	0.917
DDX5	HDAC1	9606.ENSP00000225792	9606.ENSP00000362649	0	0	0	0	0.230	0.785	0	0.690	0.944
DDX5	SMAD3	9606.ENSP00000225792	9606.ENSP00000332973	0	0	0	0	0.054	0.524	0	0.926	0.963
DDX5	ESR1	9606.ENSP00000225792	9606.ENSP00000405330	0	0	0	0	0	0.771	0.500	0.784	0.973
DDX5	TP53	9606.ENSP00000225792	9606.ENSP00000269305	0	0	0	0	0	0.780	0	0.987	0.997
DDX5	DROSHA	9606.ENSP00000225792	9606.ENSP00000425979	0	0	0	0	0.154	0.753	0.800	0.998	0.999
DEK	H3-3B	9606.ENSP00000498653	9606.ENSP00000254810	0	0	0	0	0.144	0.067	0.500	0.299	0.683
DEK	EP300	9606.ENSP00000498653	9606.ENSP00000263253	0	0	0	0	0.049	0.292	0.500	0.226	0.704
DEK	NPM1	9606.ENSP00000498653	9606.ENSP00000296930	0	0	0	0	0.212	0	0	0.528	0.612
DEK	H3C13	9606.ENSP00000498653	9606.ENSP00000333277	0	0	0	0	0.100	0.067	0.500	0.237	0.637
DEK	SF3B1	9606.ENSP00000498653	9606.ENSP00000335321	0	0	0	0	0.183	0	0.800	0.598	0.928
DEK	ERCC6	9606.ENSP00000498653	9606.ENSP00000348089	0	0	0	0	0	0.050	0.720	0.489	0.852
DEK	NUP214	9606.ENSP00000498653	9606.ENSP00000352400	0	0	0	0	0.097	0	0	0.928	0.932
DEK	TOP2A	9606.ENSP00000498653	9606.ENSP00000411532	0	0	0	0	0.232	0	0	0.521	0.616
DEK	KMT2A	9606.ENSP00000498653	9606.ENSP00000436786	0	0	0	0	0.049	0.059	0	0.629	0.639
DHX15	FUS	9606.ENSP00000336741	9606.ENSP00000254108	0	0	0	0	0.186	0.456	0	0.229	0.630
DHX15	SF3B1	9606.ENSP00000336741	9606.ENSP00000335321	0	0	0	0	0.515	0.840	0.720	0.493	0.987
DHX15	GMPS	9606.ENSP00000336741	9606.ENSP00000419851	0	0	0	0	0.683	0	0	0	0.683
DHX15	SRSF2	9606.ENSP00000336741	9606.ENSP00000376276	0	0	0	0	0.485	0	0	0.825	0.906
DHX15	PDCD11	9606.ENSP00000336741	9606.ENSP00000358812	0.061	0	0	0	0.696	0.257	0	0.754	0.941
DHX15	PRPF8	9606.ENSP00000336741	9606.ENSP00000460348	0	0	0	0	0.323	0.992	0	0.401	0.996
DICER1	FUS	9606.ENSP00000437256	9606.ENSP00000254108	0	0	0	0	0.054	0.328	0	0.780	0.848
DICER1	H3-3B	9606.ENSP00000437256	9606.ENSP00000254810	0	0	0	0	0.049	0.064	0	0.683	0.693
DICER1	TP53	9606.ENSP00000437256	9606.ENSP00000269305	0	0	0	0	0	0	0	0.762	0.762
DICER1	POLE	9606.ENSP00000437256	9606.ENSP00000322570	0.045	0	0	0	0.132	0	0	0.556	0.600
DICER1	SOX2	9606.ENSP00000437256	9606.ENSP00000323588	0	0	0	0	0.042	0	0	0.618	0.619
DICER1	PTEN	9606.ENSP00000437256	9606.ENSP00000361021	0	0	0	0	0.126	0	0	0.680	0.708
DICER1	PUM1	9606.ENSP00000437256	9606.ENSP00000391723	0	0	0	0	0.107	0.424	0	0.358	0.641
DICER1	ESR1	9606.ENSP00000437256	9606.ENSP00000405330	0	0	0	0	0	0	0	0.692	0.692
DICER1	EIF4E	9606.ENSP00000437256	9606.ENSP00000425561	0	0	0	0	0.056	0.070	0.900	0.486	0.948
DICER1	DROSHA	9606.ENSP00000437256	9606.ENSP00000425979	0	0	0	0.548	0.111	0	0.720	0.973	0.992
DICER1	RAD51	9606.ENSP00000437256	9606.ENSP00000493712	0.052	0	0	0	0.087	0.079	0	0.603	0.642
DICER1	HIF1A	9606.ENSP00000437256	9606.ENSP00000437955	0	0	0	0	0.082	0	0	0.671	0.685
DIS3	PDCD11	9606.ENSP00000366997	9606.ENSP00000358812	0.045	0	0	0	0.278	0.310	0	0.411	0.683
DKK2	DKK4	9606.ENSP00000285311	9606.ENSP00000220812	0	0	0	0.853	0.058	0	0.900	0.160	0.913
DKK2	LRP6	9606.ENSP00000285311	9606.ENSP00000261349	0	0	0	0	0	0.471	0.900	0.997	0.999
DKK2	SFRP4	9606.ENSP00000285311	9606.ENSP00000410715	0	0	0	0	0.109	0	0	0.599	0.628
DKK2	LRP5	9606.ENSP00000285311	9606.ENSP00000294304	0	0	0	0	0	0.183	0.900	0.997	0.999
DKK4	FURIN	9606.ENSP00000220812	9606.ENSP00000483552	0	0	0	0	0.055	0	0	0.677	0.682
DKK4	LRP5	9606.ENSP00000220812	9606.ENSP00000294304	0	0	0	0	0	0.393	0.900	0.996	0.999
DKK4	LRP6	9606.ENSP00000220812	9606.ENSP00000261349	0	0	0	0	0	0.133	0.900	0.994	0.999
DLL3	MYCN	9606.ENSP00000205143	9606.ENSP00000281043	0	0	0	0	0.072	0.091	0	0.570	0.606
DLL3	HEY1	9606.ENSP00000205143	9606.ENSP00000338272	0	0	0	0	0.079	0.071	0	0.677	0.699
DLL3	NOTCH1	9606.ENSP00000205143	9606.ENSP00000498587	0	0	0	0.632	0	0	0.900	0.987	0.998
DLL3	NOTCH3	9606.ENSP00000205143	9606.ENSP00000263388	0	0	0	0.633	0	0	0.900	0.981	0.998
DLL3	NOTCH2	9606.ENSP00000205143	9606.ENSP00000256646	0	0	0	0.648	0	0	0.900	0.988	0.998
DLL3	NOTCH4	9606.ENSP00000205143	9606.ENSP00000364163	0	0	0	0.630	0.042	0	0.900	0.988	0.998
DNM2	PDGFRA	9606.ENSP00000373905	9606.ENSP00000257290	0	0	0	0	0.041	0.292	0	0.550	0.668
DNM2	SH3GL1	9606.ENSP00000373905	9606.ENSP00000269886	0	0	0	0	0.192	0.307	0	0.588	0.749
DNM2	WAS	9606.ENSP00000373905	9606.ENSP00000365891	0	0	0	0	0.075	0	0	0.734	0.743
DNM2	FNBP1	9606.ENSP00000373905	9606.ENSP00000413625	0	0	0	0	0.055	0.564	0	0.492	0.772
DNMT1	MLH1	9606.ENSP00000352516	9606.ENSP00000231790	0	0	0	0	0.102	0	0	0.581	0.607
DNMT1	MSH2	9606.ENSP00000352516	9606.ENSP00000233146	0	0	0	0	0.245	0.095	0	0.620	0.718
DNMT1	MSH6	9606.ENSP00000352516	9606.ENSP00000234420	0	0	0	0	0.377	0.095	0	0.643	0.781
DNMT1	MBD4	9606.ENSP00000352516	9606.ENSP00000249910	0	0	0	0	0.049	0	0	0.925	0.925
DNMT1	H3-3B	9606.ENSP00000352516	9606.ENSP00000254810	0	0	0	0	0.054	0.116	0.500	0.973	0.987
DNMT1	TCF3	9606.ENSP00000352516	9606.ENSP00000262965	0	0	0	0	0.129	0.095	0	0.678	0.724
DNMT1	EP300	9606.ENSP00000352516	9606.ENSP00000263253	0	0	0	0	0.060	0.074	0	0.603	0.625
DNMT1	DNMT3A	9606.ENSP00000352516	9606.ENSP00000264709	0	0	0	0	0.069	0.633	0.900	0.995	0.999
DNMT1	RB1	9606.ENSP00000352516	9606.ENSP00000267163	0	0	0	0	0.054	0.630	0	0.382	0.765
DNMT1	NCOR1	9606.ENSP00000352516	9606.ENSP00000268712	0	0	0	0	0.067	0.292	0	0.860	0.899
DNMT1	TP53	9606.ENSP00000352516	9606.ENSP00000269305	0	0	0	0	0.059	0.597	0	0.994	0.997
DNMT1	SETDB1	9606.ENSP00000352516	9606.ENSP00000271640	0	0	0	0	0.062	0.087	0	0.959	0.962
DNMT1	SUZ12	9606.ENSP00000352516	9606.ENSP00000316578	0	0	0	0	0.074	0.311	0.500	0.754	0.911
DNMT1	SOX2	9606.ENSP00000352516	9606.ENSP00000323588	0	0	0	0	0.058	0.071	0	0.582	0.602
DNMT1	SMAD3	9606.ENSP00000352516	9606.ENSP00000332973	0	0	0	0	0.049	0	0	0.629	0.632
DNMT1	H3C13	9606.ENSP00000352516	9606.ENSP00000333277	0	0	0	0	0.054	0.907	0.500	0.973	0.998
DNMT1	EED	9606.ENSP00000352516	9606.ENSP00000338186	0	0	0	0	0.058	0.524	0.500	0.691	0.921
DNMT1	SMARCA4	9606.ENSP00000352516	9606.ENSP00000343896	0	0	0	0	0.171	0.066	0	0.714	0.759
DNMT1	PTEN	9606.ENSP00000352516	9606.ENSP00000361021	0	0	0	0	0.054	0	0	0.597	0.602
DNMT1	PHF19	9606.ENSP00000352516	9606.ENSP00000483946	0	0	0	0	0.128	0	0.500	0.174	0.608
DNMT1	ESR1	9606.ENSP00000352516	9606.ENSP00000405330	0	0	0	0	0	0.091	0	0.605	0.625
DNMT1	SMARCA2	9606.ENSP00000352516	9606.ENSP00000371638	0	0	0	0	0.063	0.066	0	0.656	0.672
DNMT1	RELN	9606.ENSP00000352516	9606.ENSP00000392423	0	0	0	0	0.044	0.226	0	0.612	0.687
DNMT1	DROSHA	9606.ENSP00000352516	9606.ENSP00000425979	0	0	0	0	0.108	0	0	0.664	0.688
DNMT1	PHF1	9606.ENSP00000352516	9606.ENSP00000363640	0	0	0	0	0.054	0	0.500	0.399	0.690
DNMT1	WT1	9606.ENSP00000352516	9606.ENSP00000368370	0	0	0	0	0.055	0.314	0	0.606	0.722
DNMT1	KDM6A	9606.ENSP00000352516	9606.ENSP00000367203	0	0	0	0	0	0.045	0	0.828	0.829
DNMT1	TET2	9606.ENSP00000352516	9606.ENSP00000442788	0	0	0	0	0	0	0	0.874	0.874
DNMT1	TET3	9606.ENSP00000352516	9606.ENSP00000386869	0	0	0	0	0	0	0	0.881	0.881
DNMT1	TET1	9606.ENSP00000352516	9606.ENSP00000362748	0	0	0	0	0.061	0	0	0.900	0.902
DNMT1	H3C8	9606.ENSP00000352516	9606.ENSP00000484638	0	0	0	0	0.047	0.907	0	0.116	0.915
DNMT1	PARP1	9606.ENSP00000352516	9606.ENSP00000355759	0	0	0	0	0.326	0.634	0	0.822	0.952
DNMT1	H3C1	9606.ENSP00000352516	9606.ENSP00000480826	0	0	0	0	0.047	0.957	0	0.116	0.961
DNMT1	HDAC1	9606.ENSP00000352516	9606.ENSP00000362649	0	0	0	0	0.146	0.885	0.800	0.998	0.999
DNMT3A	STAG2	9606.ENSP00000264709	9606.ENSP00000218089	0	0	0	0	0.095	0	0	0.623	0.644
DNMT3A	FLT3	9606.ENSP00000264709	9606.ENSP00000241453	0	0	0	0	0.042	0	0	0.851	0.851
DNMT3A	MBD4	9606.ENSP00000264709	9606.ENSP00000249910	0	0	0	0	0.065	0.067	0	0.896	0.901
DNMT3A	H3-3B	9606.ENSP00000264709	9606.ENSP00000254810	0	0	0	0	0.099	0.940	0.500	0.987	0.999
DNMT3A	RELN	9606.ENSP00000264709	9606.ENSP00000392423	0	0	0	0	0	0	0	0.609	0.609
DNMT3A	KDM6A	9606.ENSP00000264709	9606.ENSP00000367203	0	0	0	0	0.057	0.060	0	0.597	0.612
DNMT3A	ETV6	9606.ENSP00000264709	9606.ENSP00000379658	0	0	0	0	0.060	0	0	0.620	0.627
DNMT3A	KIT	9606.ENSP00000264709	9606.ENSP00000288135	0	0	0	0	0.067	0	0	0.624	0.634
DNMT3A	PBRM1	9606.ENSP00000264709	9606.ENSP00000386593	0	0	0	0	0.063	0	0.500	0.292	0.639
DNMT3A	NCOR1	9606.ENSP00000264709	9606.ENSP00000268712	0	0	0	0	0.117	0	0	0.610	0.641
DNMT3A	SMARCB1	9606.ENSP00000264709	9606.ENSP00000340883	0	0	0	0	0.056	0	0.500	0.312	0.646
DNMT3A	RB1	9606.ENSP00000264709	9606.ENSP00000267163	0	0	0	0	0.086	0.510	0	0.283	0.651
DNMT3A	SETBP1	9606.ENSP00000264709	9606.ENSP00000497406	0	0	0	0	0	0.059	0	0.667	0.673
DNMT3A	PHF6	9606.ENSP00000264709	9606.ENSP00000329097	0	0	0	0	0.055	0.059	0	0.664	0.675
DNMT3A	WT1	9606.ENSP00000264709	9606.ENSP00000368370	0	0	0	0	0	0.066	0	0.668	0.676
DNMT3A	SMARCA2	9606.ENSP00000264709	9606.ENSP00000371638	0	0	0	0	0.063	0.059	0.500	0.394	0.697
DNMT3A	DOT1L	9606.ENSP00000264709	9606.ENSP00000381657	0	0	0	0	0.063	0	0	0.704	0.710
DNMT3A	KMT2A	9606.ENSP00000264709	9606.ENSP00000436786	0	0	0	0	0.088	0.059	0	0.728	0.746
DNMT3A	SRSF2	9606.ENSP00000264709	9606.ENSP00000376276	0	0	0	0	0.058	0	0	0.772	0.776
DNMT3A	NPM1	9606.ENSP00000264709	9606.ENSP00000296930	0	0	0	0	0.058	0	0	0.791	0.794
DNMT3A	SUZ12	9606.ENSP00000264709	9606.ENSP00000316578	0	0	0	0	0.056	0.095	0.500	0.583	0.798
DNMT3A	TET3	9606.ENSP00000264709	9606.ENSP00000386869	0	0	0	0	0.049	0	0	0.801	0.802
DNMT3A	EED	9606.ENSP00000264709	9606.ENSP00000338186	0	0	0	0	0.056	0.301	0.500	0.477	0.804
DNMT3A	TP53	9606.ENSP00000264709	9606.ENSP00000269305	0	0	0	0	0.049	0	0	0.833	0.835
DNMT3A	TET1	9606.ENSP00000264709	9606.ENSP00000362748	0	0	0	0	0.067	0	0	0.882	0.886
DNMT3A	H3C8	9606.ENSP00000264709	9606.ENSP00000484638	0	0	0	0	0.094	0.902	0	0.065	0.910
DNMT3A	TLE3	9606.ENSP00000264709	9606.ENSP00000452871	0	0	0	0	0.054	0	0	0.913	0.914
DNMT3A	TET2	9606.ENSP00000264709	9606.ENSP00000442788	0	0	0	0	0.056	0.292	0	0.926	0.946
DNMT3A	TCL1A	9606.ENSP00000264709	9606.ENSP00000451506	0	0	0	0	0.048	0.784	0	0.789	0.952
DNMT3A	SMARCA4	9606.ENSP00000264709	9606.ENSP00000343896	0	0	0	0	0.069	0.059	0.500	0.915	0.957
DNMT3A	H3C1	9606.ENSP00000264709	9606.ENSP00000480826	0	0	0	0	0.094	0.961	0	0.065	0.964
DNMT3A	SETDB1	9606.ENSP00000264709	9606.ENSP00000271640	0	0	0	0	0.058	0.305	0	0.995	0.996
DNMT3A	HDAC1	9606.ENSP00000264709	9606.ENSP00000362649	0	0	0	0	0.075	0.515	0	0.994	0.997
DNMT3A	H3C13	9606.ENSP00000264709	9606.ENSP00000333277	0	0	0	0	0.098	0.902	0.500	0.987	0.999
DOT1L	H3-3B	9606.ENSP00000381657	9606.ENSP00000254810	0	0	0	0	0.096	0.269	0	0.847	0.890
DOT1L	SETD1A	9606.ENSP00000381657	9606.ENSP00000262519	0	0	0	0	0.215	0.295	0	0.852	0.911
DOT1L	ELL	9606.ENSP00000381657	9606.ENSP00000262809	0	0	0	0	0.127	0	0	0.752	0.774
DOT1L	EP300	9606.ENSP00000381657	9606.ENSP00000263253	0	0	0	0	0.049	0	0	0.673	0.676
DOT1L	TP53	9606.ENSP00000381657	9606.ENSP00000269305	0	0	0	0	0.045	0.161	0	0.592	0.644
DOT1L	SETDB1	9606.ENSP00000381657	9606.ENSP00000271640	0	0	0	0	0.088	0.117	0	0.575	0.628
DOT1L	MLLT10	9606.ENSP00000381657	9606.ENSP00000307411	0	0	0	0	0	0.978	0	0.993	0.999
DOT1L	NSD3	9606.ENSP00000381657	9606.ENSP00000313983	0	0	0	0	0.055	0.117	0	0.582	0.621
DOT1L	SUZ12	9606.ENSP00000381657	9606.ENSP00000316578	0	0	0	0	0.055	0	0	0.683	0.687
DOT1L	H3C13	9606.ENSP00000381657	9606.ENSP00000333277	0	0	0	0	0.096	0.943	0.750	0.836	0.997
DOT1L	MEN1	9606.ENSP00000381657	9606.ENSP00000337088	0	0	0	0	0.075	0	0	0.585	0.600
DOT1L	EED	9606.ENSP00000381657	9606.ENSP00000338186	0	0	0	0	0.055	0	0	0.634	0.639
DOT1L	HOXA9	9606.ENSP00000381657	9606.ENSP00000343619	0	0	0	0	0	0.068	0	0.683	0.692
DOT1L	SMARCA4	9606.ENSP00000381657	9606.ENSP00000343896	0	0	0	0	0.090	0	0	0.620	0.640
DOT1L	H2AC17	9606.ENSP00000381657	9606.ENSP00000352627	0	0	0	0	0	0.915	0	0.068	0.917
DOT1L	TRRAP	9606.ENSP00000381657	9606.ENSP00000352925	0	0	0	0	0.067	0.292	0	0.548	0.675
DOT1L	HDAC1	9606.ENSP00000381657	9606.ENSP00000362649	0	0	0	0	0.063	0.075	0	0.685	0.703
DOT1L	KDM6A	9606.ENSP00000381657	9606.ENSP00000367203	0	0	0	0	0.063	0	0	0.659	0.667
DOT1L	MLLT3	9606.ENSP00000381657	9606.ENSP00000369695	0	0	0	0	0	0.873	0	0.989	0.998
DOT1L	KDM4C	9606.ENSP00000381657	9606.ENSP00000370710	0	0	0	0	0	0	0	0.623	0.623
DOT1L	TP53BP1	9606.ENSP00000381657	9606.ENSP00000371475	0	0	0	0	0.062	0.103	0	0.682	0.709
DOT1L	NSD1	9606.ENSP00000381657	9606.ENSP00000395929	0	0	0	0	0.055	0.117	0	0.612	0.648
DOT1L	KMT5A	9606.ENSP00000381657	9606.ENSP00000384629	0	0	0	0	0.073	0.117	0	0.626	0.667
DOT1L	SETD1B	9606.ENSP00000381657	9606.ENSP00000474253	0	0	0	0	0.076	0.295	0	0.581	0.704
DOT1L	SETD2	9606.ENSP00000381657	9606.ENSP00000386759	0	0	0	0	0.122	0.189	0	0.769	0.821
DOT1L	KMT2A	9606.ENSP00000381657	9606.ENSP00000436786	0	0	0	0	0.089	0.548	0	0.763	0.894
DOT1L	H3C1	9606.ENSP00000381657	9606.ENSP00000480826	0	0	0	0	0.063	0.923	0	0.130	0.932
DOT1L	H3C8	9606.ENSP00000381657	9606.ENSP00000484638	0	0	0	0	0.063	0.923	0	0.130	0.932
DPYD	MTHFR	9606.ENSP00000359211	9606.ENSP00000365770	0.110	0	0	0	0.105	0	0	0.695	0.736
DPYD	GMPS	9606.ENSP00000359211	9606.ENSP00000419851	0.120	0	0	0	0.188	0.077	0.792	0.454	0.911
DROSHA	FUS	9606.ENSP00000425979	9606.ENSP00000254108	0	0	0	0	0.107	0.337	0	0.988	0.992
DROSHA	TP53	9606.ENSP00000425979	9606.ENSP00000269305	0	0	0	0	0	0.510	0	0.992	0.996
DROSHA	TERT	9606.ENSP00000425979	9606.ENSP00000309572	0	0	0	0	0.100	0.071	0	0.624	0.658
DROSHA	SMAD3	9606.ENSP00000425979	9606.ENSP00000332973	0	0	0	0	0.042	0.299	0	0.873	0.907
DROSHA	SMAD4	9606.ENSP00000425979	9606.ENSP00000341551	0	0	0	0	0	0.046	0	0.699	0.701
DROSHA	PTEN	9606.ENSP00000425979	9606.ENSP00000361021	0	0	0	0	0.106	0	0	0.611	0.637
DROSHA	ESR1	9606.ENSP00000425979	9606.ENSP00000405330	0	0	0	0	0	0	0	0.895	0.895
DTX1	NOTCH2	9606.ENSP00000257600	9606.ENSP00000256646	0	0	0	0	0	0.133	0.650	0.751	0.918
DTX1	HEY1	9606.ENSP00000257600	9606.ENSP00000338272	0	0	0	0	0	0.071	0	0.651	0.662
DTX1	NOTCH4	9606.ENSP00000257600	9606.ENSP00000364163	0	0	0	0	0.060	0.071	0.650	0.477	0.818
DTX1	NOTCH3	9606.ENSP00000257600	9606.ENSP00000263388	0	0	0	0	0	0.133	0.650	0.587	0.863
DTX1	NOTCH1	9606.ENSP00000257600	9606.ENSP00000498587	0	0	0	0	0	0.727	0.650	0.850	0.984
DUSP22	IRF4	9606.ENSP00000397459	9606.ENSP00000370343	0	0.225	0	0	0.046	0.093	0	0.598	0.695
EBF1	FLT3	9606.ENSP00000322898	9606.ENSP00000241453	0	0	0	0	0.042	0	0	0.651	0.651
EBF1	TCF3	9606.ENSP00000322898	9606.ENSP00000262965	0	0	0	0	0.064	0	0	0.947	0.948
EBF1	EP300	9606.ENSP00000322898	9606.ENSP00000263253	0	0	0	0	0.044	0.068	0.500	0.588	0.791
EBF1	IRF4	9606.ENSP00000322898	9606.ENSP00000370343	0	0	0	0	0.070	0.051	0	0.593	0.609
EBF1	RXRA	9606.ENSP00000322898	9606.ENSP00000419692	0	0	0	0	0	0	0.500	0.253	0.610
EBF1	ETV6	9606.ENSP00000322898	9606.ENSP00000379658	0	0	0	0	0	0	0	0.659	0.659
EBF1	TCF12	9606.ENSP00000322898	9606.ENSP00000388940	0	0	0	0	0.097	0	0	0.639	0.660
EBF1	P2RY8	9606.ENSP00000322898	9606.ENSP00000370697	0	0	0	0	0.067	0	0	0.670	0.678
EBF1	FOXO1	9606.ENSP00000322898	9606.ENSP00000368880	0	0	0	0	0.082	0.051	0	0.674	0.691
EBF1	POU2AF1	9606.ENSP00000322898	9606.ENSP00000376786	0	0	0	0	0.117	0	0	0.690	0.714
EBF1	IKZF3	9606.ENSP00000322898	9606.ENSP00000344544	0	0	0	0	0.060	0.071	0	0.879	0.885
EBF1	IKZF1	9606.ENSP00000322898	9606.ENSP00000331614	0	0	0	0	0.048	0.071	0	0.929	0.931
EBF1	TET2	9606.ENSP00000322898	9606.ENSP00000442788	0	0	0	0	0.042	0.292	0	0.968	0.976
EED	SALL4	9606.ENSP00000338186	9606.ENSP00000217086	0	0	0	0	0.066	0.095	0.500	0.296	0.662
EED	H3-3B	9606.ENSP00000338186	9606.ENSP00000254810	0	0	0	0	0.060	0.275	0.500	0.890	0.957
EED	KMT2C	9606.ENSP00000338186	9606.ENSP00000262189	0	0	0	0	0.042	0	0.500	0.232	0.600
EED	EP300	9606.ENSP00000338186	9606.ENSP00000263253	0	0	0	0	0.049	0	0.500	0.290	0.632
EED	RB1	9606.ENSP00000338186	9606.ENSP00000267163	0	0	0	0	0.124	0.126	0	0.556	0.631
EED	NCOR1	9606.ENSP00000338186	9606.ENSP00000268712	0	0	0	0	0.055	0.129	0.500	0.179	0.616
EED	TP53	9606.ENSP00000338186	9606.ENSP00000269305	0	0	0	0	0	0	0.500	0.348	0.660
EED	SETDB1	9606.ENSP00000338186	9606.ENSP00000271640	0	0	0	0	0.068	0.314	0	0.447	0.616
EED	REST	9606.ENSP00000338186	9606.ENSP00000311816	0	0	0	0	0.049	0.102	0.500	0.294	0.658
EED	SUZ12	9606.ENSP00000338186	9606.ENSP00000316578	0	0	0	0	0.176	0.997	0.900	0.999	0.999
EED	SOX2	9606.ENSP00000338186	9606.ENSP00000323588	0	0	0	0	0.049	0.089	0	0.609	0.631
EED	H3C13	9606.ENSP00000338186	9606.ENSP00000333277	0	0	0	0	0.054	0.319	0.500	0.890	0.960
EED	KMT5A	9606.ENSP00000338186	9606.ENSP00000384629	0	0	0	0	0.052	0.489	0	0.327	0.646
EED	KDM2B	9606.ENSP00000338186	9606.ENSP00000366271	0	0	0	0	0.049	0.098	0	0.665	0.688
EED	KDM6A	9606.ENSP00000338186	9606.ENSP00000367203	0	0	0	0	0.076	0.290	0.500	0.580	0.844
EED	HDAC1	9606.ENSP00000338186	9606.ENSP00000362649	0	0	0	0	0.118	0.763	0.500	0.598	0.952
EED	PHF1	9606.ENSP00000338186	9606.ENSP00000363640	0	0	0	0	0.077	0.889	0.500	0.506	0.971
EED	PHF19	9606.ENSP00000338186	9606.ENSP00000483946	0	0	0	0	0.085	0.884	0.500	0.533	0.972
EED	EZH1	9606.ENSP00000338186	9606.ENSP00000404658	0	0	0	0	0.052	0.997	0.900	0.996	0.999
EGFR	ERCC1	9606.ENSP00000275493	9606.ENSP00000013807	0	0	0	0	0	0.201	0	0.599	0.665
EGFR	NFKBIA	9606.ENSP00000275493	9606.ENSP00000216797	0	0	0	0	0	0.045	0	0.687	0.688
EGFR	TSC2	9606.ENSP00000275493	9606.ENSP00000219476	0	0	0	0	0.042	0.163	0	0.597	0.649
EGFR	PAG1	9606.ENSP00000275493	9606.ENSP00000220597	0	0	0	0	0	0.292	0.500	0.160	0.676
EGFR	PIK3R2	9606.ENSP00000275493	9606.ENSP00000222254	0	0	0	0	0.044	0.848	0.900	0.623	0.993
EGFR	MLH1	9606.ENSP00000275493	9606.ENSP00000231790	0	0	0	0	0.044	0	0	0.620	0.621
EGFR	TRAF2	9606.ENSP00000275493	9606.ENSP00000247668	0	0	0	0	0.044	0.806	0	0.184	0.835
EGFR	H3-3B	9606.ENSP00000275493	9606.ENSP00000254810	0	0	0	0	0.042	0.149	0	0.736	0.766
EGFR	NOTCH2	9606.ENSP00000275493	9606.ENSP00000256646	0	0	0	0	0.080	0.142	0	0.701	0.744
EGFR	PDGFRA	9606.ENSP00000275493	9606.ENSP00000257290	0	0	0	0.566	0.108	0.663	0.900	0.590	0.986
EGFR	SLC9A3R1	9606.ENSP00000275493	9606.ENSP00000262613	0	0	0	0	0	0.045	0	0.854	0.854
EGFR	PIK3R3	9606.ENSP00000275493	9606.ENSP00000262741	0	0	0	0	0	0.810	0.900	0.554	0.990
EGFR	NOTCH3	9606.ENSP00000275493	9606.ENSP00000263388	0	0	0	0	0.107	0.097	0.500	0.530	0.785
EGFR	KDR	9606.ENSP00000275493	9606.ENSP00000263923	0	0	0	0.564	0.075	0.139	0	0.774	0.805
EGFR	PIK3CA	9606.ENSP00000275493	9606.ENSP00000263967	0	0	0	0	0	0.790	0.900	0.976	0.999
EGFR	FGF10	9606.ENSP00000275493	9606.ENSP00000264664	0	0	0	0	0.062	0	0.650	0.794	0.926
EGFR	TP53	9606.ENSP00000275493	9606.ENSP00000269305	0	0	0	0	0	0.329	0	0.919	0.943
EGFR	ERBB2	9606.ENSP00000275493	9606.ENSP00000269571	0	0	0.064	0.939	0.080	0.998	0.900	0.983	0.999
EGFR	SH3GL1	9606.ENSP00000275493	9606.ENSP00000269886	0	0	0	0	0.042	0	0.650	0.207	0.711
EGFR	RASA1	9606.ENSP00000275493	9606.ENSP00000274376	0	0	0	0	0.042	0.716	0	0.901	0.970
EGFR	TGFBR2	9606.ENSP00000275493	9606.ENSP00000351905	0	0	0	0	0.066	0.091	0	0.574	0.606
EGFR	FLT1	9606.ENSP00000275493	9606.ENSP00000282397	0	0	0	0.564	0.055	0.139	0	0.555	0.607
EGFR	RUNX2	9606.ENSP00000275493	9606.ENSP00000360493	0	0	0	0	0.044	0	0	0.606	0.607
EGFR	FGFR2	9606.ENSP00000275493	9606.ENSP00000410294	0	0	0	0.609	0.068	0.101	0	0.569	0.608
EGFR	LIFR	9606.ENSP00000275493	9606.ENSP00000398368	0	0	0	0	0.141	0	0	0.576	0.620
EGFR	H3C13	9606.ENSP00000275493	9606.ENSP00000333277	0	0	0	0	0.042	0.118	0	0.592	0.626
EGFR	NTRK1	9606.ENSP00000275493	9606.ENSP00000431418	0	0	0	0.603	0.107	0.109	0	0.571	0.628
EGFR	FAS	9606.ENSP00000275493	9606.ENSP00000498466	0	0	0	0	0.042	0	0	0.630	0.630
EGFR	ELN	9606.ENSP00000275493	9606.ENSP00000351807	0	0	0	0	0.055	0	0	0.625	0.630
EGFR	PTCH1	9606.ENSP00000275493	9606.ENSP00000332353	0	0	0	0	0	0.231	0	0.546	0.636
EGFR	XIAP	9606.ENSP00000275493	9606.ENSP00000360242	0	0	0	0	0.049	0.244	0	0.534	0.636
EGFR	RAC1	9606.ENSP00000275493	9606.ENSP00000348461	0	0	0	0	0.058	0.211	0	0.554	0.639
EGFR	LMNA	9606.ENSP00000275493	9606.ENSP00000357283	0	0	0	0	0.105	0.292	0	0.484	0.644
EGFR	TOP2A	9606.ENSP00000275493	9606.ENSP00000411532	0	0	0	0	0.042	0.103	0	0.623	0.647
EGFR	GPC3	9606.ENSP00000275493	9606.ENSP00000377836	0	0	0	0	0	0	0	0.647	0.647
EGFR	PTPRB	9606.ENSP00000275493	9606.ENSP00000334928	0	0	0	0	0.060	0.559	0	0.300	0.685
EGFR	TERT	9606.ENSP00000275493	9606.ENSP00000309572	0	0	0	0	0	0	0	0.697	0.697
EGFR	ITK	9606.ENSP00000275493	9606.ENSP00000398655	0	0	0	0.660	0	0.640	0	0.217	0.706
EGFR	FOXO1	9606.ENSP00000275493	9606.ENSP00000368880	0	0	0	0	0.042	0	0	0.706	0.706
EGFR	PRKACA	9606.ENSP00000275493	9606.ENSP00000309591	0	0	0	0.594	0.042	0.510	0	0.427	0.707
EGFR	PTPN2	9606.ENSP00000275493	9606.ENSP00000311857	0	0	0	0	0.042	0.546	0	0.395	0.714
EGFR	SMAD4	9606.ENSP00000275493	9606.ENSP00000341551	0	0	0	0	0.061	0	0	0.729	0.735
EGFR	KEAP1	9606.ENSP00000275493	9606.ENSP00000377245	0	0	0	0	0.042	0.420	0	0.581	0.746
EGFR	INSR	9606.ENSP00000275493	9606.ENSP00000303830	0	0	0	0.577	0.058	0.091	0.400	0.566	0.747
EGFR	IRS2	9606.ENSP00000275493	9606.ENSP00000365016	0	0	0	0	0.044	0.406	0	0.594	0.749
EGFR	PTPRC	9606.ENSP00000275493	9606.ENSP00000411355	0	0	0	0	0	0.258	0	0.676	0.749
EGFR	PARP1	9606.ENSP00000275493	9606.ENSP00000355759	0	0	0	0	0.044	0.100	0	0.734	0.751
EGFR	SOX2	9606.ENSP00000275493	9606.ENSP00000323588	0	0	0	0	0	0.307	0	0.665	0.758
EGFR	STAT2	9606.ENSP00000275493	9606.ENSP00000315768	0	0	0	0	0.042	0.632	0	0.375	0.761
EGFR	HDAC1	9606.ENSP00000275493	9606.ENSP00000362649	0	0	0	0	0.047	0.100	0	0.748	0.765
EGFR	PAK1	9606.ENSP00000275493	9606.ENSP00000278568	0	0	0	0.579	0.063	0.718	0	0.210	0.773
EGFR	LRIG3	9606.ENSP00000275493	9606.ENSP00000326759	0	0	0	0	0.147	0.331	0	0.644	0.779
EGFR	MST1R	9606.ENSP00000275493	9606.ENSP00000296474	0	0	0	0.580	0.091	0.092	0	0.771	0.795
EGFR	MTOR	9606.ENSP00000275493	9606.ENSP00000354558	0	0	0	0	0.042	0.181	0	0.769	0.802
EGFR	PTPRK	9606.ENSP00000275493	9606.ENSP00000432973	0	0	0	0	0.154	0.289	0.400	0.583	0.829
EGFR	PGR	9606.ENSP00000275493	9606.ENSP00000325120	0	0	0	0	0	0.092	0	0.820	0.830
EGFR	NF2	9606.ENSP00000275493	9606.ENSP00000344666	0	0	0	0	0.054	0.621	0	0.600	0.844
EGFR	NF1	9606.ENSP00000275493	9606.ENSP00000351015	0	0	0	0	0.055	0.330	0	0.778	0.847
EGFR	RAF1	9606.ENSP00000275493	9606.ENSP00000401888	0	0	0	0.575	0.042	0.645	0	0.590	0.848
EGFR	INPPL1	9606.ENSP00000275493	9606.ENSP00000298229	0	0	0	0	0.042	0.696	0	0.551	0.857
EGFR	LYN	9606.ENSP00000275493	9606.ENSP00000428924	0	0	0	0.674	0.042	0.830	0	0.208	0.859
EGFR	NOTCH1	9606.ENSP00000275493	9606.ENSP00000498587	0	0	0	0	0.042	0.075	0	0.872	0.877
EGFR	NTRK2	9606.ENSP00000275493	9606.ENSP00000277120	0	0	0	0.591	0.134	0.640	0	0.653	0.882
EGFR	IL10	9606.ENSP00000275493	9606.ENSP00000412237	0	0	0	0	0	0	0.650	0.724	0.899
EGFR	RHOA	9606.ENSP00000275493	9606.ENSP00000400175	0	0	0	0	0.075	0.258	0.500	0.752	0.903
EGFR	EML4	9606.ENSP00000275493	9606.ENSP00000320663	0	0	0	0	0.042	0.049	0	0.904	0.904
EGFR	PIK3C2B	9606.ENSP00000275493	9606.ENSP00000356155	0	0	0	0	0.044	0.838	0	0.576	0.928
EGFR	HIF1A	9606.ENSP00000275493	9606.ENSP00000437955	0	0	0	0	0.055	0	0.500	0.873	0.934
EGFR	PIK3CD	9606.ENSP00000275493	9606.ENSP00000366563	0	0	0	0	0.042	0	0.900	0.443	0.942
EGFR	JAK3	9606.ENSP00000275493	9606.ENSP00000432511	0	0	0	0.583	0	0.161	0.900	0.522	0.956
EGFR	PTEN	9606.ENSP00000275493	9606.ENSP00000361021	0	0	0	0	0	0.608	0	0.925	0.969
EGFR	ESR1	9606.ENSP00000275493	9606.ENSP00000405330	0	0	0	0	0	0.583	0	0.974	0.988
EGFR	IGF1	9606.ENSP00000275493	9606.ENSP00000376637	0	0	0	0	0	0	0.900	0.919	0.991
EGFR	PLCG2	9606.ENSP00000275493	9606.ENSP00000482457	0	0	0	0	0.042	0.843	0.900	0.614	0.993
EGFR	PIK3CB	9606.ENSP00000275493	9606.ENSP00000501150	0	0	0	0	0	0.622	0.900	0.842	0.993
EGFR	ERBB4	9606.ENSP00000275493	9606.ENSP00000342235	0	0	0.051	0.945	0	0.786	0.400	0.977	0.996
EGFR	MET	9606.ENSP00000275493	9606.ENSP00000317272	0	0	0	0.582	0.250	0.806	0	0.978	0.996
EGFR	STAT5B	9606.ENSP00000275493	9606.ENSP00000293328	0	0	0	0	0	0.787	0.900	0.907	0.997
EGFR	PIK3R1	9606.ENSP00000275493	9606.ENSP00000428056	0	0	0	0	0.042	0.900	0.900	0.901	0.998
EGFR	STAT5A	9606.ENSP00000275493	9606.ENSP00000341208	0	0	0	0	0	0.836	0.900	0.932	0.998
EGFR	PTPN11	9606.ENSP00000275493	9606.ENSP00000489597	0	0	0	0	0.042	0.995	0.900	0.991	0.999
EGFR	MUC1	9606.ENSP00000275493	9606.ENSP00000484824	0	0	0	0	0.074	0.835	0	0.994	0.999
EIF3E	NPM1	9606.ENSP00000220849	9606.ENSP00000296930	0	0	0	0	0.356	0.444	0	0.234	0.702
EIF3E	RPL5	9606.ENSP00000220849	9606.ENSP00000359345	0	0	0	0	0.549	0.188	0	0.290	0.717
EIF3E	EIF4E	9606.ENSP00000220849	9606.ENSP00000425561	0	0	0	0	0.097	0.225	0	0.739	0.801
EIF4E	NFKBIA	9606.ENSP00000425561	9606.ENSP00000216797	0	0	0	0	0.074	0.097	0	0.583	0.620
EIF4E	TSC2	9606.ENSP00000425561	9606.ENSP00000219476	0	0	0	0	0.063	0	0	0.858	0.862
EIF4E	RPS6KB1	9606.ENSP00000425561	9606.ENSP00000225577	0	0	0	0	0.071	0.292	0	0.979	0.985
EIF4E	RHEB	9606.ENSP00000425561	9606.ENSP00000262187	0	0	0	0	0.101	0.045	0.400	0.816	0.892
EIF4E	PML	9606.ENSP00000425561	9606.ENSP00000268058	0	0	0	0	0.044	0.783	0	0.357	0.854
EIF4E	RANBP2	9606.ENSP00000425561	9606.ENSP00000283195	0	0	0	0	0.167	0	0.400	0.283	0.611
EIF4E	TSC1	9606.ENSP00000425561	9606.ENSP00000298552	0	0	0	0	0.063	0.058	0	0.740	0.751
EIF4E	PCBP1	9606.ENSP00000425561	9606.ENSP00000305556	0	0	0	0	0.224	0.273	0	0.356	0.605
EIF4E	MTOR	9606.ENSP00000425561	9606.ENSP00000354558	0	0	0	0	0.042	0.356	0.400	0.910	0.962
EIF4E	PTEN	9606.ENSP00000425561	9606.ENSP00000361021	0	0	0	0	0.082	0.072	0	0.641	0.667
EIF4E	HIF1A	9606.ENSP00000425561	9606.ENSP00000437955	0	0	0	0	0.083	0	0	0.745	0.756
EIF4E	MKNK1	9606.ENSP00000425561	9606.ENSP00000498083	0	0	0	0	0	0.357	0	0.947	0.965
ELF3	EP300	9606.ENSP00000352673	9606.ENSP00000263253	0	0	0	0	0.042	0.292	0.500	0.296	0.729
ELF3	NOTCH3	9606.ENSP00000352673	9606.ENSP00000263388	0	0	0	0	0.045	0.296	0.500	0.157	0.679
ELL	ELL2	9606.ENSP00000262809	9606.ENSP00000237853	0	0	0	0.929	0.072	0	0.900	0.734	0.973
ELL	ELP2	9606.ENSP00000262809	9606.ENSP00000414851	0	0	0	0	0	0.049	0.720	0	0.722
ELL	EP300	9606.ENSP00000262809	9606.ENSP00000263253	0	0	0	0	0.060	0.292	0.400	0.566	0.803
ELL	TP53	9606.ENSP00000262809	9606.ENSP00000269305	0	0	0	0	0	0.397	0	0.717	0.822
ELL	KMT2A	9606.ENSP00000262809	9606.ENSP00000436786	0	0	0	0	0	0.292	0	0.792	0.846
ELL	TCEA1	9606.ENSP00000262809	9606.ENSP00000428426	0	0	0	0	0	0.096	0.800	0.504	0.902
ELL	ERCC6	9606.ENSP00000262809	9606.ENSP00000348089	0	0	0	0	0.049	0	0.900	0.082	0.905
ELL	ELOC	9606.ENSP00000262809	9606.ENSP00000478121	0	0	0	0	0	0	0.900	0.102	0.906
ELL	MLLT10	9606.ENSP00000262809	9606.ENSP00000307411	0	0	0	0	0.049	0	0	0.915	0.916
ELL	MLLT3	9606.ENSP00000262809	9606.ENSP00000369695	0	0	0	0	0	0.748	0.900	0.998	0.999
ELL2	ELP2	9606.ENSP00000237853	9606.ENSP00000414851	0	0	0	0	0.042	0.049	0.720	0	0.722
ELL2	ERCC6	9606.ENSP00000237853	9606.ENSP00000348089	0	0	0	0	0.049	0	0.900	0.043	0.901
ELL2	ELOC	9606.ENSP00000237853	9606.ENSP00000478121	0	0	0	0	0.048	0	0.900	0.064	0.903
ELL2	MLLT3	9606.ENSP00000237853	9606.ENSP00000369695	0	0	0	0	0	0.712	0.900	0.993	0.999
ELMSAN1	HDAC1	9606.ENSP00000286523	9606.ENSP00000362649	0	0	0	0	0.075	0.963	0	0.224	0.971
ELN	FGF10	9606.ENSP00000351807	9606.ENSP00000264664	0	0	0	0	0.063	0	0	0.664	0.671
ELN	MYH11	9606.ENSP00000351807	9606.ENSP00000379616	0	0	0	0	0.138	0	0	0.571	0.614
ELN	TGFBR2	9606.ENSP00000351807	9606.ENSP00000351905	0	0	0	0	0.047	0	0	0.693	0.694
ELOC	VHL	9606.ENSP00000478121	9606.ENSP00000256474	0	0	0	0	0.142	0.999	0.800	0.998	0.999
ELOC	TP53	9606.ENSP00000478121	9606.ENSP00000269305	0	0	0	0	0	0	0	0.608	0.608
ELOC	POLE	9606.ENSP00000478121	9606.ENSP00000322570	0	0	0	0	0.049	0.800	0	0.048	0.803
ELOC	SMARCA4	9606.ENSP00000478121	9606.ENSP00000343896	0	0	0	0	0.111	0.800	0	0.224	0.850
ELOC	ERCC6	9606.ENSP00000478121	9606.ENSP00000348089	0	0	0	0	0.055	0.260	0.900	0.287	0.943
ELOC	MLLT3	9606.ENSP00000478121	9606.ENSP00000369695	0	0	0	0	0.055	0	0.900	0	0.901
ELOC	SMARCA2	9606.ENSP00000478121	9606.ENSP00000371638	0	0	0	0	0.112	0.800	0	0.175	0.840
ELOC	ELP2	9606.ENSP00000478121	9606.ENSP00000414851	0	0	0	0	0.074	0	0.720	0.068	0.737
ELOC	HIF1A	9606.ENSP00000478121	9606.ENSP00000437955	0	0	0	0	0.082	0.969	0.900	0.987	0.999
ELP2	ERCC6	9606.ENSP00000414851	9606.ENSP00000348089	0	0	0	0	0	0.107	0.720	0.062	0.744
ELP2	MLLT3	9606.ENSP00000414851	9606.ENSP00000369695	0	0	0	0	0.042	0.113	0.720	0	0.741
EML4	PIK3R2	9606.ENSP00000320663	9606.ENSP00000222254	0	0	0	0	0.044	0	0.900	0.116	0.908
EML4	PIK3R3	9606.ENSP00000320663	9606.ENSP00000262741	0	0	0	0	0	0	0.900	0	0.900
EML4	PIK3CA	9606.ENSP00000320663	9606.ENSP00000263967	0	0	0	0	0.049	0.072	0.900	0.609	0.960
EML4	TP53	9606.ENSP00000320663	9606.ENSP00000269305	0	0	0	0	0	0.163	0	0.572	0.626
EML4	ERBB2	9606.ENSP00000320663	9606.ENSP00000269571	0	0	0	0	0.043	0.049	0	0.666	0.669
EML4	RANBP2	9606.ENSP00000320663	9606.ENSP00000283195	0	0	0	0	0.126	0.097	0.500	0.442	0.750
EML4	NPM1	9606.ENSP00000320663	9606.ENSP00000296930	0	0	0	0	0.063	0	0.400	0.757	0.851
EML4	PPFIBP1	9606.ENSP00000320663	9606.ENSP00000314724	0	0	0	0	0.042	0	0.500	0.391	0.682
EML4	MET	9606.ENSP00000320663	9606.ENSP00000317272	0	0	0	0	0.099	0.067	0	0.604	0.638
EML4	TPR	9606.ENSP00000320663	9606.ENSP00000356448	0	0	0	0	0.064	0.046	0.500	0.209	0.600
EML4	PRKAR1A	9606.ENSP00000320663	9606.ENSP00000376475	0	0	0	0	0.049	0	0.400	0.368	0.608
EML4	SLC34A2	9606.ENSP00000320663	9606.ENSP00000371483	0	0	0	0	0	0.042	0	0.623	0.623
EML4	ETV6	9606.ENSP00000320663	9606.ENSP00000379658	0	0	0	0	0.066	0	0	0.623	0.632
EML4	STK11	9606.ENSP00000320663	9606.ENSP00000324856	0	0	0	0	0.055	0.046	0	0.634	0.641
EML4	SEC31A	9606.ENSP00000320663	9606.ENSP00000378721	0	0	0	0	0.049	0	0.500	0.419	0.699
EML4	NTRK1	9606.ENSP00000320663	9606.ENSP00000431418	0	0	0	0	0.074	0.085	0	0.741	0.761
EML4	PLCG2	9606.ENSP00000320663	9606.ENSP00000482457	0	0	0	0	0.049	0	0.900	0	0.900
EML4	PIK3CD	9606.ENSP00000320663	9606.ENSP00000366563	0	0	0	0	0.054	0.072	0.900	0.090	0.909
EML4	PIK3CB	9606.ENSP00000320663	9606.ENSP00000501150	0	0	0	0	0.044	0.072	0.900	0.149	0.914
EML4	PIK3R1	9606.ENSP00000320663	9606.ENSP00000428056	0	0	0	0	0.049	0	0.900	0.201	0.917
EML4	ROS1	9606.ENSP00000320663	9606.ENSP00000357494	0	0	0	0	0.074	0.067	0	0.921	0.925
EML4	JAK3	9606.ENSP00000320663	9606.ENSP00000432511	0	0	0	0	0.079	0.067	0.900	0.277	0.929
EMSY	PALB2	9606.ENSP00000433205	9606.ENSP00000261584	0	0	0	0	0.060	0.226	0	0.662	0.732
EMSY	HDAC1	9606.ENSP00000433205	9606.ENSP00000362649	0	0	0	0	0.056	0.611	0	0.484	0.794
EMSY	KDM5A	9606.ENSP00000433205	9606.ENSP00000382688	0	0	0	0	0.192	0.617	0	0.716	0.904
EP300	NFKBIA	9606.ENSP00000263253	9606.ENSP00000216797	0	0	0	0	0.044	0.510	0	0.478	0.734
EP300	STAG2	9606.ENSP00000263253	9606.ENSP00000218089	0	0	0	0	0.070	0	0.500	0.594	0.794
EP300	IRF1	9606.ENSP00000263253	9606.ENSP00000245414	0	0	0	0	0.045	0.774	0	0.932	0.984
EP300	FOXA1	9606.ENSP00000263253	9606.ENSP00000250448	0	0	0	0	0.044	0	0.800	0.681	0.933
EP300	FUS	9606.ENSP00000263253	9606.ENSP00000254108	0	0	0	0	0.085	0.371	0	0.622	0.763
EP300	H3-3B	9606.ENSP00000263253	9606.ENSP00000254810	0	0	0	0	0.049	0.521	0.500	0.856	0.962
EP300	VHL	9606.ENSP00000263253	9606.ENSP00000256474	0	0	0	0	0.121	0.735	0	0.532	0.881
EP300	NOTCH2	9606.ENSP00000263253	9606.ENSP00000256646	0	0	0	0	0.049	0.065	0.500	0.631	0.814
EP300	KMT2C	9606.ENSP00000263253	9606.ENSP00000262189	0	0	0	0	0.382	0.110	0.500	0.627	0.884
EP300	SETD1A	9606.ENSP00000263253	9606.ENSP00000262519	0	0	0	0	0.193	0.091	0.500	0.649	0.854
EP300	TCF3	9606.ENSP00000263253	9606.ENSP00000262965	0	0	0	0	0.062	0.668	0	0.826	0.941
EP300	NFATC2	9606.ENSP00000263253	9606.ENSP00000379330	0	0	0	0	0.042	0.422	0	0.345	0.605
EP300	SF3B1	9606.ENSP00000263253	9606.ENSP00000335321	0	0	0	0	0.086	0.162	0.500	0.095	0.607
EP300	RECQL4	9606.ENSP00000263253	9606.ENSP00000482313	0	0	0	0	0	0.292	0	0.470	0.609
EP300	NQO1	9606.ENSP00000263253	9606.ENSP00000319788	0	0	0	0	0.042	0	0.500	0.251	0.610
EP300	TGFBR2	9606.ENSP00000263253	9606.ENSP00000351905	0	0	0	0	0.056	0.047	0	0.602	0.611
EP300	SPEN	9606.ENSP00000263253	9606.ENSP00000364912	0	0	0	0	0.462	0	0	0.316	0.616
EP300	SMARCA2	9606.ENSP00000263253	9606.ENSP00000371638	0	0	0	0	0.049	0.328	0	0.447	0.616
EP300	ZNF217	9606.ENSP00000263253	9606.ENSP00000360526	0	0	0	0	0.124	0.093	0.500	0.189	0.634
EP300	TCL1A	9606.ENSP00000263253	9606.ENSP00000451506	0	0	0	0	0.042	0.292	0	0.506	0.635
EP300	PAX8	9606.ENSP00000263253	9606.ENSP00000263334	0	0	0	0	0	0.294	0	0.508	0.638
EP300	MTOR	9606.ENSP00000263253	9606.ENSP00000354558	0	0	0	0	0.155	0.292	0	0.444	0.638
EP300	NSD1	9606.ENSP00000263253	9606.ENSP00000395929	0	0	0	0	0.356	0.091	0	0.448	0.649
EP300	PRKCB	9606.ENSP00000263253	9606.ENSP00000496129	0	0	0	0	0.069	0.292	0	0.513	0.651
EP300	ERBB2	9606.ENSP00000263253	9606.ENSP00000269571	0	0	0	0	0.049	0.071	0	0.638	0.652
EP300	PIK3R1	9606.ENSP00000263253	9606.ENSP00000428056	0	0	0	0	0.060	0.301	0	0.515	0.653
EP300	NOTCH3	9606.ENSP00000263253	9606.ENSP00000263388	0	0	0	0	0	0.065	0.500	0.323	0.656
EP300	ZNF384	9606.ENSP00000263253	9606.ENSP00000380019	0	0	0	0	0.074	0.093	0	0.639	0.670
EP300	SMARCB1	9606.ENSP00000263253	9606.ENSP00000340883	0	0	0	0	0.058	0	0	0.667	0.672
EP300	SOX2	9606.ENSP00000263253	9606.ENSP00000323588	0	0	0	0	0.042	0.229	0	0.633	0.705
EP300	NUP98	9606.ENSP00000263253	9606.ENSP00000316032	0	0	0	0	0.171	0.292	0	0.544	0.709
EP300	MRTFA	9606.ENSP00000263253	9606.ENSP00000498671	0	0	0	0	0.151	0.292	0	0.557	0.710
EP300	MAX	9606.ENSP00000263253	9606.ENSP00000351490	0	0	0	0	0.093	0.625	0	0.222	0.712
EP300	IRF4	9606.ENSP00000263253	9606.ENSP00000370343	0	0	0	0	0	0.192	0	0.662	0.715
EP300	KAT6B	9606.ENSP00000263253	9606.ENSP00000287239	0	0	0	0	0.373	0	0	0.585	0.729
EP300	HEY1	9606.ENSP00000263253	9606.ENSP00000338272	0	0	0	0	0	0.046	0.500	0.481	0.730
EP300	SETD1B	9606.ENSP00000263253	9606.ENSP00000474253	0	0	0	0	0.211	0.091	0.500	0.345	0.734
EP300	NOTCH4	9606.ENSP00000263253	9606.ENSP00000364163	0	0	0	0	0	0.065	0.500	0.493	0.742
EP300	SUZ12	9606.ENSP00000263253	9606.ENSP00000316578	0	0	0	0	0.049	0	0.500	0.507	0.745
EP300	SMC3	9606.ENSP00000263253	9606.ENSP00000354720	0	0	0	0	0.104	0.074	0.500	0.464	0.748
EP300	RAD21	9606.ENSP00000263253	9606.ENSP00000297338	0	0	0	0	0.092	0	0.500	0.502	0.754
EP300	KMT2B	9606.ENSP00000263253	9606.ENSP00000398837	0	0	0	0	0.259	0.125	0.500	0.334	0.755
EP300	TRRAP	9606.ENSP00000263253	9606.ENSP00000352925	0	0	0	0	0.226	0.095	0	0.683	0.758
EP300	SETD2	9606.ENSP00000263253	9606.ENSP00000386759	0	0	0	0	0.499	0.091	0	0.518	0.761
EP300	REST	9606.ENSP00000263253	9606.ENSP00000311816	0	0	0	0	0.060	0.091	0.500	0.517	0.766
EP300	PGR	9606.ENSP00000263253	9606.ENSP00000325120	0	0	0	0	0	0.325	0.500	0.389	0.776
EP300	SMC1A	9606.ENSP00000263253	9606.ENSP00000323421	0	0	0	0	0.113	0.321	0.500	0.374	0.786
EP300	NPM1	9606.ENSP00000263253	9606.ENSP00000296930	0	0	0	0	0.044	0.539	0	0.558	0.788
EP300	MED12	9606.ENSP00000263253	9606.ENSP00000363193	0	0	0	0	0.230	0	0.500	0.535	0.805
EP300	MEF2C	9606.ENSP00000263253	9606.ENSP00000340874	0	0	0	0	0.044	0.525	0	0.607	0.806
EP300	RB1	9606.ENSP00000263253	9606.ENSP00000267163	0	0	0	0	0.049	0.681	0	0.418	0.808
EP300	H3C8	9606.ENSP00000263253	9606.ENSP00000484638	0	0	0	0	0	0.804	0	0.088	0.814
EP300	KMT2A	9606.ENSP00000263253	9606.ENSP00000436786	0	0	0	0	0.288	0.125	0.500	0.521	0.831
EP300	GPS2	9606.ENSP00000263253	9606.ENSP00000379841	0	0	0	0	0.117	0.300	0.500	0.543	0.840
EP300	ZBTB16	9606.ENSP00000263253	9606.ENSP00000338157	0	0	0	0	0.048	0.536	0	0.676	0.844
EP300	PRKACA	9606.ENSP00000263253	9606.ENSP00000309591	0	0	0	0	0.047	0	0.650	0.589	0.851
EP300	PML	9606.ENSP00000263253	9606.ENSP00000268058	0	0	0	0	0.060	0	0.800	0.276	0.852
EP300	TLE3	9606.ENSP00000263253	9606.ENSP00000452871	0	0	0	0	0.131	0.062	0.800	0.220	0.855
EP300	EP400	9606.ENSP00000263253	9606.ENSP00000374212	0	0	0	0	0.570	0.066	0	0.677	0.859
EP300	ERCC6	9606.ENSP00000263253	9606.ENSP00000348089	0	0	0	0	0.073	0.066	0.800	0.289	0.860
EP300	ERCC5	9606.ENSP00000263253	9606.ENSP00000498881	0	0	0	0	0.126	0	0.800	0.315	0.869
EP300	NUTM1	9606.ENSP00000263253	9606.ENSP00000444896	0	0	0	0	0	0.516	0	0.755	0.876
EP300	MITF	9606.ENSP00000263253	9606.ENSP00000391803	0	0	0	0	0	0.294	0	0.834	0.877
EP300	NCOR2	9606.ENSP00000263253	9606.ENSP00000384018	0	0	0	0	0.263	0.309	0.500	0.574	0.877
EP300	PARP1	9606.ENSP00000263253	9606.ENSP00000355759	0	0	0	0	0.076	0.786	0	0.447	0.881
EP300	RUNX2	9606.ENSP00000263253	9606.ENSP00000360493	0	0	0	0	0.042	0.627	0	0.704	0.885
EP300	KMT2D	9606.ENSP00000263253	9606.ENSP00000301067	0	0	0	0	0.363	0.110	0.500	0.677	0.896
EP300	KDM6A	9606.ENSP00000263253	9606.ENSP00000367203	0	0	0	0	0.251	0.067	0.500	0.753	0.902
EP300	REL	9606.ENSP00000263253	9606.ENSP00000295025	0	0	0	0	0.140	0.649	0	0.706	0.903
EP300	STAT5B	9606.ENSP00000263253	9606.ENSP00000293328	0	0	0	0	0.095	0.048	0.650	0.728	0.907
EP300	TCEA1	9606.ENSP00000263253	9606.ENSP00000428426	0	0	0	0	0.047	0.074	0.800	0.558	0.911
EP300	TCF12	9606.ENSP00000263253	9606.ENSP00000388940	0	0	0	0	0.060	0.396	0.800	0.321	0.912
EP300	H3C13	9606.ENSP00000263253	9606.ENSP00000333277	0	0	0	0	0.047	0.064	0.500	0.845	0.922
EP300	MEF2D	9606.ENSP00000263253	9606.ENSP00000271555	0	0	0	0	0.049	0.525	0	0.845	0.923
EP300	RXRA	9606.ENSP00000263253	9606.ENSP00000419692	0	0	0	0	0.063	0.325	0.650	0.739	0.934
EP300	STAT2	9606.ENSP00000263253	9606.ENSP00000315768	0	0	0	0	0.049	0.626	0.650	0.559	0.937
EP300	NOTCH1	9606.ENSP00000263253	9606.ENSP00000498587	0	0	0	0	0.053	0.634	0.500	0.697	0.940
EP300	STAT6	9606.ENSP00000263253	9606.ENSP00000300134	0	0	0	0	0.049	0.630	0.650	0.609	0.945
EP300	STAT5A	9606.ENSP00000263253	9606.ENSP00000341208	0	0	0	0	0.042	0.623	0.650	0.623	0.946
EP300	KAT6A	9606.ENSP00000263253	9606.ENSP00000265713	0	0	0	0	0.647	0.292	0.500	0.695	0.956
EP300	GATA3	9606.ENSP00000263253	9606.ENSP00000368632	0	0	0	0	0	0.101	0.800	0.794	0.959
EP300	NCOR1	9606.ENSP00000263253	9606.ENSP00000268712	0	0	0	0	0.436	0.313	0.500	0.816	0.959
EP300	SMARCA4	9606.ENSP00000263253	9606.ENSP00000343896	0	0	0	0	0.085	0.328	0	0.955	0.969
EP300	FOXO1	9606.ENSP00000263253	9606.ENSP00000368880	0	0	0	0	0.105	0.809	0.500	0.838	0.984
EP300	SMAD4	9606.ENSP00000263253	9606.ENSP00000341551	0	0	0	0	0.204	0.826	0.500	0.924	0.994
EP300	ESR1	9606.ENSP00000263253	9606.ENSP00000405330	0	0	0	0	0	0.926	0.500	0.943	0.997
EP300	H3C1	9606.ENSP00000263253	9606.ENSP00000480826	0	0	0	0	0	0.998	0	0.088	0.998
EP300	NCOA2	9606.ENSP00000263253	9606.ENSP00000399968	0	0	0	0	0.215	0.641	0.800	0.976	0.998
EP300	TP53	9606.ENSP00000263253	9606.ENSP00000269305	0	0	0	0	0.049	0.999	0.900	0.998	0.999
EP300	HIF1A	9606.ENSP00000263253	9606.ENSP00000437955	0	0	0	0	0.082	0.999	0.900	0.996	0.999
EP300	HDAC1	9606.ENSP00000263253	9606.ENSP00000362649	0	0	0	0	0.049	0.806	0.500	0.995	0.999
EP300	SMAD3	9606.ENSP00000263253	9606.ENSP00000332973	0	0	0	0	0.062	0.926	0.500	0.992	0.999
EP400	TP53	9606.ENSP00000374212	9606.ENSP00000269305	0	0	0	0	0.048	0.301	0.700	0.571	0.902
EP400	MYCN	9606.ENSP00000374212	9606.ENSP00000281043	0	0	0	0	0	0.374	0	0.474	0.657
EP400	JAZF1	9606.ENSP00000374212	9606.ENSP00000283928	0	0	0	0	0	0.695	0	0.319	0.784
EP400	KMT2D	9606.ENSP00000374212	9606.ENSP00000301067	0	0	0	0.546	0.292	0.081	0	0.457	0.616
EP400	MAX	9606.ENSP00000374212	9606.ENSP00000351490	0	0	0	0	0.060	0.693	0	0.423	0.819
EP400	TRRAP	9606.ENSP00000374212	9606.ENSP00000352925	0	0	0	0	0.374	0.828	0.900	0.994	0.999
EP400	KDM6A	9606.ENSP00000374212	9606.ENSP00000367203	0	0	0	0	0.062	0.126	0	0.553	0.602
EP400	MLLT3	9606.ENSP00000374212	9606.ENSP00000369695	0	0	0	0	0	0.128	0.540	0.215	0.657
EP400	TP53BP1	9606.ENSP00000374212	9606.ENSP00000371475	0	0	0	0	0.084	0.486	0	0.360	0.673
EP400	SETD2	9606.ENSP00000374212	9606.ENSP00000386759	0	0	0	0	0.171	0.449	0	0.318	0.661
EPHA3	ERBB2	9606.ENSP00000337451	9606.ENSP00000269571	0	0	0	0.608	0	0.617	0	0.167	0.667
EPHA3	RASA1	9606.ENSP00000337451	9606.ENSP00000274376	0	0	0	0	0.076	0	0.900	0.151	0.914
EPHA3	EPHA7	9606.ENSP00000337451	9606.ENSP00000358309	0	0	0.055	0.967	0.130	0.747	0.400	0.490	0.924
EPHA7	RASA1	9606.ENSP00000358309	9606.ENSP00000274376	0	0	0	0	0.074	0	0.900	0.137	0.913
ERBB2	PIK3R2	9606.ENSP00000269571	9606.ENSP00000222254	0	0	0	0	0.049	0.794	0.900	0.365	0.985
ERBB2	MLH1	9606.ENSP00000269571	9606.ENSP00000231790	0	0	0	0	0	0	0	0.624	0.624
ERBB2	MSH2	9606.ENSP00000269571	9606.ENSP00000233146	0	0	0	0	0	0	0	0.728	0.728
ERBB2	FLT3	9606.ENSP00000269571	9606.ENSP00000241453	0	0	0	0.582	0.067	0.637	0	0.280	0.735
ERBB2	FOXA1	9606.ENSP00000269571	9606.ENSP00000250448	0	0	0	0	0.084	0	0	0.623	0.640
ERBB2	PDGFRA	9606.ENSP00000269571	9606.ENSP00000257290	0	0	0	0.565	0.065	0.663	0	0.323	0.768
ERBB2	FLT4	9606.ENSP00000269571	9606.ENSP00000261937	0	0	0	0.564	0.055	0.637	0	0.255	0.722
ERBB2	PIK3R3	9606.ENSP00000269571	9606.ENSP00000262741	0	0	0	0	0.044	0.440	0.900	0.593	0.975
ERBB2	TYRO3	9606.ENSP00000269571	9606.ENSP00000263798	0	0	0	0.603	0.049	0.617	0	0.182	0.676
ERBB2	KDR	9606.ENSP00000269571	9606.ENSP00000263923	0	0	0	0.561	0.055	0.139	0	0.593	0.640
ERBB2	PIK3CA	9606.ENSP00000269571	9606.ENSP00000263967	0	0	0	0	0	0.115	0.900	0.927	0.992
ERBB2	FGF10	9606.ENSP00000269571	9606.ENSP00000264664	0	0	0	0	0.062	0	0.650	0.514	0.826
ERBB2	TP53	9606.ENSP00000269571	9606.ENSP00000269305	0	0	0	0	0.060	0.172	0	0.924	0.935
ERBB2	TOP2A	9606.ENSP00000269571	9606.ENSP00000411532	0	0	0	0	0	0	0	0.621	0.621
ERBB2	MKI67	9606.ENSP00000269571	9606.ENSP00000357643	0	0	0	0	0	0	0	0.623	0.623
ERBB2	PTPRC	9606.ENSP00000269571	9606.ENSP00000411355	0	0	0	0	0	0.224	0	0.575	0.656
ERBB2	SMARCA4	9606.ENSP00000269571	9606.ENSP00000343896	0	0	0	0	0.049	0.071	0	0.643	0.657
ERBB2	GATA3	9606.ENSP00000269571	9606.ENSP00000368632	0	0	0	0	0.055	0	0	0.658	0.662
ERBB2	RANBP2	9606.ENSP00000269571	9606.ENSP00000283195	0	0	0	0	0	0.626	0	0.149	0.668
ERBB2	MERTK	9606.ENSP00000269571	9606.ENSP00000295408	0	0	0	0.593	0	0.617	0	0.196	0.679
ERBB2	LRIG3	9606.ENSP00000269571	9606.ENSP00000326759	0	0	0	0	0.082	0.537	0	0.317	0.684
ERBB2	HIF1A	9606.ENSP00000269571	9606.ENSP00000437955	0	0	0	0	0.055	0	0	0.685	0.690
ERBB2	STAT5A	9606.ENSP00000269571	9606.ENSP00000341208	0	0	0	0	0	0.071	0	0.681	0.691
ERBB2	NTRK2	9606.ENSP00000269571	9606.ENSP00000277120	0	0	0	0.589	0.110	0.617	0	0.201	0.704
ERBB2	SMAD4	9606.ENSP00000269571	9606.ENSP00000341551	0	0	0	0	0.056	0	0	0.704	0.708
ERBB2	MST1R	9606.ENSP00000269571	9606.ENSP00000296474	0	0	0	0.581	0.088	0.617	0	0.244	0.713
ERBB2	PTK7	9606.ENSP00000269571	9606.ENSP00000418754	0	0	0	0.568	0.122	0.627	0	0.201	0.716
ERBB2	MTOR	9606.ENSP00000269571	9606.ENSP00000354558	0	0	0	0	0	0	0	0.725	0.725
ERBB2	NF2	9606.ENSP00000269571	9606.ENSP00000344666	0	0	0	0	0	0.199	0	0.681	0.734
ERBB2	PARP1	9606.ENSP00000269571	9606.ENSP00000355759	0	0	0	0	0	0	0	0.741	0.741
ERBB2	FGFR2	9606.ENSP00000269571	9606.ENSP00000410294	0	0	0	0.615	0.088	0.621	0	0.318	0.744
ERBB2	NTRK1	9606.ENSP00000269571	9606.ENSP00000431418	0	0	0	0.602	0.107	0.617	0	0.332	0.751
ERBB2	FGFR3	9606.ENSP00000269571	9606.ENSP00000339824	0	0	0	0.622	0.062	0.631	0	0.375	0.765
ERBB2	NF1	9606.ENSP00000269571	9606.ENSP00000351015	0	0	0	0	0	0	0	0.771	0.771
ERBB2	RHOA	9606.ENSP00000269571	9606.ENSP00000400175	0	0	0	0	0.068	0.096	0.500	0.562	0.790
ERBB2	NOTCH1	9606.ENSP00000269571	9606.ENSP00000498587	0	0	0	0	0.049	0.075	0	0.787	0.796
ERBB2	RASA1	9606.ENSP00000269571	9606.ENSP00000274376	0	0	0	0	0	0.508	0	0.641	0.815
ERBB2	MET	9606.ENSP00000269571	9606.ENSP00000317272	0	0	0	0.581	0.072	0.617	0	0.604	0.847
ERBB2	INSR	9606.ENSP00000269571	9606.ENSP00000303830	0	0	0	0.571	0.058	0.617	0	0.625	0.853
ERBB2	PTEN	9606.ENSP00000269571	9606.ENSP00000361021	0	0	0	0	0	0.070	0	0.864	0.868
ERBB2	PIK3CD	9606.ENSP00000269571	9606.ENSP00000366563	0	0	0	0	0	0	0.900	0.440	0.941
ERBB2	JAK3	9606.ENSP00000269571	9606.ENSP00000432511	0	0	0	0.583	0	0.091	0.900	0.504	0.951
ERBB2	PTPN11	9606.ENSP00000269571	9606.ENSP00000489597	0	0	0	0	0	0.847	0	0.820	0.971
ERBB2	PIK3CB	9606.ENSP00000269571	9606.ENSP00000501150	0	0	0	0	0	0.162	0.900	0.702	0.972
ERBB2	ESR1	9606.ENSP00000269571	9606.ENSP00000405330	0	0	0	0	0	0.329	0	0.966	0.976
ERBB2	MUC1	9606.ENSP00000269571	9606.ENSP00000484824	0	0	0	0	0.067	0.512	0	0.958	0.979
ERBB2	PLCG2	9606.ENSP00000269571	9606.ENSP00000482457	0	0	0	0	0	0.724	0.900	0.299	0.979
ERBB2	PGR	9606.ENSP00000269571	9606.ENSP00000325120	0	0	0	0	0	0.329	0	0.972	0.980
ERBB2	IGF1	9606.ENSP00000269571	9606.ENSP00000376637	0	0	0	0	0	0	0.900	0.926	0.992
ERBB2	PIK3R1	9606.ENSP00000269571	9606.ENSP00000428056	0	0	0	0	0	0.840	0.900	0.728	0.995
ERBB2	ERBB4	9606.ENSP00000269571	9606.ENSP00000342235	0	0	0.055	0.927	0	0.850	0.900	0.983	0.999
ERBB4	PIK3R2	9606.ENSP00000342235	9606.ENSP00000222254	0	0	0	0	0	0.654	0.900	0.394	0.977
ERBB4	PIK3R3	9606.ENSP00000342235	9606.ENSP00000262741	0	0	0	0	0.067	0.194	0.900	0.325	0.942
ERBB4	PIK3CA	9606.ENSP00000342235	9606.ENSP00000263967	0	0	0	0	0	0	0.900	0.713	0.970
ERBB4	FGF10	9606.ENSP00000342235	9606.ENSP00000264664	0	0	0	0	0.092	0	0.650	0.352	0.776
ERBB4	NCOR1	9606.ENSP00000342235	9606.ENSP00000268712	0	0	0	0	0	0.292	0.500	0.683	0.877
ERBB4	TP53	9606.ENSP00000342235	9606.ENSP00000269305	0	0	0	0	0	0.292	0	0.629	0.726
ERBB4	NTRK2	9606.ENSP00000342235	9606.ENSP00000277120	0	0	0	0.597	0.205	0.357	0	0.526	0.737
ERBB4	STAT5B	9606.ENSP00000342235	9606.ENSP00000293328	0	0	0	0	0	0.628	0.900	0.843	0.993
ERBB4	PGR	9606.ENSP00000342235	9606.ENSP00000325120	0	0	0	0	0.107	0.092	0.750	0.485	0.881
ERBB4	GRIN2A	9606.ENSP00000342235	9606.ENSP00000332549	0	0	0	0	0.098	0	0.400	0.606	0.768
ERBB4	STAT5A	9606.ENSP00000342235	9606.ENSP00000341208	0	0	0	0	0	0.636	0.900	0.892	0.995
ERBB4	SMAD4	9606.ENSP00000342235	9606.ENSP00000341551	0	0	0	0	0.056	0	0	0.624	0.630
ERBB4	NOTCH1	9606.ENSP00000342235	9606.ENSP00000498587	0	0	0	0	0	0.075	0	0.588	0.602
ERBB4	MAGI2	9606.ENSP00000342235	9606.ENSP00000346151	0	0	0	0	0.084	0.297	0	0.449	0.614
ERBB4	RHOA	9606.ENSP00000342235	9606.ENSP00000400175	0	0	0	0	0.068	0.096	0.500	0.326	0.678
ERBB4	IGF1	9606.ENSP00000342235	9606.ENSP00000376637	0	0	0	0	0.049	0	0.650	0.419	0.789
ERBB4	PTEN	9606.ENSP00000342235	9606.ENSP00000361021	0	0	0	0	0	0.070	0	0.786	0.793
ERBB4	PIK3CD	9606.ENSP00000342235	9606.ENSP00000366563	0	0	0	0	0	0	0.900	0.282	0.925
ERBB4	PTPN11	9606.ENSP00000342235	9606.ENSP00000489597	0	0	0	0	0	0.754	0	0.715	0.927
ERBB4	PLCG2	9606.ENSP00000342235	9606.ENSP00000482457	0	0	0	0	0	0.224	0.900	0.270	0.938
ERBB4	PIK3CB	9606.ENSP00000342235	9606.ENSP00000501150	0	0	0	0	0	0	0.900	0.497	0.947
ERBB4	PIK3R1	9606.ENSP00000342235	9606.ENSP00000428056	0	0	0	0	0.060	0.194	0.900	0.398	0.948
ERBB4	ESR1	9606.ENSP00000342235	9606.ENSP00000405330	0	0	0	0	0.074	0.329	0.800	0.723	0.961
ERCC1	RAD51C	9606.ENSP00000013807	9606.ENSP00000336701	0	0	0	0	0.049	0	0	0.603	0.607
ERCC1	RAD50	9606.ENSP00000013807	9606.ENSP00000368100	0	0	0	0	0.043	0	0.400	0.423	0.639
ERCC1	TP53	9606.ENSP00000013807	9606.ENSP00000269305	0	0	0	0	0.049	0	0	0.693	0.696
ERCC1	NBN	9606.ENSP00000013807	9606.ENSP00000265433	0	0	0	0	0	0	0.400	0.522	0.700
ERCC1	FANCE	9606.ENSP00000013807	9606.ENSP00000229769	0	0	0	0	0	0	0.500	0.445	0.710
ERCC1	REV3L	9606.ENSP00000013807	9606.ENSP00000351697	0	0	0	0	0	0.110	0	0.689	0.712
ERCC1	FANCB	9606.ENSP00000013807	9606.ENSP00000498215	0	0	0	0	0	0	0.500	0.454	0.715
ERCC1	PARP2	9606.ENSP00000013807	9606.ENSP00000250416	0	0	0	0	0	0	0.500	0.465	0.721
ERCC1	MRE11	9606.ENSP00000013807	9606.ENSP00000325863	0	0	0	0	0	0.069	0.400	0.592	0.752
ERCC1	PALB2	9606.ENSP00000013807	9606.ENSP00000261584	0	0	0	0	0	0	0.540	0.494	0.757
ERCC1	MLH3	9606.ENSP00000013807	9606.ENSP00000348020	0	0	0	0	0	0.071	0.540	0.536	0.784
ERCC1	PMS1	9606.ENSP00000013807	9606.ENSP00000406490	0	0	0	0	0.049	0.073	0.540	0.585	0.809
ERCC1	TP53BP1	9606.ENSP00000013807	9606.ENSP00000371475	0	0	0	0	0.042	0.330	0.360	0.647	0.835
ERCC1	FANCA	9606.ENSP00000013807	9606.ENSP00000373952	0	0	0	0	0.068	0	0.500	0.689	0.842
ERCC1	WRN	9606.ENSP00000013807	9606.ENSP00000298139	0	0	0	0	0	0	0.400	0.768	0.855
ERCC1	FANCL	9606.ENSP00000013807	9606.ENSP00000385021	0	0	0	0	0	0	0.500	0.729	0.858
ERCC1	FANCG	9606.ENSP00000013807	9606.ENSP00000367910	0	0	0	0	0.049	0.292	0.500	0.649	0.866
ERCC1	PARP1	9606.ENSP00000013807	9606.ENSP00000355759	0	0	0	0	0.049	0	0.500	0.746	0.869
ERCC1	MLH1	9606.ENSP00000013807	9606.ENSP00000231790	0	0	0	0	0.049	0.071	0.540	0.724	0.873
ERCC1	FANCI	9606.ENSP00000013807	9606.ENSP00000310842	0	0	0	0	0	0	0.540	0.808	0.907
ERCC1	RAD51	9606.ENSP00000013807	9606.ENSP00000493712	0	0	0	0	0	0	0.400	0.853	0.908
ERCC1	ERCC6	9606.ENSP00000013807	9606.ENSP00000348089	0	0	0	0	0	0	0	0.926	0.926
ERCC1	FANCM	9606.ENSP00000013807	9606.ENSP00000267430	0	0	0	0	0.109	0.569	0.500	0.692	0.933
ERCC1	MSH3	9606.ENSP00000013807	9606.ENSP00000265081	0	0	0	0	0	0.181	0.720	0.799	0.950
ERCC1	FANCD2	9606.ENSP00000013807	9606.ENSP00000287647	0	0	0	0	0	0	0.540	0.899	0.951
ERCC1	POLD1	9606.ENSP00000013807	9606.ENSP00000472445	0	0	0	0	0.056	0.092	0.900	0.525	0.953
ERCC1	RAD52	9606.ENSP00000013807	9606.ENSP00000351284	0	0	0	0	0	0.396	0.400	0.935	0.974
ERCC1	MSH6	9606.ENSP00000013807	9606.ENSP00000234420	0	0	0	0	0.049	0.181	0.900	0.708	0.974
ERCC1	MSH2	9606.ENSP00000013807	9606.ENSP00000233146	0	0	0	0	0	0.607	0.900	0.816	0.992
ERCC1	XPC	9606.ENSP00000013807	9606.ENSP00000285021	0	0	0	0	0.049	0	0.900	0.944	0.994
ERCC1	ERCC3	9606.ENSP00000013807	9606.ENSP00000285398	0	0	0	0	0.074	0	0.540	0.988	0.994
ERCC1	ERCC2	9606.ENSP00000013807	9606.ENSP00000375809	0	0	0	0	0.095	0	0.500	0.993	0.996
ERCC1	ERCC5	9606.ENSP00000013807	9606.ENSP00000498881	0	0	0	0	0.062	0.271	0.900	0.973	0.997
ERCC1	ERCC4	9606.ENSP00000013807	9606.ENSP00000310520	0	0	0	0	0.109	0.999	0.900	0.999	0.999
ERCC1	SLX4	9606.ENSP00000013807	9606.ENSP00000294008	0	0	0	0	0.086	0.899	0.500	0.997	0.999
ERCC2	MLH1	9606.ENSP00000375809	9606.ENSP00000231790	0	0	0	0	0.099	0	0	0.661	0.681
ERCC2	MSH2	9606.ENSP00000375809	9606.ENSP00000233146	0	0	0	0	0.049	0.128	0	0.639	0.674
ERCC2	MSH6	9606.ENSP00000375809	9606.ENSP00000234420	0	0	0	0	0.049	0.091	0	0.691	0.709
ERCC2	PARP2	9606.ENSP00000375809	9606.ENSP00000250416	0	0	0	0	0.074	0	0.500	0.364	0.680
ERCC2	FANCM	9606.ENSP00000375809	9606.ENSP00000267430	0	0	0	0	0.103	0.091	0	0.618	0.662
ERCC2	TP53	9606.ENSP00000375809	9606.ENSP00000269305	0	0	0	0	0.060	0.510	0	0.610	0.804
ERCC2	XPC	9606.ENSP00000375809	9606.ENSP00000285021	0	0	0	0	0.075	0.507	0.500	0.715	0.926
ERCC2	ERCC3	9606.ENSP00000375809	9606.ENSP00000285398	0	0	0	0	0.094	0.999	0.900	0.999	0.999
ERCC2	FANCD2	9606.ENSP00000375809	9606.ENSP00000287647	0	0	0	0	0.082	0	0.500	0.590	0.795
ERCC2	WRN	9606.ENSP00000375809	9606.ENSP00000298139	0.047	0	0	0	0.095	0	0	0.714	0.732
ERCC2	TERT	9606.ENSP00000375809	9606.ENSP00000309572	0	0	0	0	0.067	0	0	0.627	0.638
ERCC2	ERCC4	9606.ENSP00000375809	9606.ENSP00000310520	0	0	0	0	0.094	0	0.500	0.975	0.988
ERCC2	FANCI	9606.ENSP00000375809	9606.ENSP00000310842	0	0	0	0	0.062	0	0.500	0.440	0.714
ERCC2	MRE11	9606.ENSP00000375809	9606.ENSP00000325863	0	0	0	0	0.107	0	0	0.591	0.619
ERCC2	H3C13	9606.ENSP00000375809	9606.ENSP00000333277	0	0	0	0	0.049	0.828	0	0.225	0.862
ERCC2	ERCC6	9606.ENSP00000375809	9606.ENSP00000348089	0	0	0	0	0.049	0.314	0.500	0.929	0.973
ERCC2	RAD52	9606.ENSP00000375809	9606.ENSP00000351284	0	0	0	0	0.049	0.512	0	0.644	0.820
ERCC2	RTEL1	9606.ENSP00000375809	9606.ENSP00000353332	0	0	0	0.648	0.117	0	0.500	0.355	0.690
ERCC2	PARP1	9606.ENSP00000375809	9606.ENSP00000355759	0	0	0	0	0.086	0	0.500	0.690	0.846
ERCC2	FUBP1	9606.ENSP00000375809	9606.ENSP00000359804	0	0	0	0	0.047	0	0	0.669	0.671
ERCC2	FANCG	9606.ENSP00000375809	9606.ENSP00000367910	0	0	0	0	0.266	0	0	0.600	0.694
ERCC2	MUTYH	9606.ENSP00000375809	9606.ENSP00000500891	0	0	0	0	0.133	0	0	0.564	0.606
ERCC2	POLD1	9606.ENSP00000375809	9606.ENSP00000472445	0.042	0	0	0	0.168	0.071	0.500	0.581	0.816
ERCC2	RAD51	9606.ENSP00000375809	9606.ENSP00000493712	0.057	0	0	0	0.085	0.292	0	0.825	0.879
ERCC2	TCEA1	9606.ENSP00000375809	9606.ENSP00000428426	0	0	0	0	0.056	0.686	0.900	0.655	0.988
ERCC2	ERCC5	9606.ENSP00000375809	9606.ENSP00000498881	0	0	0	0	0.061	0.994	0.500	0.973	0.999
ERCC3	MLH1	9606.ENSP00000285398	9606.ENSP00000231790	0.111	0	0	0	0.165	0	0.540	0.555	0.827
ERCC3	MSH2	9606.ENSP00000285398	9606.ENSP00000233146	0	0	0	0	0.128	0.095	0.540	0.585	0.829
ERCC3	MSH6	9606.ENSP00000285398	9606.ENSP00000234420	0	0	0	0	0.120	0.078	0.540	0.625	0.841
ERCC3	PARP2	9606.ENSP00000285398	9606.ENSP00000250416	0	0	0	0	0.191	0	0.500	0.350	0.714
ERCC3	PALB2	9606.ENSP00000285398	9606.ENSP00000261584	0	0	0	0	0.099	0	0.540	0.436	0.746
ERCC3	MSH3	9606.ENSP00000285398	9606.ENSP00000265081	0	0	0	0	0.073	0.078	0.540	0.553	0.800
ERCC3	FANCM	9606.ENSP00000285398	9606.ENSP00000267430	0.058	0	0	0	0.140	0.100	0	0.604	0.672
ERCC3	TP53	9606.ENSP00000285398	9606.ENSP00000269305	0	0	0	0	0	0.681	0	0.725	0.908
ERCC3	XPC	9606.ENSP00000285398	9606.ENSP00000285021	0	0	0	0	0.218	0.747	0.540	0.736	0.972
ERCC3	RAD51	9606.ENSP00000285398	9606.ENSP00000493712	0	0	0	0	0.063	0	0	0.609	0.618
ERCC3	ESR1	9606.ENSP00000285398	9606.ENSP00000405330	0	0	0	0	0.055	0	0.540	0.199	0.621
ERCC3	MUTYH	9606.ENSP00000285398	9606.ENSP00000500891	0.194	0	0	0	0.106	0	0	0.543	0.642
ERCC3	WRN	9606.ENSP00000285398	9606.ENSP00000298139	0.055	0	0	0	0.064	0.074	0	0.629	0.656
ERCC3	FANCI	9606.ENSP00000285398	9606.ENSP00000310842	0	0	0	0	0.049	0	0.540	0.370	0.700
ERCC3	FUBP1	9606.ENSP00000285398	9606.ENSP00000359804	0	0	0	0	0.106	0	0	0.680	0.701
ERCC3	POLD1	9606.ENSP00000285398	9606.ENSP00000472445	0.109	0	0	0	0.058	0	0.540	0.366	0.722
ERCC3	FANCD2	9606.ENSP00000285398	9606.ENSP00000287647	0	0	0	0	0.044	0	0.540	0.419	0.722
ERCC3	TP53BP1	9606.ENSP00000285398	9606.ENSP00000371475	0	0	0	0	0.104	0.439	0.360	0.325	0.753
ERCC3	RTEL1	9606.ENSP00000285398	9606.ENSP00000353332	0	0	0	0	0.076	0.576	0	0.490	0.783
ERCC3	MLH3	9606.ENSP00000285398	9606.ENSP00000348020	0.111	0	0	0	0.075	0	0.540	0.495	0.783
ERCC3	PMS1	9606.ENSP00000285398	9606.ENSP00000406490	0.111	0	0	0	0.128	0	0.540	0.490	0.793
ERCC3	PARP1	9606.ENSP00000285398	9606.ENSP00000355759	0	0	0	0	0.092	0	0.500	0.623	0.813
ERCC3	H3C13	9606.ENSP00000285398	9606.ENSP00000333277	0	0	0	0	0.057	0.844	0	0.247	0.879
ERCC3	ERCC6	9606.ENSP00000285398	9606.ENSP00000348089	0.057	0	0	0	0.049	0.166	0.500	0.945	0.976
ERCC3	TCEA1	9606.ENSP00000285398	9606.ENSP00000428426	0	0	0	0	0.067	0.623	0.900	0.558	0.982
ERCC3	ERCC4	9606.ENSP00000285398	9606.ENSP00000310520	0.041	0	0	0	0.161	0.107	0.540	0.968	0.987
ERCC3	ERCC5	9606.ENSP00000285398	9606.ENSP00000498881	0.041	0	0	0	0.092	0.994	0.540	0.961	0.999
ERCC4	FANCE	9606.ENSP00000310520	9606.ENSP00000229769	0	0	0	0	0.049	0	0.500	0.662	0.825
ERCC4	MLH1	9606.ENSP00000310520	9606.ENSP00000231790	0	0	0	0	0.148	0.092	0.540	0.623	0.848
ERCC4	MSH2	9606.ENSP00000310520	9606.ENSP00000233146	0	0	0	0	0.082	0.590	0.900	0.761	0.989
ERCC4	MSH6	9606.ENSP00000310520	9606.ENSP00000234420	0	0	0	0	0.118	0.176	0.900	0.588	0.966
ERCC4	PARP2	9606.ENSP00000310520	9606.ENSP00000250416	0	0	0	0	0.049	0	0.500	0.277	0.626
ERCC4	PALB2	9606.ENSP00000310520	9606.ENSP00000261584	0	0	0	0	0.068	0	0.540	0.610	0.818
ERCC4	MSH3	9606.ENSP00000310520	9606.ENSP00000265081	0	0	0	0	0.075	0.176	0.720	0.736	0.936
ERCC4	NBN	9606.ENSP00000310520	9606.ENSP00000265433	0	0	0	0	0.083	0	0.400	0.419	0.652
ERCC4	FANCM	9606.ENSP00000310520	9606.ENSP00000267430	0	0	0	0.550	0.056	0.287	0.500	0.725	0.895
ERCC4	XPC	9606.ENSP00000310520	9606.ENSP00000285021	0	0	0	0	0.065	0.228	0.900	0.798	0.983
ERCC4	FANCD2	9606.ENSP00000310520	9606.ENSP00000287647	0	0	0	0	0.101	0.301	0.540	0.868	0.957
ERCC4	SLX4	9606.ENSP00000310520	9606.ENSP00000294008	0	0	0	0	0.105	0.943	0.500	0.996	0.999
ERCC4	WRN	9606.ENSP00000310520	9606.ENSP00000298139	0	0	0	0	0.068	0.426	0.400	0.624	0.863
ERCC4	POLE	9606.ENSP00000310520	9606.ENSP00000322570	0	0	0	0	0.074	0.241	0	0.477	0.600
ERCC4	PARP1	9606.ENSP00000310520	9606.ENSP00000355759	0	0	0	0	0.054	0.140	0.500	0.389	0.718
ERCC4	MLH3	9606.ENSP00000310520	9606.ENSP00000348020	0	0	0	0	0.062	0.092	0.540	0.419	0.742
ERCC4	REV3L	9606.ENSP00000310520	9606.ENSP00000351697	0	0	0	0	0.049	0.486	0	0.518	0.744
ERCC4	PMS1	9606.ENSP00000310520	9606.ENSP00000406490	0	0	0	0	0.062	0.103	0.540	0.421	0.746
ERCC4	RECQL4	9606.ENSP00000310520	9606.ENSP00000482313	0	0	0	0	0.056	0.452	0	0.585	0.767
ERCC4	MRE11	9606.ENSP00000310520	9606.ENSP00000325863	0	0	0	0	0.067	0.144	0.400	0.647	0.808
ERCC4	RAD51C	9606.ENSP00000310520	9606.ENSP00000336701	0	0	0	0	0.132	0.252	0	0.739	0.816
ERCC4	TP53BP1	9606.ENSP00000310520	9606.ENSP00000371475	0	0	0	0	0.074	0.377	0.360	0.560	0.816
ERCC4	FANCB	9606.ENSP00000310520	9606.ENSP00000498215	0	0	0	0	0.047	0	0.500	0.669	0.828
ERCC4	FANCL	9606.ENSP00000310520	9606.ENSP00000385021	0	0	0	0	0	0	0.500	0.698	0.842
ERCC4	FANCI	9606.ENSP00000310520	9606.ENSP00000310842	0	0	0	0	0.091	0	0.540	0.734	0.879
ERCC4	FANCG	9606.ENSP00000310520	9606.ENSP00000367910	0	0	0	0	0	0.254	0.500	0.703	0.879
ERCC4	FANCA	9606.ENSP00000310520	9606.ENSP00000373952	0	0	0	0	0.042	0.300	0.500	0.768	0.912
ERCC4	RAD51	9606.ENSP00000310520	9606.ENSP00000493712	0	0	0	0	0.094	0.619	0.400	0.691	0.927
ERCC4	ERCC6	9606.ENSP00000310520	9606.ENSP00000348089	0	0	0	0	0.105	0.362	0	0.893	0.934
ERCC4	POLD1	9606.ENSP00000310520	9606.ENSP00000472445	0	0	0	0	0.104	0.241	0.900	0.506	0.962
ERCC4	RAD52	9606.ENSP00000310520	9606.ENSP00000351284	0	0	0	0	0.125	0.833	0.400	0.625	0.962
ERCC4	ERCC5	9606.ENSP00000310520	9606.ENSP00000498881	0	0	0	0	0.126	0.301	0.900	0.972	0.998
ERCC5	MLH1	9606.ENSP00000498881	9606.ENSP00000231790	0	0	0	0	0.123	0.183	0.540	0.527	0.823
ERCC5	MSH2	9606.ENSP00000498881	9606.ENSP00000233146	0	0	0	0	0.113	0.191	0.900	0.532	0.962
ERCC5	MSH6	9606.ENSP00000498881	9606.ENSP00000234420	0	0	0	0	0.113	0.191	0.900	0.547	0.963
ERCC5	PARP2	9606.ENSP00000498881	9606.ENSP00000250416	0	0	0	0	0.049	0	0.500	0.275	0.625
ERCC5	PALB2	9606.ENSP00000498881	9606.ENSP00000261584	0.044	0	0	0	0.100	0.292	0.540	0.436	0.813
ERCC5	MSH3	9606.ENSP00000498881	9606.ENSP00000265081	0	0	0	0	0.155	0.191	0.720	0.509	0.893
ERCC5	FANCM	9606.ENSP00000498881	9606.ENSP00000267430	0	0	0	0	0.097	0.336	0	0.563	0.715
ERCC5	XPC	9606.ENSP00000498881	9606.ENSP00000285021	0	0	0	0	0.459	0	0.900	0.516	0.971
ERCC5	FANCD2	9606.ENSP00000498881	9606.ENSP00000287647	0	0	0	0	0.123	0	0.540	0.484	0.773
ERCC5	WRN	9606.ENSP00000498881	9606.ENSP00000298139	0.050	0	0	0	0.133	0.299	0	0.623	0.753
ERCC5	FANCI	9606.ENSP00000498881	9606.ENSP00000310842	0	0	0	0	0.088	0	0.540	0.371	0.713
ERCC5	POLE	9606.ENSP00000498881	9606.ENSP00000322570	0	0	0	0	0.118	0.310	0	0.446	0.634
ERCC5	MRE11	9606.ENSP00000498881	9606.ENSP00000325863	0	0	0	0	0.144	0.453	0	0.538	0.765
ERCC5	MLH3	9606.ENSP00000498881	9606.ENSP00000348020	0	0	0	0	0.075	0.183	0.540	0.445	0.781
ERCC5	ERCC6	9606.ENSP00000498881	9606.ENSP00000348089	0	0	0	0	0.097	0.994	0.800	0.966	0.999
ERCC5	RAD52	9606.ENSP00000498881	9606.ENSP00000351284	0	0	0	0	0.094	0.256	0	0.573	0.687
ERCC5	REV3L	9606.ENSP00000498881	9606.ENSP00000351697	0	0	0	0	0.117	0.310	0	0.436	0.626
ERCC5	PARP1	9606.ENSP00000498881	9606.ENSP00000355759	0	0	0	0	0.055	0	0.500	0.550	0.768
ERCC5	TP53BP1	9606.ENSP00000498881	9606.ENSP00000371475	0	0	0	0	0.070	0.315	0.360	0.362	0.705
ERCC5	PMS1	9606.ENSP00000498881	9606.ENSP00000406490	0	0	0	0	0.110	0.183	0.540	0.385	0.767
ERCC5	TCEA1	9606.ENSP00000498881	9606.ENSP00000428426	0	0	0	0	0.049	0.071	0.800	0.166	0.833
ERCC5	POLD1	9606.ENSP00000498881	9606.ENSP00000472445	0	0	0	0	0.155	0.310	0.900	0.486	0.966
ERCC5	RECQL4	9606.ENSP00000498881	9606.ENSP00000482313	0.050	0	0	0	0.107	0.299	0	0.508	0.668
ERCC5	RAD51	9606.ENSP00000498881	9606.ENSP00000493712	0.057	0	0	0	0.136	0.391	0	0.526	0.733
ERCC6	MSH6	9606.ENSP00000348089	9606.ENSP00000234420	0	0	0	0	0.064	0.052	0	0.589	0.603
ERCC6	H3-3B	9606.ENSP00000348089	9606.ENSP00000254810	0	0	0	0	0	0.150	0.500	0.244	0.650
ERCC6	FANCM	9606.ENSP00000348089	9606.ENSP00000267430	0	0	0	0	0.085	0.333	0	0.572	0.716
ERCC6	TP53	9606.ENSP00000348089	9606.ENSP00000269305	0	0	0	0	0	0.625	0	0.368	0.752
ERCC6	XPC	9606.ENSP00000348089	9606.ENSP00000285021	0	0	0	0	0.109	0.115	0	0.717	0.758
ERCC6	WRN	9606.ENSP00000348089	9606.ENSP00000298139	0.048	0	0	0	0.067	0.246	0	0.538	0.649
ERCC6	H3C13	9606.ENSP00000348089	9606.ENSP00000333277	0	0	0	0	0	0.150	0.500	0.246	0.651
ERCC6	SF3B1	9606.ENSP00000348089	9606.ENSP00000335321	0	0	0	0	0.055	0.088	0.720	0	0.737
ERCC6	HDAC1	9606.ENSP00000348089	9606.ENSP00000362649	0	0	0	0	0	0.217	0.500	0.139	0.633
ERCC6	POLD1	9606.ENSP00000348089	9606.ENSP00000472445	0.048	0	0	0	0.085	0.339	0	0.569	0.719
ERCC6	MLLT3	9606.ENSP00000348089	9606.ENSP00000369695	0	0	0	0	0.042	0.128	0.900	0.089	0.913
ERCC6	TCEA1	9606.ENSP00000348089	9606.ENSP00000428426	0	0	0	0	0	0.125	0.800	0.648	0.933
ESCO2	STAG2	9606.ENSP00000306999	9606.ENSP00000218089	0	0	0	0	0.074	0.204	0.400	0.682	0.841
ESCO2	POLQ	9606.ENSP00000306999	9606.ENSP00000264233	0	0	0	0	0.641	0	0	0.110	0.667
ESCO2	NUF2	9606.ENSP00000306999	9606.ENSP00000271452	0	0	0	0	0.665	0	0	0.325	0.764
ESCO2	RAD21	9606.ENSP00000306999	9606.ENSP00000297338	0	0	0	0	0.121	0.410	0.400	0.895	0.963
ESCO2	KNL1	9606.ENSP00000306999	9606.ENSP00000335463	0	0	0	0	0.560	0	0	0.200	0.633
ESCO2	RAD51	9606.ENSP00000306999	9606.ENSP00000493712	0	0	0	0	0.551	0	0	0.258	0.653
ESCO2	TOP2A	9606.ENSP00000306999	9606.ENSP00000411532	0	0	0	0	0.528	0.073	0	0.351	0.692
ESCO2	STAG1	9606.ENSP00000306999	9606.ENSP00000372689	0	0	0	0	0.094	0.204	0.400	0.757	0.881
ESCO2	SMC1A	9606.ENSP00000306999	9606.ENSP00000323421	0	0	0	0	0.125	0.416	0.400	0.771	0.920
ESCO2	SMC3	9606.ENSP00000306999	9606.ENSP00000354720	0	0	0	0	0.145	0.878	0.400	0.973	0.998
ESR1	XBP1	9606.ENSP00000405330	9606.ENSP00000216037	0	0	0	0	0.076	0.292	0	0.662	0.760
ESR1	TSC2	9606.ENSP00000405330	9606.ENSP00000219476	0	0	0	0	0	0.518	0	0.638	0.818
ESR1	PIK3R2	9606.ENSP00000405330	9606.ENSP00000222254	0	0	0	0	0	0.309	0.400	0.195	0.637
ESR1	RPS6KB1	9606.ENSP00000405330	9606.ENSP00000225577	0	0	0	0	0.057	0.053	0.900	0.558	0.955
ESR1	MSH2	9606.ENSP00000405330	9606.ENSP00000233146	0	0	0	0	0	0.294	0	0.544	0.664
ESR1	FOXA1	9606.ENSP00000405330	9606.ENSP00000250448	0	0	0	0	0.108	0.626	0.500	0.990	0.998
ESR1	H3-3B	9606.ENSP00000405330	9606.ENSP00000254810	0	0	0	0	0	0.124	0.500	0.614	0.816
ESR1	TBX3	9606.ENSP00000405330	9606.ENSP00000257566	0	0	0	0	0.054	0.071	0	0.589	0.607
ESR1	KDR	9606.ENSP00000405330	9606.ENSP00000263923	0	0	0	0	0	0.045	0	0.687	0.688
ESR1	PIK3CA	9606.ENSP00000405330	9606.ENSP00000263967	0	0	0	0	0	0.510	0.400	0.817	0.941
ESR1	NCOR1	9606.ENSP00000405330	9606.ENSP00000268712	0	0	0	0	0	0.799	0.900	0.987	0.999
ESR1	TP53	9606.ENSP00000405330	9606.ENSP00000269305	0	0	0	0	0	0.735	0	0.974	0.992
ESR1	PAK1	9606.ENSP00000405330	9606.ENSP00000278568	0	0	0	0	0	0.516	0	0.310	0.652
ESR1	GNAQ	9606.ENSP00000405330	9606.ENSP00000286548	0	0	0	0	0.055	0	0	0.597	0.602
ESR1	REL	9606.ENSP00000405330	9606.ENSP00000295025	0	0	0	0	0	0.050	0	0.738	0.740
ESR1	NPM1	9606.ENSP00000405330	9606.ENSP00000296930	0	0	0	0	0.044	0.429	0	0.576	0.749
ESR1	RAD21	9606.ENSP00000405330	9606.ENSP00000297338	0	0	0	0	0	0	0.500	0.314	0.642
ESR1	KMT2D	9606.ENSP00000405330	9606.ENSP00000301067	0	0	0	0	0	0.634	0	0.535	0.822
ESR1	INSR	9606.ENSP00000405330	9606.ENSP00000303830	0	0	0	0	0	0.071	0	0.608	0.620
ESR1	PRKACA	9606.ENSP00000405330	9606.ENSP00000309591	0	0	0	0	0	0	0.900	0.581	0.956
ESR1	MET	9606.ENSP00000405330	9606.ENSP00000317272	0	0	0	0	0.111	0.071	0	0.643	0.680
ESR1	SMC1A	9606.ENSP00000405330	9606.ENSP00000323421	0	0	0	0	0	0.127	0.500	0.157	0.600
ESR1	PGR	9606.ENSP00000405330	9606.ENSP00000325120	0	0	0	0.673	0.240	0.771	0.700	0.560	0.974
ESR1	SMAD3	9606.ENSP00000405330	9606.ENSP00000332973	0	0	0	0	0.042	0.294	0	0.783	0.840
ESR1	H3C13	9606.ENSP00000405330	9606.ENSP00000333277	0	0	0	0	0	0.042	0.500	0.630	0.807
ESR1	MEN1	9606.ENSP00000405330	9606.ENSP00000337088	0	0	0	0	0	0.304	0	0.894	0.923
ESR1	FGFR3	9606.ENSP00000405330	9606.ENSP00000339824	0	0	0	0	0	0.045	0	0.613	0.614
ESR1	TRIM24	9606.ENSP00000405330	9606.ENSP00000340507	0	0	0	0	0	0.836	0	0.767	0.960
ESR1	STAT5A	9606.ENSP00000405330	9606.ENSP00000341208	0	0	0	0	0.062	0.515	0	0.532	0.768
ESR1	SMAD4	9606.ENSP00000405330	9606.ENSP00000341551	0	0	0	0	0	0.045	0	0.832	0.833
ESR1	SMARCA4	9606.ENSP00000405330	9606.ENSP00000343896	0	0	0	0	0	0.487	0	0.737	0.859
ESR1	NF1	9606.ENSP00000405330	9606.ENSP00000351015	0	0	0	0	0.059	0	0	0.681	0.687
ESR1	TGFBR2	9606.ENSP00000405330	9606.ENSP00000351905	0	0	0	0	0.055	0.071	0	0.617	0.634
ESR1	MTOR	9606.ENSP00000405330	9606.ENSP00000354558	0	0	0	0	0	0.292	0	0.655	0.745
ESR1	SMC3	9606.ENSP00000405330	9606.ENSP00000354720	0	0	0	0	0	0.127	0.500	0.211	0.625
ESR1	PARP1	9606.ENSP00000405330	9606.ENSP00000355759	0	0	0	0	0	0.312	0	0.647	0.746
ESR1	MKI67	9606.ENSP00000405330	9606.ENSP00000357643	0	0	0	0	0.055	0.073	0	0.625	0.643
ESR1	XIAP	9606.ENSP00000405330	9606.ENSP00000360242	0	0	0	0	0.044	0.045	0	0.637	0.639
ESR1	RUNX2	9606.ENSP00000405330	9606.ENSP00000360493	0	0	0	0	0.056	0.071	0.750	0.770	0.942
ESR1	ZNF217	9606.ENSP00000405330	9606.ENSP00000360526	0	0	0	0	0.043	0.126	0.500	0.397	0.714
ESR1	PTEN	9606.ENSP00000405330	9606.ENSP00000361021	0	0	0	0	0	0.295	0	0.737	0.807
ESR1	HDAC1	9606.ENSP00000405330	9606.ENSP00000362649	0	0	0	0	0	0.832	0.500	0.987	0.998
ESR1	MED12	9606.ENSP00000405330	9606.ENSP00000363193	0	0	0	0	0	0.433	0	0.395	0.642
ESR1	WT1	9606.ENSP00000405330	9606.ENSP00000368370	0	0	0	0	0	0.067	0	0.729	0.736
ESR1	GATA3	9606.ENSP00000405330	9606.ENSP00000368632	0	0	0	0	0.102	0.608	0.500	0.910	0.982
ESR1	FOXO1	9606.ENSP00000405330	9606.ENSP00000368880	0	0	0	0	0.042	0.630	0	0.790	0.919
ESR1	SMARCA2	9606.ENSP00000405330	9606.ENSP00000371638	0	0	0	0	0	0.252	0	0.541	0.642
ESR1	IGF1	9606.ENSP00000405330	9606.ENSP00000376637	0	0	0	0	0.062	0	0	0.964	0.964
ESR1	MAP3K1	9606.ENSP00000405330	9606.ENSP00000382423	0	0	0	0	0.057	0.294	0	0.506	0.643
ESR1	NCOR2	9606.ENSP00000405330	9606.ENSP00000384018	0	0	0	0	0.044	0.770	0.500	0.944	0.993
ESR1	NCOA2	9606.ENSP00000405330	9606.ENSP00000399968	0	0	0	0	0	0.992	0.800	0.978	0.999
ESR1	RAF1	9606.ENSP00000405330	9606.ENSP00000401888	0	0	0	0	0	0.071	0	0.630	0.642
ESR1	NOTCH1	9606.ENSP00000405330	9606.ENSP00000498587	0	0	0	0	0	0.050	0	0.638	0.642
ESR1	RXRA	9606.ENSP00000405330	9606.ENSP00000419692	0	0	0	0.723	0	0.096	0	0.630	0.651
ESR1	NTRK1	9606.ENSP00000405330	9606.ENSP00000431418	0	0	0	0	0	0.071	0	0.711	0.720
ESR1	TLE3	9606.ENSP00000405330	9606.ENSP00000452871	0	0	0	0	0	0.126	0.500	0.435	0.731
ESR1	FGFR2	9606.ENSP00000405330	9606.ENSP00000410294	0	0	0	0	0.043	0.045	0	0.773	0.774
ESR1	MUC1	9606.ENSP00000405330	9606.ENSP00000484824	0	0	0	0	0.062	0.292	0	0.777	0.839
ESR1	HIF1A	9606.ENSP00000405330	9606.ENSP00000437955	0	0	0	0	0.067	0.636	0	0.861	0.948
ESR1	PIK3R1	9606.ENSP00000405330	9606.ENSP00000428056	0	0	0	0	0	0.708	0.400	0.971	0.994
ETAA1	FANCM	9606.ENSP00000272342	9606.ENSP00000267430	0	0	0	0	0.290	0.292	0	0.288	0.611
ETNK1	SETBP1	9606.ENSP00000500633	9606.ENSP00000497406	0	0	0	0	0	0	0	0.669	0.669
ETV4	FUS	9606.ENSP00000321835	9606.ENSP00000254108	0	0	0	0	0.074	0	0	0.586	0.600
ETV4	HIF1A	9606.ENSP00000321835	9606.ENSP00000437955	0	0	0	0	0.050	0.322	0	0.544	0.681
ETV4	LPP	9606.ENSP00000321835	9606.ENSP00000491657	0	0	0	0	0	0	0	0.696	0.696
ETV6	STAG2	9606.ENSP00000379658	9606.ENSP00000218089	0	0	0	0	0.049	0	0	0.609	0.612
ETV6	FLT3	9606.ENSP00000379658	9606.ENSP00000241453	0	0	0	0	0.057	0	0	0.795	0.798
ETV6	PDGFRA	9606.ENSP00000379658	9606.ENSP00000257290	0	0	0	0	0	0	0	0.678	0.678
ETV6	PIK3CA	9606.ENSP00000379658	9606.ENSP00000263967	0	0	0	0	0.054	0	0.500	0.430	0.707
ETV6	MECOM	9606.ENSP00000379658	9606.ENSP00000264674	0	0	0	0	0.049	0.068	0	0.673	0.685
ETV6	TRIP11	9606.ENSP00000379658	9606.ENSP00000267622	0	0	0	0	0.047	0	0.500	0.569	0.776
ETV6	IRF8	9606.ENSP00000379658	9606.ENSP00000268638	0	0	0	0	0.072	0.292	0	0.517	0.655
ETV6	NCOR1	9606.ENSP00000379658	9606.ENSP00000268712	0	0	0	0	0.049	0.510	0	0.522	0.757
ETV6	MEF2D	9606.ENSP00000379658	9606.ENSP00000271555	0	0	0	0	0.057	0	0	0.638	0.644
ETV6	STAT5B	9606.ENSP00000379658	9606.ENSP00000293328	0	0	0	0	0.074	0	0.500	0.421	0.709
ETV6	NPM1	9606.ENSP00000379658	9606.ENSP00000296930	0	0	0	0	0.047	0	0	0.750	0.751
ETV6	NUP98	9606.ENSP00000379658	9606.ENSP00000316032	0	0	0	0	0.055	0.164	0	0.615	0.669
ETV6	PHF6	9606.ENSP00000379658	9606.ENSP00000329097	0	0	0	0	0.049	0.065	0	0.694	0.704
ETV6	IKZF1	9606.ENSP00000379658	9606.ENSP00000331614	0	0	0	0	0.076	0.068	0	0.827	0.838
ETV6	STAT5A	9606.ENSP00000379658	9606.ENSP00000341208	0	0	0	0	0.096	0	0.500	0.402	0.706
ETV6	NUP214	9606.ENSP00000379658	9606.ENSP00000352400	0	0	0	0	0.049	0.164	0	0.581	0.637
ETV6	WT1	9606.ENSP00000379658	9606.ENSP00000368370	0	0	0	0	0	0.068	0	0.601	0.612
ETV6	P2RY8	9606.ENSP00000379658	9606.ENSP00000370697	0	0	0	0	0.059	0	0	0.644	0.651
ETV6	SRSF2	9606.ENSP00000379658	9606.ENSP00000376276	0	0	0	0	0.049	0	0	0.669	0.671
ETV6	NTRK1	9606.ENSP00000379658	9606.ENSP00000431418	0	0	0	0	0	0.074	0	0.590	0.604
ETV6	ZNF384	9606.ENSP00000379658	9606.ENSP00000380019	0	0	0	0	0.055	0.068	0	0.630	0.645
ETV6	SETBP1	9606.ENSP00000379658	9606.ENSP00000497406	0	0	0	0	0.070	0.052	0	0.664	0.678
ETV6	KMT2A	9606.ENSP00000379658	9606.ENSP00000436786	0	0	0	0	0.062	0.065	0	0.720	0.732
ETV6	PIK3R1	9606.ENSP00000379658	9606.ENSP00000428056	0	0	0	0	0.049	0	0.500	0.489	0.735
ETV6	MYO18A	9606.ENSP00000379658	9606.ENSP00000437073	0	0	0	0	0.042	0	0.500	0.510	0.744
ETV6	TET2	9606.ENSP00000379658	9606.ENSP00000442788	0	0	0	0	0.084	0	0	0.785	0.794
EXT2	GPC3	9606.ENSP00000379032	9606.ENSP00000377836	0	0	0	0	0	0	0.400	0.404	0.627
EZH1	H3-3B	9606.ENSP00000404658	9606.ENSP00000254810	0	0	0	0	0.058	0.267	0	0.624	0.718
EZH1	SUZ12	9606.ENSP00000404658	9606.ENSP00000316578	0	0	0	0	0.080	0.997	0.900	0.996	0.999
EZH1	H3C13	9606.ENSP00000404658	9606.ENSP00000333277	0	0	0	0	0.058	0.267	0	0.625	0.718
EZH1	SMARCA4	9606.ENSP00000404658	9606.ENSP00000343896	0	0	0	0	0.151	0.068	0	0.591	0.648
EZH1	PHF1	9606.ENSP00000404658	9606.ENSP00000363640	0	0	0	0	0.090	0.797	0	0.704	0.940
EZH1	KDM6A	9606.ENSP00000404658	9606.ENSP00000367203	0	0	0	0	0.060	0.269	0	0.706	0.780
EZH1	PHF19	9606.ENSP00000404658	9606.ENSP00000483946	0	0	0	0	0.067	0.827	0.360	0.758	0.971
FANCA	FANCE	9606.ENSP00000373952	9606.ENSP00000229769	0	0	0	0	0.163	0.998	0.900	0.999	0.999
FANCA	MSH2	9606.ENSP00000373952	9606.ENSP00000233146	0	0	0	0	0.140	0.292	0	0.571	0.716
FANCA	MSH6	9606.ENSP00000373952	9606.ENSP00000234420	0	0	0	0	0.141	0	0	0.571	0.615
FANCA	PALB2	9606.ENSP00000373952	9606.ENSP00000261584	0	0	0	0	0.182	0	0	0.883	0.900
FANCA	MSH3	9606.ENSP00000373952	9606.ENSP00000265081	0	0	0	0	0.065	0	0	0.663	0.671
FANCA	FANCM	9606.ENSP00000373952	9606.ENSP00000267430	0	0	0	0	0.113	0.994	0.900	0.999	0.999
FANCA	FANCD2	9606.ENSP00000373952	9606.ENSP00000287647	0	0	0	0	0.218	0.912	0.900	0.987	0.999
FANCA	SLX4	9606.ENSP00000373952	9606.ENSP00000294008	0	0	0	0	0.079	0	0.500	0.870	0.935
FANCA	WRN	9606.ENSP00000373952	9606.ENSP00000298139	0	0	0	0	0.062	0	0	0.827	0.831
FANCA	FANCI	9606.ENSP00000373952	9606.ENSP00000310842	0	0	0	0	0.295	0.800	0.900	0.974	0.999
FANCA	RAD51C	9606.ENSP00000373952	9606.ENSP00000336701	0	0	0	0	0.099	0	0	0.807	0.819
FANCA	SMARCA4	9606.ENSP00000373952	9606.ENSP00000343896	0	0	0	0	0.067	0.303	0	0.894	0.925
FANCA	PARP1	9606.ENSP00000373952	9606.ENSP00000355759	0	0	0	0	0.083	0	0	0.671	0.686
FANCA	RAD54L	9606.ENSP00000373952	9606.ENSP00000361043	0	0	0	0	0.418	0	0	0.587	0.749
FANCA	FANCG	9606.ENSP00000373952	9606.ENSP00000367910	0	0	0	0	0.625	0.998	0.900	0.999	0.999
FANCA	NOTCH1	9606.ENSP00000373952	9606.ENSP00000498587	0	0	0	0	0.055	0.238	0	0.508	0.615
FANCA	RECQL4	9606.ENSP00000373952	9606.ENSP00000482313	0	0	0	0	0.342	0	0	0.507	0.662
FANCA	RAD51	9606.ENSP00000373952	9606.ENSP00000493712	0	0	0	0	0.330	0.162	0	0.895	0.936
FANCA	FANCB	9606.ENSP00000373952	9606.ENSP00000498215	0	0	0	0	0.095	0.998	0.900	0.999	0.999
FANCA	FANCL	9606.ENSP00000373952	9606.ENSP00000385021	0	0	0	0	0.067	0.998	0.900	0.999	0.999
FANCB	FANCE	9606.ENSP00000498215	9606.ENSP00000229769	0	0	0	0	0.060	0.998	0.900	0.999	0.999
FANCB	PALB2	9606.ENSP00000498215	9606.ENSP00000261584	0	0	0	0	0.097	0	0	0.858	0.866
FANCB	FANCM	9606.ENSP00000498215	9606.ENSP00000267430	0	0	0	0	0.186	0.994	0.900	0.999	0.999
FANCB	FANCD2	9606.ENSP00000498215	9606.ENSP00000287647	0	0	0	0	0.269	0.800	0.900	0.945	0.999
FANCB	SLX4	9606.ENSP00000498215	9606.ENSP00000294008	0	0	0	0	0.049	0	0.500	0.809	0.901
FANCB	FANCI	9606.ENSP00000498215	9606.ENSP00000310842	0	0	0	0	0.167	0.800	0.900	0.947	0.999
FANCB	RAD51C	9606.ENSP00000498215	9606.ENSP00000336701	0	0	0	0	0.053	0	0	0.838	0.840
FANCB	FANCG	9606.ENSP00000498215	9606.ENSP00000367910	0	0	0	0	0.082	0.998	0.900	0.999	0.999
FANCB	FANCL	9606.ENSP00000498215	9606.ENSP00000385021	0	0	0	0	0.062	0.998	0.900	0.999	0.999
FANCB	RAD51	9606.ENSP00000498215	9606.ENSP00000493712	0	0	0	0	0.100	0	0	0.580	0.606
FANCD2	FANCE	9606.ENSP00000287647	9606.ENSP00000229769	0	0	0	0	0.064	0.971	0.900	0.970	0.999
FANCD2	MLH1	9606.ENSP00000287647	9606.ENSP00000231790	0	0	0	0	0.115	0.510	0.540	0.874	0.971
FANCD2	MSH2	9606.ENSP00000287647	9606.ENSP00000233146	0	0	0	0	0.178	0.467	0.540	0.813	0.957
FANCD2	MSH6	9606.ENSP00000287647	9606.ENSP00000234420	0	0	0	0	0.189	0.045	0.540	0.688	0.874
FANCD2	PARP2	9606.ENSP00000287647	9606.ENSP00000250416	0	0	0	0	0.067	0.225	0	0.606	0.690
FANCD2	H3-3B	9606.ENSP00000287647	9606.ENSP00000254810	0	0	0	0	0.074	0	0	0.635	0.648
FANCD2	PALB2	9606.ENSP00000287647	9606.ENSP00000261584	0	0	0	0	0.128	0	0.540	0.981	0.991
FANCD2	POLQ	9606.ENSP00000287647	9606.ENSP00000264233	0	0	0	0	0.449	0.071	0	0.489	0.715
FANCD2	MSH3	9606.ENSP00000287647	9606.ENSP00000265081	0	0	0	0	0.124	0.045	0.540	0.495	0.780
FANCD2	NBN	9606.ENSP00000287647	9606.ENSP00000265433	0	0	0	0	0.050	0.525	0	0.711	0.858
FANCD2	FANCM	9606.ENSP00000287647	9606.ENSP00000267430	0	0	0	0	0.147	0	0.900	0.977	0.997
FANCD2	TP53	9606.ENSP00000287647	9606.ENSP00000269305	0	0	0	0	0.086	0	0	0.614	0.632
FANCD2	XPC	9606.ENSP00000287647	9606.ENSP00000285021	0	0	0	0	0.044	0	0.540	0.399	0.712
FANCD2	SMARCA4	9606.ENSP00000287647	9606.ENSP00000343896	0	0	0	0	0.067	0	0	0.594	0.605
FANCD2	H3C13	9606.ENSP00000287647	9606.ENSP00000333277	0	0	0	0	0.074	0	0	0.625	0.638
FANCD2	RAD54L	9606.ENSP00000287647	9606.ENSP00000361043	0	0	0	0	0.353	0	0	0.506	0.667
FANCD2	RAD52	9606.ENSP00000287647	9606.ENSP00000351284	0	0	0	0	0.049	0	0	0.671	0.674
FANCD2	POLE	9606.ENSP00000287647	9606.ENSP00000322570	0	0	0	0	0.382	0	0	0.496	0.675
FANCD2	PARP1	9606.ENSP00000287647	9606.ENSP00000355759	0	0	0	0	0.067	0.225	0	0.603	0.688
FANCD2	MLH3	9606.ENSP00000287647	9606.ENSP00000348020	0	0	0	0	0.060	0	0.540	0.355	0.697
FANCD2	PMS1	9606.ENSP00000287647	9606.ENSP00000406490	0	0	0	0	0.086	0	0.540	0.365	0.709
FANCD2	REV3L	9606.ENSP00000287647	9606.ENSP00000351697	0	0	0	0	0.099	0	0	0.711	0.728
FANCD2	MRE11	9606.ENSP00000287647	9606.ENSP00000325863	0	0	0	0	0.165	0.320	0	0.569	0.734
FANCD2	RECQL4	9606.ENSP00000287647	9606.ENSP00000482313	0	0	0	0	0.277	0.330	0	0.519	0.747
FANCD2	POLD1	9606.ENSP00000287647	9606.ENSP00000472445	0	0	0	0	0.163	0	0.540	0.498	0.790
FANCD2	TP53BP1	9606.ENSP00000287647	9606.ENSP00000371475	0	0	0	0	0.049	0	0.360	0.707	0.806
FANCD2	WRN	9606.ENSP00000287647	9606.ENSP00000298139	0	0	0	0	0.130	0.091	0	0.850	0.871
FANCD2	MEN1	9606.ENSP00000287647	9606.ENSP00000337088	0	0	0	0	0.049	0.292	0	0.882	0.913
FANCD2	RAD51C	9606.ENSP00000287647	9606.ENSP00000336701	0	0	0	0	0.118	0.096	0	0.923	0.934
FANCD2	SLX4	9606.ENSP00000287647	9606.ENSP00000294008	0	0	0	0	0.098	0.510	0.500	0.971	0.992
FANCD2	RAD51	9606.ENSP00000287647	9606.ENSP00000493712	0	0	0	0	0.305	0.647	0	0.992	0.998
FANCD2	FANCG	9606.ENSP00000287647	9606.ENSP00000367910	0	0	0	0	0.162	0.854	0.900	0.994	0.999
FANCD2	FANCI	9606.ENSP00000287647	9606.ENSP00000310842	0	0	0	0	0.561	0.996	0.900	0.999	0.999
FANCD2	FANCL	9606.ENSP00000287647	9606.ENSP00000385021	0	0	0	0	0.063	0.980	0.900	0.988	0.999
FANCE	WRN	9606.ENSP00000229769	9606.ENSP00000298139	0	0	0	0	0.059	0	0	0.747	0.752
FANCE	RAD51C	9606.ENSP00000229769	9606.ENSP00000336701	0	0	0	0	0.064	0	0	0.806	0.811
FANCE	RAD51	9606.ENSP00000229769	9606.ENSP00000493712	0	0	0	0	0.122	0	0	0.805	0.821
FANCE	RPL22	9606.ENSP00000229769	9606.ENSP00000346088	0	0	0	0	0.379	0.747	0	0.239	0.870
FANCE	SLX4	9606.ENSP00000229769	9606.ENSP00000294008	0.057	0	0	0	0.129	0	0.500	0.743	0.880
FANCE	PALB2	9606.ENSP00000229769	9606.ENSP00000261584	0	0	0	0	0.222	0	0	0.858	0.884
FANCE	PDCD11	9606.ENSP00000229769	9606.ENSP00000358812	0	0	0	0	0.808	0.486	0	0.315	0.926
FANCE	RPL5	9606.ENSP00000229769	9606.ENSP00000359345	0.115	0	0	0	0.830	0.840	0	0.383	0.983
FANCE	FANCM	9606.ENSP00000229769	9606.ENSP00000267430	0	0	0	0	0	0.994	0.900	0.998	0.999
FANCE	FANCG	9606.ENSP00000229769	9606.ENSP00000367910	0	0	0	0	0.195	0.955	0.900	0.999	0.999
FANCE	FANCI	9606.ENSP00000229769	9606.ENSP00000310842	0	0	0	0	0.080	0.800	0.900	0.955	0.999
FANCE	FANCL	9606.ENSP00000229769	9606.ENSP00000385021	0	0	0	0	0.049	0.800	0.900	0.999	0.999
FANCG	PALB2	9606.ENSP00000367910	9606.ENSP00000261584	0	0	0	0	0.109	0	0	0.855	0.865
FANCG	FANCM	9606.ENSP00000367910	9606.ENSP00000267430	0	0	0	0	0.062	0.994	0.900	0.998	0.999
FANCG	SLX4	9606.ENSP00000367910	9606.ENSP00000294008	0	0	0	0	0.149	0	0.500	0.785	0.900
FANCG	WRN	9606.ENSP00000367910	9606.ENSP00000298139	0	0	0	0	0.060	0	0	0.746	0.751
FANCG	FANCI	9606.ENSP00000367910	9606.ENSP00000310842	0	0	0	0	0.336	0.800	0.900	0.952	0.999
FANCG	RAD51C	9606.ENSP00000367910	9606.ENSP00000336701	0	0	0	0	0.109	0	0	0.909	0.915
FANCG	RAD51	9606.ENSP00000367910	9606.ENSP00000493712	0	0	0	0	0.242	0	0	0.825	0.862
FANCG	FANCL	9606.ENSP00000367910	9606.ENSP00000385021	0	0	0	0	0.134	0.998	0.900	0.999	0.999
FANCI	MLH1	9606.ENSP00000310842	9606.ENSP00000231790	0	0	0	0	0.068	0.292	0.540	0.387	0.789
FANCI	MSH2	9606.ENSP00000310842	9606.ENSP00000233146	0	0	0	0	0.263	0	0.540	0.414	0.784
FANCI	MSH6	9606.ENSP00000310842	9606.ENSP00000234420	0	0	0	0	0.203	0	0.540	0.458	0.784
FANCI	PALB2	9606.ENSP00000310842	9606.ENSP00000261584	0	0	0	0	0.153	0	0.540	0.972	0.988
FANCI	MSH3	9606.ENSP00000310842	9606.ENSP00000265081	0	0	0	0	0.049	0	0.540	0.381	0.705
FANCI	FANCM	9606.ENSP00000310842	9606.ENSP00000267430	0	0	0	0	0.188	0.292	0.900	0.983	0.998
FANCI	SLX4	9606.ENSP00000310842	9606.ENSP00000294008	0	0	0	0	0.072	0	0.500	0.935	0.967
FANCI	WRN	9606.ENSP00000310842	9606.ENSP00000298139	0	0	0	0	0.115	0	0	0.789	0.805
FANCI	REV3L	9606.ENSP00000310842	9606.ENSP00000351697	0	0	0	0	0.057	0	0	0.608	0.614
FANCI	RAD52	9606.ENSP00000310842	9606.ENSP00000351284	0	0	0	0	0.042	0	0	0.648	0.649
FANCI	MLH3	9606.ENSP00000310842	9606.ENSP00000348020	0	0	0	0	0	0	0.540	0.305	0.667
FANCI	TP53BP1	9606.ENSP00000310842	9606.ENSP00000371475	0	0	0	0	0.054	0	0.360	0.505	0.674
FANCI	RECQL4	9606.ENSP00000310842	9606.ENSP00000482313	0	0	0	0	0.255	0	0	0.628	0.711
FANCI	TOP2A	9606.ENSP00000310842	9606.ENSP00000411532	0	0	0	0	0.580	0	0	0.348	0.715
FANCI	POLD1	9606.ENSP00000310842	9606.ENSP00000472445	0	0	0	0	0.276	0	0.540	0.386	0.778
FANCI	RAD54L	9606.ENSP00000310842	9606.ENSP00000361043	0	0	0	0	0.554	0	0	0.535	0.784
FANCI	PMS1	9606.ENSP00000310842	9606.ENSP00000406490	0	0	0	0	0.140	0	0.540	0.522	0.794
FANCI	RAD51C	9606.ENSP00000310842	9606.ENSP00000336701	0	0	0	0	0.193	0.071	0	0.931	0.944
FANCI	RAD51	9606.ENSP00000310842	9606.ENSP00000493712	0	0	0	0	0.491	0.324	0	0.864	0.949
FANCI	FANCL	9606.ENSP00000310842	9606.ENSP00000385021	0	0	0	0	0.110	0.967	0.900	0.987	0.999
FANCL	PALB2	9606.ENSP00000385021	9606.ENSP00000261584	0	0	0	0	0.082	0	0	0.878	0.883
FANCL	FANCM	9606.ENSP00000385021	9606.ENSP00000267430	0	0	0	0	0.085	0.994	0.900	0.999	0.999
FANCL	SLX4	9606.ENSP00000385021	9606.ENSP00000294008	0	0	0	0	0	0	0.500	0.808	0.900
FANCL	WRN	9606.ENSP00000385021	9606.ENSP00000298139	0	0	0	0	0.086	0	0	0.711	0.724
FANCL	RAD51C	9606.ENSP00000385021	9606.ENSP00000336701	0	0	0	0	0.086	0	0	0.916	0.920
FANCL	RAD54L	9606.ENSP00000385021	9606.ENSP00000361043	0	0	0	0	0.080	0	0	0.665	0.678
FANCL	RAD51	9606.ENSP00000385021	9606.ENSP00000493712	0	0	0	0	0.083	0	0	0.735	0.747
FANCM	MLH1	9606.ENSP00000267430	9606.ENSP00000231790	0	0	0	0	0.104	0.092	0	0.666	0.705
FANCM	MSH2	9606.ENSP00000267430	9606.ENSP00000233146	0	0	0	0	0.111	0.495	0	0.666	0.837
FANCM	MSH6	9606.ENSP00000267430	9606.ENSP00000234420	0	0	0	0	0.130	0.754	0	0.690	0.927
FANCM	PALB2	9606.ENSP00000267430	9606.ENSP00000261584	0	0	0	0	0.138	0	0	0.933	0.940
FANCM	MSH3	9606.ENSP00000267430	9606.ENSP00000265081	0	0	0	0	0.138	0.495	0	0.624	0.822
FANCM	PRDM1	9606.ENSP00000267430	9606.ENSP00000358092	0	0	0	0	0	0.610	0	0	0.610
FANCM	SMC1A	9606.ENSP00000267430	9606.ENSP00000323421	0	0	0	0	0.077	0.470	0	0.311	0.633
FANCM	MLH3	9606.ENSP00000267430	9606.ENSP00000348020	0	0	0	0	0.062	0.092	0	0.626	0.654
FANCM	TP53BP1	9606.ENSP00000267430	9606.ENSP00000371475	0	0	0	0	0	0.136	0	0.626	0.663
FANCM	SMC3	9606.ENSP00000267430	9606.ENSP00000354720	0	0	0	0	0.103	0.470	0	0.387	0.683
FANCM	MRE11	9606.ENSP00000267430	9606.ENSP00000325863	0	0	0	0	0.097	0.132	0	0.648	0.700
FANCM	RECQL	9606.ENSP00000267430	9606.ENSP00000416739	0	0	0	0	0.062	0	0	0.697	0.704
FANCM	RTEL1	9606.ENSP00000267430	9606.ENSP00000353332	0	0	0	0	0.133	0.091	0	0.716	0.757
FANCM	KNL1	9606.ENSP00000267430	9606.ENSP00000335463	0	0	0	0	0.181	0.596	0	0.345	0.764
FANCM	RAD54L	9606.ENSP00000267430	9606.ENSP00000361043	0	0	0	0	0.140	0.333	0	0.626	0.767
FANCM	POLE	9606.ENSP00000267430	9606.ENSP00000322570	0.041	0	0	0	0.056	0.599	0	0.588	0.830
FANCM	POLD1	9606.ENSP00000267430	9606.ENSP00000472445	0.041	0	0	0	0.051	0.599	0	0.592	0.831
FANCM	SLX4	9606.ENSP00000267430	9606.ENSP00000294008	0	0	0	0	0.109	0.255	0.500	0.835	0.938
FANCM	RAD51C	9606.ENSP00000267430	9606.ENSP00000336701	0	0	0	0	0.102	0.596	0	0.900	0.960
FANCM	RAD51	9606.ENSP00000267430	9606.ENSP00000493712	0	0	0	0	0.137	0.864	0	0.794	0.973
FANCM	REV3L	9606.ENSP00000267430	9606.ENSP00000351697	0.041	0	0	0	0.069	0.962	0	0.678	0.987
FANCM	RAD52	9606.ENSP00000267430	9606.ENSP00000351284	0	0	0	0	0.068	0.967	0	0.729	0.990
FANCM	RECQL4	9606.ENSP00000267430	9606.ENSP00000482313	0	0	0	0	0.127	0.967	0	0.731	0.991
FANCM	WRN	9606.ENSP00000267430	9606.ENSP00000298139	0	0	0	0	0.179	0.967	0	0.818	0.994
FAS	TRAF2	9606.ENSP00000498466	9606.ENSP00000247668	0	0	0	0	0.050	0	0.500	0.276	0.626
FAS	TP53	9606.ENSP00000498466	9606.ENSP00000269305	0	0	0	0	0	0.080	0.500	0.756	0.877
FAS	XIAP	9606.ENSP00000498466	9606.ENSP00000360242	0	0	0	0	0	0	0	0.695	0.695
FAS	PTPN13	9606.ENSP00000498466	9606.ENSP00000394794	0	0	0	0	0.060	0.625	0	0.923	0.970
FAS	RHOA	9606.ENSP00000498466	9606.ENSP00000400175	0	0	0	0	0.057	0.742	0	0.201	0.788
FAS	PTPRC	9606.ENSP00000498466	9606.ENSP00000411355	0	0	0	0	0.219	0	0	0.678	0.738
FAT1	PIK3CA	9606.ENSP00000406229	9606.ENSP00000263967	0	0	0	0	0	0	0	0.653	0.653
FAT1	TP53	9606.ENSP00000406229	9606.ENSP00000269305	0	0	0	0	0	0	0	0.698	0.698
FAT1	KMT2D	9606.ENSP00000406229	9606.ENSP00000301067	0	0	0	0	0.055	0	0	0.647	0.652
FAT1	FAT4	9606.ENSP00000406229	9606.ENSP00000377862	0	0	0	0.650	0.139	0.134	0	0.617	0.690
FAT4	TP53	9606.ENSP00000377862	9606.ENSP00000269305	0	0	0	0	0	0	0	0.658	0.658
FBXO11	MSH6	9606.ENSP00000384823	9606.ENSP00000234420	0	0	0	0	0.058	0	0	0.788	0.791
FBXO11	TP53	9606.ENSP00000384823	9606.ENSP00000269305	0	0	0	0	0	0.397	0	0.581	0.736
FCRL4	PTPN11	9606.ENSP00000271532	9606.ENSP00000489597	0	0	0	0	0	0.069	0	0.727	0.734
FES	KIT	9606.ENSP00000331504	9606.ENSP00000288135	0	0	0	0.602	0.138	0.231	0.500	0.105	0.663
FGF10	FLT3	9606.ENSP00000264664	9606.ENSP00000241453	0	0	0	0	0.107	0.168	0.650	0.341	0.806
FGF10	PDGFRA	9606.ENSP00000264664	9606.ENSP00000257290	0	0	0	0	0.133	0.168	0.650	0.583	0.880
FGF10	TBX3	9606.ENSP00000264664	9606.ENSP00000257566	0	0	0	0	0.056	0	0	0.702	0.707
FGF10	FLT4	9606.ENSP00000264664	9606.ENSP00000261937	0	0	0	0	0.086	0.168	0.650	0.709	0.912
FGF10	KDR	9606.ENSP00000264664	9606.ENSP00000263923	0	0	0	0	0.126	0.168	0.650	0.770	0.933
FGF10	TP53	9606.ENSP00000264664	9606.ENSP00000269305	0	0	0	0	0	0.164	0	0.548	0.606
FGF10	SOX2	9606.ENSP00000264664	9606.ENSP00000323588	0	0	0	0	0.042	0	0	0.623	0.624
FGF10	PTPN11	9606.ENSP00000264664	9606.ENSP00000489597	0	0	0	0	0.055	0.070	0.400	0.395	0.638
FGF10	NTRK2	9606.ENSP00000264664	9606.ENSP00000277120	0	0	0	0	0.075	0	0.650	0.336	0.766
FGF10	IGF1	9606.ENSP00000264664	9606.ENSP00000376637	0	0	0	0	0.060	0	0	0.785	0.789
FGF10	INSR	9606.ENSP00000264664	9606.ENSP00000303830	0	0	0	0	0	0	0.650	0.492	0.814
FGF10	KIT	9606.ENSP00000264664	9606.ENSP00000288135	0	0	0	0	0.062	0.168	0.650	0.542	0.858
FGF10	FLT1	9606.ENSP00000264664	9606.ENSP00000282397	0	0	0	0	0.088	0.168	0.650	0.593	0.877
FGF10	MET	9606.ENSP00000264664	9606.ENSP00000317272	0	0	0	0	0.067	0	0.650	0.667	0.881
FGF10	NTRK1	9606.ENSP00000264664	9606.ENSP00000431418	0	0	0	0	0	0	0.650	0.696	0.889
FGF10	FGFR3	9606.ENSP00000264664	9606.ENSP00000339824	0	0	0	0	0	0.296	0.650	0.932	0.981
FGF10	FGFR2	9606.ENSP00000264664	9606.ENSP00000410294	0	0	0	0	0.044	0.983	0.900	0.998	0.999
FGF14	FGFR2	9606.ENSP00000365301	9606.ENSP00000410294	0	0	0	0	0.047	0.168	0	0.651	0.699
FGFR2	PIK3R2	9606.ENSP00000410294	9606.ENSP00000222254	0	0	0	0	0	0.207	0.650	0.403	0.819
FGFR2	PIK3R3	9606.ENSP00000410294	9606.ENSP00000262741	0	0	0	0	0	0.127	0.650	0.203	0.735
FGFR2	PIK3CA	9606.ENSP00000410294	9606.ENSP00000263967	0	0	0	0	0	0.087	0.650	0.737	0.908
FGFR2	TP53	9606.ENSP00000410294	9606.ENSP00000269305	0	0	0	0	0.046	0	0	0.661	0.662
FGFR2	SH3GL1	9606.ENSP00000410294	9606.ENSP00000269886	0	0	0	0	0.055	0	0.650	0	0.655
FGFR2	STAT5B	9606.ENSP00000410294	9606.ENSP00000293328	0	0	0	0	0	0.328	0	0.697	0.787
FGFR2	PGR	9606.ENSP00000410294	9606.ENSP00000325120	0	0	0	0	0.048	0.294	0	0.800	0.854
FGFR2	FGFR3	9606.ENSP00000410294	9606.ENSP00000339824	0	0	0.056	0.965	0.173	0.618	0.900	0.645	0.987
FGFR2	STAT5A	9606.ENSP00000410294	9606.ENSP00000341208	0	0	0	0	0	0.328	0	0.694	0.785
FGFR2	SMAD4	9606.ENSP00000410294	9606.ENSP00000341551	0	0	0	0	0	0.046	0	0.603	0.605
FGFR2	RUNX2	9606.ENSP00000410294	9606.ENSP00000360493	0	0	0	0	0.048	0	0	0.797	0.798
FGFR2	PTEN	9606.ENSP00000410294	9606.ENSP00000361021	0	0	0	0	0	0.063	0	0.658	0.665
FGFR2	PIK3CD	9606.ENSP00000410294	9606.ENSP00000366563	0	0	0	0	0	0.087	0.650	0.215	0.727
FGFR2	IGF1	9606.ENSP00000410294	9606.ENSP00000376637	0	0	0	0	0.047	0	0.650	0.631	0.866
FGFR2	NOTCH1	9606.ENSP00000410294	9606.ENSP00000498587	0	0	0	0	0	0.045	0	0.723	0.724
FGFR2	PIK3CB	9606.ENSP00000410294	9606.ENSP00000501150	0	0	0	0	0.042	0.087	0.650	0.292	0.754
FGFR2	PTPN11	9606.ENSP00000410294	9606.ENSP00000489597	0	0	0	0	0.060	0.240	0.400	0.593	0.802
FGFR2	PLCG2	9606.ENSP00000410294	9606.ENSP00000482457	0	0	0	0	0	0.091	0.900	0.105	0.911
FGFR2	PIK3R1	9606.ENSP00000410294	9606.ENSP00000428056	0	0	0	0	0.042	0.416	0.650	0.659	0.924
FGFR3	PIK3R2	9606.ENSP00000339824	9606.ENSP00000222254	0	0	0	0	0.061	0.127	0.650	0.522	0.844
FGFR3	PIK3R3	9606.ENSP00000339824	9606.ENSP00000262741	0	0	0	0	0	0.127	0.650	0.450	0.817
FGFR3	PIK3CA	9606.ENSP00000339824	9606.ENSP00000263967	0	0	0	0	0	0.087	0.650	0.901	0.965
FGFR3	TP53	9606.ENSP00000339824	9606.ENSP00000269305	0	0	0	0	0.046	0	0	0.717	0.718
FGFR3	SH3GL1	9606.ENSP00000339824	9606.ENSP00000269886	0	0	0	0	0.074	0	0.650	0	0.662
FGFR3	TERT	9606.ENSP00000339824	9606.ENSP00000309572	0	0	0	0	0.049	0	0	0.604	0.608
FGFR3	PTEN	9606.ENSP00000339824	9606.ENSP00000361021	0	0	0	0	0	0.063	0	0.634	0.643
FGFR3	RUNX2	9606.ENSP00000339824	9606.ENSP00000360493	0	0	0	0	0.048	0	0	0.673	0.675
FGFR3	PIK3CD	9606.ENSP00000339824	9606.ENSP00000366563	0	0	0	0	0	0.087	0.650	0.180	0.715
FGFR3	PIK3CB	9606.ENSP00000339824	9606.ENSP00000501150	0	0	0	0	0	0.087	0.650	0.268	0.745
FGFR3	MUC1	9606.ENSP00000339824	9606.ENSP00000484824	0	0	0	0	0.045	0	0	0.768	0.769
FGFR3	PTPN11	9606.ENSP00000339824	9606.ENSP00000489597	0	0	0	0	0.060	0.193	0.400	0.593	0.790
FGFR3	IGF1	9606.ENSP00000339824	9606.ENSP00000376637	0	0	0	0	0	0	0.650	0.445	0.797
FGFR3	PIK3R1	9606.ENSP00000339824	9606.ENSP00000428056	0	0	0	0	0	0.204	0.650	0.419	0.824
FGFR3	PLCG2	9606.ENSP00000339824	9606.ENSP00000482457	0	0	0	0	0	0.091	0.900	0.159	0.916
FH	VHL	9606.ENSP00000355518	9606.ENSP00000256474	0	0	0	0	0	0	0	0.647	0.647
FH	SDHA	9606.ENSP00000355518	9606.ENSP00000264932	0.231	0.540	0	0	0.838	0.098	0.980	0.768	0.999
FH	SDHAF2	9606.ENSP00000355518	9606.ENSP00000301761	0.047	0	0	0	0.049	0	0.155	0.589	0.643
FH	HIF1A	9606.ENSP00000355518	9606.ENSP00000437955	0	0	0	0	0	0	0	0.731	0.731
FIP1L1	PDGFRA	9606.ENSP00000336752	9606.ENSP00000257290	0	0	0	0	0	0	0	0.981	0.981
FIP1L1	NUP98	9606.ENSP00000336752	9606.ENSP00000316032	0	0	0	0	0.155	0	0.400	0.289	0.608
FLI1	RUNX2	9606.ENSP00000433488	9606.ENSP00000360493	0	0	0	0	0.073	0.840	0	0.064	0.849
FLT1	PIK3R2	9606.ENSP00000282397	9606.ENSP00000222254	0	0	0	0	0	0.153	0.650	0.218	0.748
FLT1	FLT4	9606.ENSP00000282397	9606.ENSP00000261937	0	0	0	0.885	0.101	0.097	0	0.910	0.920
FLT1	PIK3R3	9606.ENSP00000282397	9606.ENSP00000262741	0	0	0	0	0	0.153	0.650	0.189	0.738
FLT1	KDR	9606.ENSP00000282397	9606.ENSP00000263923	0	0	0.070	0.906	0.329	0.510	0	0.984	0.994
FLT1	PIK3CA	9606.ENSP00000282397	9606.ENSP00000263967	0	0	0	0	0	0.098	0.650	0.672	0.887
FLT1	TP53	9606.ENSP00000282397	9606.ENSP00000269305	0	0	0	0	0.059	0	0	0.691	0.696
FLT1	PTPRB	9606.ENSP00000282397	9606.ENSP00000334928	0	0	0	0	0.323	0.299	0	0.366	0.673
FLT1	HIF1A	9606.ENSP00000282397	9606.ENSP00000437955	0	0	0	0	0.073	0	0	0.726	0.735
FLT1	PIK3CD	9606.ENSP00000282397	9606.ENSP00000366563	0	0	0	0	0	0.098	0.650	0.234	0.737
FLT1	PTPN11	9606.ENSP00000282397	9606.ENSP00000489597	0	0	0	0	0.060	0.541	0	0.520	0.775
FLT1	IGF1	9606.ENSP00000282397	9606.ENSP00000376637	0	0	0	0	0.060	0	0.650	0.718	0.899
FLT1	PIK3CB	9606.ENSP00000282397	9606.ENSP00000501150	0	0	0	0	0	0.098	0.650	0.732	0.908
FLT1	PIK3R1	9606.ENSP00000282397	9606.ENSP00000428056	0	0	0	0	0	0.670	0.650	0.281	0.909
FLT3	STAG2	9606.ENSP00000241453	9606.ENSP00000218089	0	0	0	0	0	0	0	0.609	0.609
FLT3	PIK3R2	9606.ENSP00000241453	9606.ENSP00000222254	0	0	0	0	0	0.153	0.900	0.163	0.922
FLT3	NOTCH1	9606.ENSP00000241453	9606.ENSP00000498587	0	0	0	0	0	0	0	0.600	0.600
FLT3	PTEN	9606.ENSP00000241453	9606.ENSP00000361021	0	0	0	0	0.056	0.063	0	0.588	0.604
FLT3	IRF8	9606.ENSP00000241453	9606.ENSP00000268638	0	0	0	0	0.139	0.045	0	0.574	0.619
FLT3	SETBP1	9606.ENSP00000241453	9606.ENSP00000497406	0	0	0	0	0.045	0	0	0.620	0.621
FLT3	HOXA9	9606.ENSP00000241453	9606.ENSP00000343619	0	0	0	0	0	0	0	0.621	0.621
FLT3	IKZF1	9606.ENSP00000241453	9606.ENSP00000331614	0	0	0	0	0.106	0.052	0	0.623	0.652
FLT3	MYH11	9606.ENSP00000241453	9606.ENSP00000379616	0	0	0	0	0.049	0	0	0.658	0.661
FLT3	KMT2A	9606.ENSP00000241453	9606.ENSP00000436786	0	0	0	0	0	0	0	0.663	0.663
FLT3	SRSF2	9606.ENSP00000241453	9606.ENSP00000376276	0	0	0	0	0	0.049	0	0.668	0.670
FLT3	MLLT3	9606.ENSP00000241453	9606.ENSP00000369695	0	0	0	0	0	0	0	0.690	0.690
FLT3	TP53	9606.ENSP00000241453	9606.ENSP00000269305	0	0	0	0	0.059	0	0	0.717	0.722
FLT3	PTPRC	9606.ENSP00000241453	9606.ENSP00000411355	0	0	0	0	0.104	0.051	0	0.721	0.742
FLT3	IGF1	9606.ENSP00000241453	9606.ENSP00000376637	0	0	0	0	0.047	0	0.650	0.316	0.751
FLT3	WT1	9606.ENSP00000241453	9606.ENSP00000368370	0	0	0	0	0	0.052	0	0.763	0.766
FLT3	PHF6	9606.ENSP00000241453	9606.ENSP00000329097	0	0	0	0	0	0.078	0	0.772	0.780
FLT3	SYK	9606.ENSP00000241453	9606.ENSP00000364898	0	0	0	0.606	0.099	0.441	0.500	0.252	0.787
FLT3	TET2	9606.ENSP00000241453	9606.ENSP00000442788	0	0	0	0	0.057	0	0	0.850	0.852
FLT3	PTPN11	9606.ENSP00000241453	9606.ENSP00000489597	0	0	0	0	0.060	0.389	0.400	0.717	0.889
FLT3	PIK3R3	9606.ENSP00000241453	9606.ENSP00000262741	0	0	0	0	0	0.153	0.900	0.135	0.920
FLT3	PIK3CB	9606.ENSP00000241453	9606.ENSP00000501150	0	0	0	0	0	0.098	0.900	0.290	0.930
FLT3	PIK3CD	9606.ENSP00000241453	9606.ENSP00000366563	0	0	0	0	0.062	0.098	0.900	0.380	0.940
FLT3	NPM1	9606.ENSP00000241453	9606.ENSP00000296930	0	0	0	0	0	0.168	0	0.934	0.943
FLT3	PIK3R1	9606.ENSP00000241453	9606.ENSP00000428056	0	0	0	0	0.062	0.374	0.900	0.353	0.956
FLT3	PIK3CA	9606.ENSP00000241453	9606.ENSP00000263967	0	0	0	0	0	0.098	0.900	0.572	0.958
FLT3	STAT5A	9606.ENSP00000241453	9606.ENSP00000341208	0	0	0	0	0.052	0.079	0.900	0.705	0.970
FLT3	STAT5B	9606.ENSP00000241453	9606.ENSP00000293328	0	0	0	0	0.052	0.079	0.900	0.705	0.970
FLT4	PIK3R2	9606.ENSP00000261937	9606.ENSP00000222254	0	0	0	0	0.042	0.185	0.650	0.165	0.741
FLT4	PTPRC	9606.ENSP00000261937	9606.ENSP00000411355	0	0	0	0	0.060	0.051	0	0.601	0.612
FLT4	NOTCH4	9606.ENSP00000261937	9606.ENSP00000364163	0	0	0	0	0.107	0	0.500	0.379	0.698
FLT4	PTPN14	9606.ENSP00000261937	9606.ENSP00000355923	0	0	0	0	0.043	0.059	0	0.700	0.706
FLT4	PIK3R3	9606.ENSP00000261937	9606.ENSP00000262741	0	0	0	0	0	0.153	0.650	0.131	0.720
FLT4	PIK3CD	9606.ENSP00000261937	9606.ENSP00000366563	0	0	0	0	0.042	0.098	0.650	0.203	0.726
FLT4	PIK3CB	9606.ENSP00000261937	9606.ENSP00000501150	0	0	0	0	0	0.098	0.650	0.229	0.735
FLT4	IGF1	9606.ENSP00000261937	9606.ENSP00000376637	0	0	0	0	0	0	0.650	0.394	0.778
FLT4	PIK3CA	9606.ENSP00000261937	9606.ENSP00000263967	0	0	0	0	0	0.098	0.650	0.446	0.810
FLT4	PIK3R1	9606.ENSP00000261937	9606.ENSP00000428056	0	0	0	0	0	0.185	0.650	0.527	0.853
FLT4	KDR	9606.ENSP00000261937	9606.ENSP00000263923	0	0	0.056	0.906	0.164	0.639	0	0.983	0.994
FNBP1	SH3GL1	9606.ENSP00000413625	9606.ENSP00000269886	0	0	0	0	0.049	0.068	0	0.594	0.609
FNBP1	INPPL1	9606.ENSP00000413625	9606.ENSP00000298229	0	0	0	0	0.057	0	0	0.758	0.762
FNBP1	WAS	9606.ENSP00000413625	9606.ENSP00000365891	0	0	0	0	0.098	0.754	0.400	0.822	0.973
FOXA1	PARP2	9606.ENSP00000250448	9606.ENSP00000250416	0	0	0	0	0.044	0.292	0	0.654	0.745
FOXA1	RAD21	9606.ENSP00000250448	9606.ENSP00000297338	0	0	0	0	0	0	0	0.604	0.604
FOXA1	KMT2D	9606.ENSP00000250448	9606.ENSP00000301067	0	0	0	0	0	0	0	0.625	0.625
FOXA1	PIK3CA	9606.ENSP00000250448	9606.ENSP00000263967	0	0	0	0	0	0	0	0.706	0.706
FOXA1	NF1	9606.ENSP00000250448	9606.ENSP00000351015	0	0	0	0	0	0	0	0.712	0.712
FOXA1	HDAC1	9606.ENSP00000250448	9606.ENSP00000362649	0	0	0	0	0	0	0.500	0.472	0.724
FOXA1	TP53	9606.ENSP00000250448	9606.ENSP00000269305	0	0	0	0	0	0	0	0.735	0.735
FOXA1	SOX2	9606.ENSP00000250448	9606.ENSP00000323588	0	0	0	0	0.072	0.063	0	0.725	0.740
FOXA1	KMT2C	9606.ENSP00000250448	9606.ENSP00000262189	0	0	0	0	0	0.292	0	0.764	0.825
FOXA1	H3C13	9606.ENSP00000250448	9606.ENSP00000333277	0	0	0	0	0	0	0.500	0.681	0.833
FOXA1	H3-3B	9606.ENSP00000250448	9606.ENSP00000254810	0	0	0	0	0	0	0.500	0.681	0.833
FOXA1	GATA6	9606.ENSP00000250448	9606.ENSP00000269216	0	0	0	0	0.109	0.091	0	0.865	0.881
FOXA1	PGR	9606.ENSP00000250448	9606.ENSP00000325120	0	0	0	0	0.083	0.045	0.500	0.774	0.887
FOXA1	TLE3	9606.ENSP00000250448	9606.ENSP00000452871	0	0	0	0	0	0.292	0.800	0.850	0.976
FOXA1	GATA3	9606.ENSP00000250448	9606.ENSP00000368632	0	0	0	0	0.120	0.484	0.900	0.950	0.997
FOXO1	XBP1	9606.ENSP00000368880	9606.ENSP00000216037	0	0	0	0	0.042	0	0	0.890	0.890
FOXO1	TSC2	9606.ENSP00000368880	9606.ENSP00000219476	0	0	0	0	0	0.297	0	0.781	0.840
FOXO1	RPS6KB1	9606.ENSP00000368880	9606.ENSP00000225577	0	0	0	0	0.049	0.125	0	0.707	0.734
FOXO1	TCF3	9606.ENSP00000368880	9606.ENSP00000262965	0	0	0	0	0.049	0	0	0.663	0.666
FOXO1	PIK3CA	9606.ENSP00000368880	9606.ENSP00000263967	0	0	0	0	0.067	0.184	0	0.669	0.726
FOXO1	PML	9606.ENSP00000368880	9606.ENSP00000268058	0	0	0	0	0	0.305	0	0.697	0.780
FOXO1	NCOR1	9606.ENSP00000368880	9606.ENSP00000268712	0	0	0	0	0.067	0.043	0	0.624	0.635
FOXO1	TP53	9606.ENSP00000368880	9606.ENSP00000269305	0	0	0	0	0	0	0	0.886	0.886
FOXO1	STAT5B	9606.ENSP00000368880	9606.ENSP00000293328	0	0	0	0	0.074	0	0	0.690	0.701
FOXO1	STAT6	9606.ENSP00000368880	9606.ENSP00000300134	0	0	0	0	0.076	0	0.500	0.398	0.698
FOXO1	INSR	9606.ENSP00000368880	9606.ENSP00000303830	0	0	0	0	0.056	0.135	0	0.711	0.743
FOXO1	PRKACA	9606.ENSP00000368880	9606.ENSP00000309591	0	0	0	0	0	0.312	0.900	0.662	0.974
FOXO1	SOX2	9606.ENSP00000368880	9606.ENSP00000323588	0	0	0	0	0	0.061	0.400	0.415	0.641
FOXO1	STK11	9606.ENSP00000368880	9606.ENSP00000324856	0	0	0	0	0	0.071	0.900	0.555	0.955
FOXO1	PGR	9606.ENSP00000368880	9606.ENSP00000325120	0	0	0	0	0	0.054	0	0.622	0.627
FOXO1	SMAD3	9606.ENSP00000368880	9606.ENSP00000332973	0	0	0	0	0.074	0.317	0.900	0.872	0.990
FOXO1	MEF2C	9606.ENSP00000368880	9606.ENSP00000340874	0	0	0	0	0.078	0.091	0	0.599	0.635
FOXO1	STAT5A	9606.ENSP00000368880	9606.ENSP00000341208	0	0	0	0	0.070	0	0	0.690	0.700
FOXO1	SMAD4	9606.ENSP00000368880	9606.ENSP00000341551	0	0	0	0	0.139	0.314	0.500	0.667	0.888
FOXO1	MTOR	9606.ENSP00000368880	9606.ENSP00000354558	0	0	0	0	0	0.050	0	0.755	0.758
FOXO1	PARP1	9606.ENSP00000368880	9606.ENSP00000355759	0	0	0	0	0.042	0.292	0	0.683	0.766
FOXO1	RUNX2	9606.ENSP00000368880	9606.ENSP00000360493	0	0	0	0	0	0	0	0.680	0.680
FOXO1	PTEN	9606.ENSP00000368880	9606.ENSP00000361021	0	0	0	0	0.064	0.099	0	0.894	0.903
FOXO1	HDAC1	9606.ENSP00000368880	9606.ENSP00000362649	0	0	0	0	0.049	0.093	0.500	0.444	0.728
FOXO1	IRS2	9606.ENSP00000368880	9606.ENSP00000365016	0	0	0	0	0.134	0.091	0	0.796	0.825
FOXO1	IRF4	9606.ENSP00000368880	9606.ENSP00000370343	0	0	0	0	0.057	0	0	0.644	0.651
FOXO1	PIK3CB	9606.ENSP00000368880	9606.ENSP00000501150	0	0	0	0	0	0.184	0	0.792	0.823
FOXO1	HIF1A	9606.ENSP00000368880	9606.ENSP00000437955	0	0	0	0	0	0.068	0.400	0.769	0.859
FOXO1	IGF1	9606.ENSP00000368880	9606.ENSP00000376637	0	0	0	0	0.068	0	0	0.908	0.910
FUBP1	TP53	9606.ENSP00000359804	9606.ENSP00000269305	0	0	0	0	0.042	0.292	0	0.688	0.769
FUBP1	PCBP1	9606.ENSP00000359804	9606.ENSP00000305556	0	0	0	0.596	0.212	0.421	0	0.276	0.641
FUBP1	SF3B1	9606.ENSP00000359804	9606.ENSP00000335321	0	0	0	0	0.658	0	0	0.222	0.723
FUBP1	SFPQ	9606.ENSP00000359804	9606.ENSP00000349748	0	0	0	0	0.499	0	0	0.329	0.650
FUBP1	SRSF2	9606.ENSP00000359804	9606.ENSP00000376276	0	0	0	0	0.502	0	0	0.304	0.638
FURIN	NOTCH2	9606.ENSP00000483552	9606.ENSP00000256646	0	0	0	0	0.091	0.045	0.400	0.379	0.633
FURIN	NOTCH3	9606.ENSP00000483552	9606.ENSP00000263388	0	0	0	0	0.070	0.045	0.400	0.390	0.631
FURIN	PRSS8	9606.ENSP00000483552	9606.ENSP00000319730	0	0	0	0	0.054	0.135	0.400	0.603	0.779
FURIN	SMAD3	9606.ENSP00000483552	9606.ENSP00000332973	0	0	0	0	0.053	0.165	0.500	0.365	0.715
FURIN	SMAD4	9606.ENSP00000483552	9606.ENSP00000341551	0	0	0	0	0.051	0	0.500	0.370	0.675
FURIN	NOTCH4	9606.ENSP00000483552	9606.ENSP00000364163	0	0	0	0	0.070	0.045	0.400	0.377	0.624
FURIN	IL10	9606.ENSP00000483552	9606.ENSP00000412237	0	0	0	0	0.042	0	0	0.621	0.621
FURIN	NOTCH1	9606.ENSP00000483552	9606.ENSP00000498587	0	0	0	0	0.102	0.045	0.400	0.429	0.667
FUS	PCBP1	9606.ENSP00000254108	9606.ENSP00000305556	0	0	0	0	0.097	0.130	0.400	0.280	0.615
FUS	SF3B1	9606.ENSP00000254108	9606.ENSP00000335321	0	0	0	0	0.221	0.456	0	0.212	0.637
FUS	TCF12	9606.ENSP00000254108	9606.ENSP00000388940	0	0	0	0	0	0.076	0	0.659	0.671
FUS	HDAC1	9606.ENSP00000254108	9606.ENSP00000362649	0	0	0	0	0.210	0	0	0.635	0.699
FUS	SMARCB1	9606.ENSP00000254108	9606.ENSP00000340883	0	0	0	0	0.157	0.292	0	0.551	0.708
FUS	PARP1	9606.ENSP00000254108	9606.ENSP00000355759	0	0	0	0	0.146	0.309	0	0.552	0.712
FUS	TAF15	9606.ENSP00000254108	9606.ENSP00000474096	0	0	0.063	0.864	0.180	0.752	0	0.161	0.818
FUS	SMARCA4	9606.ENSP00000254108	9606.ENSP00000343896	0	0	0	0	0.226	0.424	0	0.738	0.873
FUS	SRSF2	9606.ENSP00000254108	9606.ENSP00000376276	0	0	0	0	0.201	0.094	0.400	0.899	0.950
FUS	SFPQ	9606.ENSP00000254108	9606.ENSP00000349748	0	0	0	0	0.444	0.630	0	0.933	0.985
FZR1	RB1	9606.ENSP00000378529	9606.ENSP00000267163	0	0	0	0	0.082	0.516	0.700	0.272	0.890
FZR1	TRIM33	9606.ENSP00000378529	9606.ENSP00000351250	0	0	0	0	0.067	0.994	0	0	0.994
FZR1	PTEN	9606.ENSP00000378529	9606.ENSP00000361021	0	0	0	0	0.100	0.537	0	0.494	0.771
FZR1	RAD51	9606.ENSP00000378529	9606.ENSP00000493712	0	0	0	0	0.211	0.076	0.540	0.113	0.663
GATA3	PHOX2B	9606.ENSP00000368632	9606.ENSP00000226382	0	0	0	0	0	0	0	0.738	0.738
GATA3	H3-3B	9606.ENSP00000368632	9606.ENSP00000254810	0	0	0	0	0	0.094	0.500	0.447	0.727
GATA3	TBX3	9606.ENSP00000368632	9606.ENSP00000257566	0	0	0	0	0.078	0.068	0	0.663	0.685
GATA3	TCF3	9606.ENSP00000368632	9606.ENSP00000262965	0	0	0	0	0.048	0	0.500	0.779	0.885
GATA3	PAX8	9606.ENSP00000368632	9606.ENSP00000263334	0	0	0	0	0.086	0	0	0.692	0.707
GATA3	TP53	9606.ENSP00000368632	9606.ENSP00000269305	0	0	0	0	0.098	0.253	0	0.623	0.724
GATA3	MYCN	9606.ENSP00000368632	9606.ENSP00000281043	0	0	0	0	0	0.161	0	0.587	0.638
GATA3	STAT5B	9606.ENSP00000368632	9606.ENSP00000293328	0	0	0	0	0.067	0	0	0.756	0.763
GATA3	STAT6	9606.ENSP00000368632	9606.ENSP00000300134	0	0	0	0	0.067	0	0.750	0.887	0.971
GATA3	PGR	9606.ENSP00000368632	9606.ENSP00000325120	0	0	0	0	0.056	0.057	0.500	0.623	0.810
GATA3	IKZF1	9606.ENSP00000368632	9606.ENSP00000331614	0	0	0	0	0.055	0.091	0	0.742	0.759
GATA3	SMAD3	9606.ENSP00000368632	9606.ENSP00000332973	0	0	0	0	0.066	0.071	0	0.769	0.782
GATA3	H3C13	9606.ENSP00000368632	9606.ENSP00000333277	0	0	0	0	0	0.094	0.500	0.447	0.727
GATA3	ZBTB16	9606.ENSP00000368632	9606.ENSP00000338157	0	0	0	0	0	0.091	0	0.728	0.742
GATA3	STAT5A	9606.ENSP00000368632	9606.ENSP00000341208	0	0	0	0	0.087	0	0	0.765	0.777
GATA3	SMARCA4	9606.ENSP00000368632	9606.ENSP00000343896	0	0	0	0	0.042	0.077	0	0.602	0.617
GATA3	PRDM1	9606.ENSP00000368632	9606.ENSP00000358092	0	0	0	0	0.050	0	0	0.597	0.601
GATA3	HDAC1	9606.ENSP00000368632	9606.ENSP00000362649	0	0	0	0	0.071	0.745	0.500	0.336	0.911
GATA3	KDM6A	9606.ENSP00000368632	9606.ENSP00000367203	0	0	0	0	0.074	0.106	0	0.626	0.663
GATA3	NOTCH1	9606.ENSP00000368632	9606.ENSP00000498587	0	0	0	0	0	0.093	0	0.583	0.606
GATA3	MAP3K1	9606.ENSP00000368632	9606.ENSP00000382423	0	0	0	0	0.065	0.051	0	0.602	0.616
GATA3	PTPRC	9606.ENSP00000368632	9606.ENSP00000411355	0	0	0	0	0.049	0	0	0.631	0.634
GATA3	NFATC2	9606.ENSP00000368632	9606.ENSP00000379330	0	0	0	0	0.088	0.051	0	0.625	0.647
GATA3	ITK	9606.ENSP00000368632	9606.ENSP00000398655	0	0	0	0	0.104	0.093	0	0.660	0.699
GATA3	HIF1A	9606.ENSP00000368632	9606.ENSP00000437955	0	0	0	0	0.050	0.292	0	0.609	0.714
GATA3	IL10	9606.ENSP00000368632	9606.ENSP00000412237	0	0	0	0	0.086	0	0	0.748	0.759
GATA3	TCF12	9606.ENSP00000368632	9606.ENSP00000388940	0	0	0	0	0.048	0	0.500	0.572	0.778
GATA3	TLE3	9606.ENSP00000368632	9606.ENSP00000452871	0	0	0	0	0.047	0.041	0.800	0.167	0.827
GATA3	IRF4	9606.ENSP00000368632	9606.ENSP00000370343	0	0	0	0	0.042	0.095	0	0.844	0.853
GATA6	TBX3	9606.ENSP00000269216	9606.ENSP00000257566	0	0	0	0	0.152	0.068	0	0.601	0.657
GATA6	HNF1B	9606.ENSP00000269216	9606.ENSP00000480291	0	0	0	0	0.060	0	0	0.628	0.635
GATA6	SMAD4	9606.ENSP00000269216	9606.ENSP00000341551	0	0	0	0	0.055	0.095	0	0.674	0.697
GATA6	SOX2	9606.ENSP00000269216	9606.ENSP00000323588	0	0	0	0	0	0.053	0	0.711	0.715
GMPS	TP53	9606.ENSP00000419851	9606.ENSP00000269305	0	0	0	0	0.042	0.510	0	0.300	0.642
GMPS	KNL1	9606.ENSP00000419851	9606.ENSP00000335463	0.084	0	0	0	0.117	0	0	0.659	0.700
GMPS	PDCD11	9606.ENSP00000419851	9606.ENSP00000358812	0.214	0	0	0	0.413	0	0	0.280	0.638
GMPS	RPL5	9606.ENSP00000419851	9606.ENSP00000359345	0	0	0	0	0.434	0	0	0.351	0.617
GNAQ	PIK3CA	9606.ENSP00000286548	9606.ENSP00000263967	0	0	0	0	0.055	0.292	0.500	0.741	0.901
GNAQ	PRKACA	9606.ENSP00000286548	9606.ENSP00000309591	0	0	0	0	0.072	0	0	0.626	0.638
GNAQ	KIT	9606.ENSP00000286548	9606.ENSP00000288135	0	0	0	0	0.220	0	0	0.741	0.789
GNAQ	PIK3R1	9606.ENSP00000286548	9606.ENSP00000428056	0	0	0	0	0.072	0.292	0.500	0.608	0.854
GNAQ	PLCG2	9606.ENSP00000286548	9606.ENSP00000482457	0	0	0	0	0.054	0	0.900	0.299	0.927
GNAQ	RHOA	9606.ENSP00000286548	9606.ENSP00000400175	0	0	0	0	0.049	0.800	0	0.873	0.973
GPC3	SALL4	9606.ENSP00000377836	9606.ENSP00000217086	0	0	0	0	0.120	0	0	0.705	0.729
GPC3	TP53	9606.ENSP00000377836	9606.ENSP00000269305	0	0	0	0	0	0	0	0.642	0.642
GPC3	PTCH1	9606.ENSP00000377836	9606.ENSP00000332353	0	0	0	0	0.042	0.081	0	0.726	0.738
GPC3	WT1	9606.ENSP00000377836	9606.ENSP00000368370	0	0	0	0	0.044	0	0	0.611	0.612
GPC3	MUC1	9606.ENSP00000377836	9606.ENSP00000484824	0	0	0	0	0	0	0	0.659	0.659
GPHN	MTOR	9606.ENSP00000417901	9606.ENSP00000354558	0	0	0	0	0.093	0.295	0	0.861	0.903
GPS2	NCOR1	9606.ENSP00000379841	9606.ENSP00000268712	0	0	0	0	0.056	0.780	0.900	0.992	0.999
GPS2	TRRAP	9606.ENSP00000379841	9606.ENSP00000352925	0	0	0	0	0.067	0.627	0	0.100	0.659
GPS2	RXRA	9606.ENSP00000379841	9606.ENSP00000419692	0	0	0	0	0.064	0.119	0.500	0.413	0.725
GPS2	NCOR2	9606.ENSP00000379841	9606.ENSP00000384018	0	0	0	0	0.044	0.684	0.900	0.924	0.997
GRIN2A	NTRK2	9606.ENSP00000332549	9606.ENSP00000277120	0	0	0	0	0.179	0	0	0.580	0.640
GRIN2A	SLC1A2	9606.ENSP00000332549	9606.ENSP00000278379	0	0	0	0	0.191	0.071	0	0.734	0.783
GRIN2A	PRKACA	9606.ENSP00000332549	9606.ENSP00000309591	0	0	0	0	0	0.065	0.900	0.431	0.942
GRIN2A	GRM3	9606.ENSP00000332549	9606.ENSP00000355316	0	0	0	0	0.190	0	0	0.924	0.936
GRM3	SLC1A2	9606.ENSP00000355316	9606.ENSP00000278379	0	0	0	0	0.191	0	0	0.584	0.649
GTF2I	SFPQ	9606.ENSP00000460070	9606.ENSP00000349748	0	0	0	0	0.067	0	0	0.626	0.636
GTF2I	HDAC1	9606.ENSP00000460070	9606.ENSP00000362649	0	0	0	0	0.097	0.292	0	0.766	0.837
GTF2I	POU2AF1	9606.ENSP00000460070	9606.ENSP00000376786	0	0	0	0	0	0.292	0	0.539	0.659
GTSE1	TP53	9606.ENSP00000415430	9606.ENSP00000269305	0	0	0	0	0.080	0	0.700	0.779	0.933
GTSE1	MKI67	9606.ENSP00000415430	9606.ENSP00000357643	0	0	0	0	0.766	0	0	0.320	0.834
GTSE1	RAD54L	9606.ENSP00000415430	9606.ENSP00000361043	0.042	0	0	0	0.471	0.071	0	0.286	0.619
GTSE1	TOP2A	9606.ENSP00000415430	9606.ENSP00000411532	0.042	0	0	0	0.541	0	0	0.402	0.714
H1-5	H3C1	9606.ENSP00000330074	9606.ENSP00000480826	0	0	0	0	0.336	0.305	0	0.304	0.651
H1-5	H2AC17	9606.ENSP00000330074	9606.ENSP00000352627	0	0.005	0	0	0.364	0.136	0	0.704	0.823
H2AC17	H3-3B	9606.ENSP00000352627	9606.ENSP00000254810	0	0.024	0	0	0.128	0.914	0	0.284	0.941
H2AC17	KMT2C	9606.ENSP00000352627	9606.ENSP00000262189	0	0	0	0	0	0.841	0	0.056	0.843
H2AC17	TERT	9606.ENSP00000352627	9606.ENSP00000309572	0	0	0	0	0	0.800	0	0.066	0.805
H2AC17	NSD3	9606.ENSP00000352627	9606.ENSP00000313983	0	0	0	0	0	0.913	0	0	0.913
H2AC17	SUZ12	9606.ENSP00000352627	9606.ENSP00000316578	0	0	0	0	0	0.818	0	0.051	0.820
H2AC17	H3C13	9606.ENSP00000352627	9606.ENSP00000333277	0	0.025	0	0	0.258	0.921	0	0.274	0.954
H2AC17	H3C1	9606.ENSP00000352627	9606.ENSP00000480826	0	0.024	0	0	0.476	0.177	0	0.221	0.635
H2AC17	H3C8	9606.ENSP00000352627	9606.ENSP00000484638	0	0.024	0	0	0.476	0.177	0	0.317	0.680
H2AC17	TCEA1	9606.ENSP00000352627	9606.ENSP00000428426	0	0	0	0	0	0.822	0	0.056	0.825
H2AC17	KMT2A	9606.ENSP00000352627	9606.ENSP00000436786	0	0	0	0	0	0.910	0	0	0.910
H2AC17	KMT5A	9606.ENSP00000352627	9606.ENSP00000384629	0	0	0	0	0	0.910	0	0.047	0.911
H3-3B	STAG2	9606.ENSP00000254810	9606.ENSP00000218089	0	0	0	0	0.128	0.058	0.500	0.349	0.696
H3-3B	MSH6	9606.ENSP00000254810	9606.ENSP00000234420	0	0	0	0	0.067	0.188	0	0.576	0.651
H3-3B	MYCN	9606.ENSP00000254810	9606.ENSP00000281043	0	0	0	0	0	0.161	0	0.544	0.601
H3-3B	HIF1A	9606.ENSP00000254810	9606.ENSP00000437955	0	0	0	0	0.088	0	0	0.582	0.602
H3-3B	NSD1	9606.ENSP00000254810	9606.ENSP00000395929	0	0	0	0	0.059	0.151	0	0.558	0.616
H3-3B	PTEN	9606.ENSP00000254810	9606.ENSP00000361021	0	0	0	0	0.064	0.067	0	0.596	0.616
H3-3B	RXRA	9606.ENSP00000254810	9606.ENSP00000419692	0	0	0	0	0.076	0.045	0.500	0.237	0.618
H3-3B	ZNF217	9606.ENSP00000254810	9606.ENSP00000360526	0	0	0	0	0.054	0.099	0.500	0.227	0.626
H3-3B	TERT	9606.ENSP00000254810	9606.ENSP00000309572	0	0	0	0	0.053	0	0	0.626	0.631
H3-3B	SOX2	9606.ENSP00000254810	9606.ENSP00000323588	0	0	0	0	0	0	0	0.635	0.635
H3-3B	MLLT10	9606.ENSP00000254810	9606.ENSP00000307411	0	0	0	0	0.048	0	0	0.633	0.636
H3-3B	SMARCB1	9606.ENSP00000254810	9606.ENSP00000340883	0	0	0	0	0.068	0.278	0	0.538	0.662
H3-3B	HOXA9	9606.ENSP00000254810	9606.ENSP00000343619	0	0	0	0	0	0	0	0.667	0.667
H3-3B	STAG1	9606.ENSP00000254810	9606.ENSP00000372689	0	0	0	0	0.067	0.058	0.500	0.357	0.679
H3-3B	KDM5C	9606.ENSP00000254810	9606.ENSP00000364550	0	0	0	0	0.074	0.242	0	0.601	0.696
H3-3B	NCOR2	9606.ENSP00000254810	9606.ENSP00000384018	0	0	0	0	0.044	0.067	0	0.690	0.699
H3-3B	KDM2B	9606.ENSP00000254810	9606.ENSP00000366271	0	0	0	0	0.042	0.301	0	0.600	0.709
H3-3B	KDM5A	9606.ENSP00000254810	9606.ENSP00000382688	0	0	0	0	0.067	0.242	0	0.631	0.716
H3-3B	SMC1A	9606.ENSP00000254810	9606.ENSP00000323421	0	0	0	0	0.207	0.100	0.500	0.358	0.740
H3-3B	RB1	9606.ENSP00000254810	9606.ENSP00000267163	0	0	0	0	0.060	0	0.500	0.502	0.745
H3-3B	KMT5A	9606.ENSP00000254810	9606.ENSP00000384629	0	0	0	0	0.074	0.151	0.400	0.522	0.745
H3-3B	MEN1	9606.ENSP00000254810	9606.ENSP00000337088	0	0	0	0	0.073	0.069	0.500	0.483	0.747
H3-3B	RAD51	9606.ENSP00000254810	9606.ENSP00000493712	0	0	0	0	0.085	0.096	0	0.733	0.760
H3-3B	RAD21	9606.ENSP00000254810	9606.ENSP00000297338	0	0	0	0	0.152	0	0.500	0.546	0.791
H3-3B	NF1	9606.ENSP00000254810	9606.ENSP00000351015	0	0	0	0	0.061	0	0	0.790	0.795
H3-3B	SMC3	9606.ENSP00000254810	9606.ENSP00000354720	0	0	0	0	0.166	0.118	0.500	0.512	0.796
H3-3B	TRIM24	9606.ENSP00000254810	9606.ENSP00000340507	0	0	0	0	0.063	0.115	0	0.795	0.815
H3-3B	PHF19	9606.ENSP00000254810	9606.ENSP00000483946	0	0	0	0	0.067	0.091	0.500	0.623	0.819
H3-3B	SMARCA2	9606.ENSP00000254810	9606.ENSP00000371638	0	0	0	0	0.056	0.302	0	0.755	0.824
H3-3B	KMT2D	9606.ENSP00000254810	9606.ENSP00000301067	0	0	0	0	0.068	0.268	0.500	0.558	0.829
H3-3B	PHF1	9606.ENSP00000254810	9606.ENSP00000363640	0	0	0	0	0.069	0.091	0.500	0.652	0.833
H3-3B	PARP1	9606.ENSP00000254810	9606.ENSP00000355759	0	0	0	0	0.067	0.574	0	0.626	0.838
H3-3B	PML	9606.ENSP00000254810	9606.ENSP00000268058	0	0	0	0	0.042	0.339	0.500	0.567	0.844
H3-3B	SETD1B	9606.ENSP00000254810	9606.ENSP00000474253	0	0	0	0	0.060	0.303	0	0.782	0.845
H3-3B	NCOR1	9606.ENSP00000254810	9606.ENSP00000268712	0	0	0	0	0.076	0.067	0.500	0.698	0.852
H3-3B	H3C8	9606.ENSP00000254810	9606.ENSP00000484638	0	0	0.048	0.984	0	0.854	0	0.042	0.855
H3-3B	KDM4C	9606.ENSP00000254810	9606.ENSP00000370710	0	0	0	0	0	0.110	0.500	0.702	0.856
H3-3B	TP53	9606.ENSP00000254810	9606.ENSP00000269305	0	0	0	0	0.047	0	0	0.864	0.865
H3-3B	H3C1	9606.ENSP00000254810	9606.ENSP00000480826	0	0	0.048	0.984	0.049	0.883	0	0.042	0.886
H3-3B	KMT2C	9606.ENSP00000254810	9606.ENSP00000262189	0	0	0	0	0.067	0.280	0.500	0.787	0.919
H3-3B	SETD1A	9606.ENSP00000254810	9606.ENSP00000262519	0	0	0	0	0.078	0.303	0	0.892	0.924
H3-3B	TONSL	9606.ENSP00000254810	9606.ENSP00000386239	0	0	0	0	0.067	0.915	0	0.137	0.926
H3-3B	H3C13	9606.ENSP00000254810	9606.ENSP00000333277	0	0	0.048	0.984	0.379	0.886	0.400	0.043	0.954
H3-3B	SUZ12	9606.ENSP00000254810	9606.ENSP00000316578	0	0	0	0	0.062	0.366	0.500	0.888	0.962
H3-3B	KDM6A	9606.ENSP00000254810	9606.ENSP00000367203	0	0	0	0	0.080	0.579	0.500	0.830	0.962
H3-3B	TP53BP1	9606.ENSP00000254810	9606.ENSP00000371475	0	0	0	0	0.058	0.066	0	0.963	0.964
H3-3B	NSD3	9606.ENSP00000254810	9606.ENSP00000313983	0	0	0	0	0.059	0.911	0	0.672	0.970
H3-3B	TRIM33	9606.ENSP00000254810	9606.ENSP00000351250	0	0	0	0	0.054	0.907	0	0.720	0.973
H3-3B	KAT6B	9606.ENSP00000254810	9606.ENSP00000287239	0	0	0	0	0.044	0.917	0	0.730	0.977
H3-3B	ING1	9606.ENSP00000254810	9606.ENSP00000364929	0	0	0	0	0.049	0.910	0	0.803	0.981
H3-3B	SETDB1	9606.ENSP00000254810	9606.ENSP00000271640	0	0	0	0	0.099	0.911	0	0.802	0.982
H3-3B	SMARCA4	9606.ENSP00000254810	9606.ENSP00000343896	0	0	0	0	0.067	0.854	0	0.888	0.983
H3-3B	SETD2	9606.ENSP00000254810	9606.ENSP00000386759	0	0	0	0	0.099	0.938	0	0.752	0.985
H3-3B	KMT2A	9606.ENSP00000254810	9606.ENSP00000436786	0	0	0	0	0.066	0.934	0.500	0.592	0.985
H3-3B	HDAC1	9606.ENSP00000254810	9606.ENSP00000362649	0	0	0	0	0.095	0.217	0.500	0.965	0.986
H3-3B	KAT6A	9606.ENSP00000254810	9606.ENSP00000265713	0	0	0	0	0.118	0.917	0	0.890	0.991
H3-3B	PBRM1	9606.ENSP00000254810	9606.ENSP00000386593	0	0	0	0	0.068	0.926	0	0.898	0.992
H3-3B	MLLT3	9606.ENSP00000254810	9606.ENSP00000369695	0	0	0	0	0	0.950	0	0.909	0.995
H3C1	PARP2	9606.ENSP00000480826	9606.ENSP00000250416	0	0	0	0	0.051	0.643	0	0.054	0.651
H3C1	SETD1A	9606.ENSP00000480826	9606.ENSP00000262519	0	0	0	0	0.058	0.727	0	0.131	0.757
H3C1	KAT6A	9606.ENSP00000480826	9606.ENSP00000265713	0	0	0	0	0	0.967	0	0.091	0.969
H3C1	TP53	9606.ENSP00000480826	9606.ENSP00000269305	0	0	0	0	0.047	0.800	0	0.319	0.858
H3C1	SETDB1	9606.ENSP00000480826	9606.ENSP00000271640	0	0	0	0	0.058	0.964	0	0.072	0.967
H3C1	KAT6B	9606.ENSP00000480826	9606.ENSP00000287239	0	0	0	0	0	0.917	0	0.091	0.922
H3C1	NPM1	9606.ENSP00000480826	9606.ENSP00000296930	0	0	0	0	0.085	0.794	0	0.066	0.809
H3C1	NSD3	9606.ENSP00000480826	9606.ENSP00000313983	0	0	0	0	0.059	0.967	0	0.072	0.969
H3C1	SOX2	9606.ENSP00000480826	9606.ENSP00000323588	0	0	0	0	0	0.800	0	0.069	0.805
H3C1	H3C13	9606.ENSP00000480826	9606.ENSP00000333277	0	0	0.048	0.985	0.242	0.927	0	0.375	0.962
H3C1	MEN1	9606.ENSP00000480826	9606.ENSP00000337088	0	0	0	0	0	0.609	0	0.057	0.616
H3C1	TRIM24	9606.ENSP00000480826	9606.ENSP00000340507	0	0	0	0	0	0.978	0	0.051	0.979
H3C1	SMARCB1	9606.ENSP00000480826	9606.ENSP00000340883	0	0	0	0	0	0.849	0	0.115	0.861
H3C1	SMARCA4	9606.ENSP00000480826	9606.ENSP00000343896	0	0	0	0	0	0.968	0	0.095	0.970
H3C1	TRIM33	9606.ENSP00000480826	9606.ENSP00000351250	0	0	0	0	0	0.907	0	0.051	0.908
H3C1	PARP1	9606.ENSP00000480826	9606.ENSP00000355759	0	0	0	0	0.053	0.667	0	0.054	0.676
H3C1	HDAC1	9606.ENSP00000480826	9606.ENSP00000362649	0	0	0	0	0.054	0.664	0	0.131	0.700
H3C1	PHF1	9606.ENSP00000480826	9606.ENSP00000363640	0	0	0	0	0.067	0.951	0	0.077	0.955
H3C1	ING1	9606.ENSP00000480826	9606.ENSP00000364929	0	0	0	0	0.049	0.910	0	0.081	0.915
H3C1	KDM2B	9606.ENSP00000480826	9606.ENSP00000366271	0	0	0	0	0	0.726	0	0.108	0.745
H3C1	KDM6A	9606.ENSP00000480826	9606.ENSP00000367203	0	0	0	0	0.068	0.784	0	0.116	0.807
H3C1	MLLT3	9606.ENSP00000480826	9606.ENSP00000369695	0	0	0	0	0	0.950	0	0.111	0.954
H3C1	TP53BP1	9606.ENSP00000480826	9606.ENSP00000371475	0	0	0	0	0	0.947	0	0.091	0.950
H3C1	KMT5A	9606.ENSP00000480826	9606.ENSP00000384629	0	0	0	0	0.068	0.928	0	0.072	0.932
H3C1	TONSL	9606.ENSP00000480826	9606.ENSP00000386239	0	0	0	0	0.066	0.635	0	0.074	0.657
H3C1	PBRM1	9606.ENSP00000480826	9606.ENSP00000386593	0	0	0	0	0	0.976	0	0.116	0.978
H3C1	SETD2	9606.ENSP00000480826	9606.ENSP00000386759	0	0	0	0	0.058	0.954	0	0.160	0.961
H3C1	NSD1	9606.ENSP00000480826	9606.ENSP00000395929	0	0	0	0	0.059	0.620	0	0.072	0.639
H3C1	KMT2A	9606.ENSP00000480826	9606.ENSP00000436786	0	0	0	0	0.058	0.987	0	0.072	0.988
H3C1	H3C8	9606.ENSP00000480826	9606.ENSP00000484638	0	0	0.048	0.985	0.393	0.900	0	0	0.937
H3C13	STAG2	9606.ENSP00000333277	9606.ENSP00000218089	0	0	0	0	0.097	0.058	0.500	0.321	0.672
H3C13	PARP2	9606.ENSP00000333277	9606.ENSP00000250416	0	0	0	0	0.051	0.462	0	0.324	0.624
H3C13	KMT2C	9606.ENSP00000333277	9606.ENSP00000262189	0	0	0	0	0.062	0.847	0.500	0.786	0.982
H3C13	SETD1A	9606.ENSP00000333277	9606.ENSP00000262519	0	0	0	0	0.072	0.303	0.500	0.884	0.957
H3C13	KAT6A	9606.ENSP00000333277	9606.ENSP00000265713	0	0	0	0	0	0.917	0.400	0.890	0.994
H3C13	RB1	9606.ENSP00000333277	9606.ENSP00000267163	0	0	0	0	0.060	0	0.500	0.498	0.743
H3C13	PML	9606.ENSP00000333277	9606.ENSP00000268058	0	0	0	0	0.042	0.106	0.500	0.555	0.784
H3C13	NCOR1	9606.ENSP00000333277	9606.ENSP00000268712	0	0	0	0	0.067	0.067	0.500	0.700	0.852
H3C13	TP53	9606.ENSP00000333277	9606.ENSP00000269305	0	0	0	0	0.047	0	0	0.863	0.863
H3C13	SETDB1	9606.ENSP00000333277	9606.ENSP00000271640	0	0	0	0	0.096	0.934	0.400	0.803	0.992
H3C13	KAT6B	9606.ENSP00000333277	9606.ENSP00000287239	0	0	0	0	0	0.917	0.400	0.730	0.985
H3C13	STAT5B	9606.ENSP00000333277	9606.ENSP00000293328	0	0	0	0	0.057	0	0.500	0.397	0.691
H3C13	RAD21	9606.ENSP00000333277	9606.ENSP00000297338	0	0	0	0	0.121	0	0.500	0.546	0.783
H3C13	KMT2D	9606.ENSP00000333277	9606.ENSP00000301067	0	0	0	0	0.068	0.268	0.500	0.553	0.827
H3C13	MLLT10	9606.ENSP00000333277	9606.ENSP00000307411	0	0	0	0	0.048	0	0	0.627	0.629
H3C13	REST	9606.ENSP00000333277	9606.ENSP00000311816	0	0	0	0	0	0.334	0.400	0.448	0.760
H3C13	NSD3	9606.ENSP00000333277	9606.ENSP00000313983	0	0	0	0	0.059	0.911	0.400	0.670	0.981
H3C13	SUZ12	9606.ENSP00000333277	9606.ENSP00000316578	0	0	0	0	0.054	0.849	0.500	0.887	0.990
H3C13	KDM5D	9606.ENSP00000333277	9606.ENSP00000322408	0	0	0	0	0.067	0.242	0.400	0.444	0.732
H3C13	SMC1A	9606.ENSP00000333277	9606.ENSP00000323421	0	0	0	0	0.145	0.100	0.500	0.354	0.718
H3C13	SOX2	9606.ENSP00000333277	9606.ENSP00000323588	0	0	0	0	0	0.800	0	0.633	0.923
H3C13	SETD3	9606.ENSP00000333277	9606.ENSP00000327436	0	0	0	0	0.058	0.078	0.400	0.346	0.614
H3C13	PTEN	9606.ENSP00000333277	9606.ENSP00000361021	0	0	0	0	0	0.067	0	0.589	0.600
H3C13	RXRA	9606.ENSP00000333277	9606.ENSP00000419692	0	0	0	0	0.067	0.045	0.500	0.229	0.610
H3C13	ZNF217	9606.ENSP00000333277	9606.ENSP00000360526	0	0	0	0	0.054	0.099	0.500	0.224	0.625
H3C13	HOXA9	9606.ENSP00000333277	9606.ENSP00000343619	0	0	0	0	0	0	0	0.667	0.667
H3C13	LMNA	9606.ENSP00000333277	9606.ENSP00000357283	0	0	0	0	0.067	0.405	0	0.463	0.676
H3C13	STAG1	9606.ENSP00000333277	9606.ENSP00000372689	0	0	0	0	0.064	0.058	0.500	0.360	0.680
H3C13	STAT5A	9606.ENSP00000333277	9606.ENSP00000341208	0	0	0	0	0.057	0	0.500	0.410	0.697
H3C13	TRRAP	9606.ENSP00000333277	9606.ENSP00000352925	0	0	0	0	0.049	0.267	0.400	0.397	0.714
H3C13	PARP1	9606.ENSP00000333277	9606.ENSP00000355759	0	0	0	0	0.066	0.282	0	0.626	0.727
H3C13	MEN1	9606.ENSP00000333277	9606.ENSP00000337088	0	0	0	0	0.063	0.069	0.500	0.456	0.731
H3C13	KMT2B	9606.ENSP00000333277	9606.ENSP00000398837	0	0	0	0	0.058	0.151	0.500	0.424	0.738
H3C13	NSD1	9606.ENSP00000333277	9606.ENSP00000395929	0	0	0	0	0.059	0.151	0.400	0.542	0.751
H3C13	RAD51	9606.ENSP00000333277	9606.ENSP00000493712	0	0	0	0	0.085	0.096	0	0.731	0.758
H3C13	SMARCB1	9606.ENSP00000333277	9606.ENSP00000340883	0	0	0	0	0.058	0.278	0.400	0.482	0.760
H3C13	NF1	9606.ENSP00000333277	9606.ENSP00000351015	0	0	0	0	0.061	0	0	0.754	0.760
H3C13	SMC3	9606.ENSP00000333277	9606.ENSP00000354720	0	0	0	0	0.143	0.118	0.500	0.512	0.791
H3C13	KDM4C	9606.ENSP00000333277	9606.ENSP00000370710	0	0	0	0	0	0.095	0.500	0.590	0.798
H3C13	NCOR2	9606.ENSP00000333277	9606.ENSP00000384018	0	0	0	0	0.042	0.067	0.400	0.690	0.811
H3C13	PHF19	9606.ENSP00000333277	9606.ENSP00000483946	0	0	0	0	0.067	0.091	0.500	0.623	0.819
H3C13	KDM2B	9606.ENSP00000333277	9606.ENSP00000366271	0	0	0	0	0	0.414	0.400	0.600	0.847
H3C13	KDM5A	9606.ENSP00000333277	9606.ENSP00000382688	0	0	0	0	0.067	0.440	0.400	0.629	0.868
H3C13	SMARCA2	9606.ENSP00000333277	9606.ENSP00000371638	0	0	0	0	0.055	0.302	0.400	0.747	0.886
H3C13	TCEA1	9606.ENSP00000333277	9606.ENSP00000428426	0	0	0	0	0.074	0.827	0	0.364	0.889
H3C13	SETD1B	9606.ENSP00000333277	9606.ENSP00000474253	0	0	0	0	0.058	0.303	0.500	0.787	0.921
H3C13	KDM5C	9606.ENSP00000333277	9606.ENSP00000364550	0	0	0	0	0.069	0.703	0.400	0.598	0.924
H3C13	SMARCA4	9606.ENSP00000333277	9606.ENSP00000343896	0	0	0	0	0.056	0.302	0.400	0.881	0.946
H3C13	KDM6A	9606.ENSP00000333277	9606.ENSP00000367203	0	0	0	0	0.068	0.579	0.500	0.804	0.956
H3C13	H3C8	9606.ENSP00000333277	9606.ENSP00000484638	0	0	0.048	0.985	0.182	0.927	0	0.375	0.959
H3C13	KMT5A	9606.ENSP00000333277	9606.ENSP00000384629	0	0	0	0	0.068	0.911	0.400	0.522	0.973
H3C13	TRIM33	9606.ENSP00000333277	9606.ENSP00000351250	0	0	0	0	0.054	0.907	0	0.716	0.973
H3C13	KMT2A	9606.ENSP00000333277	9606.ENSP00000436786	0	0	0	0	0.070	0.911	0.500	0.589	0.980
H3C13	TRIM24	9606.ENSP00000333277	9606.ENSP00000340507	0	0	0	0	0.065	0.907	0	0.793	0.980
H3C13	ING1	9606.ENSP00000333277	9606.ENSP00000364929	0	0	0	0	0	0.910	0	0.807	0.982
H3C13	HDAC1	9606.ENSP00000333277	9606.ENSP00000362649	0	0	0	0	0.077	0.140	0.500	0.966	0.984
H3C13	PHF1	9606.ENSP00000333277	9606.ENSP00000363640	0	0	0	0	0.067	0.905	0.500	0.705	0.985
H3C13	MLLT3	9606.ENSP00000333277	9606.ENSP00000369695	0	0	0	0	0	0.908	0	0.909	0.991
H3C13	TP53BP1	9606.ENSP00000333277	9606.ENSP00000371475	0	0	0	0	0.055	0.805	0	0.961	0.992
H3C13	PBRM1	9606.ENSP00000333277	9606.ENSP00000386593	0	0	0	0	0.058	0.926	0.400	0.897	0.995
H3C13	SETD2	9606.ENSP00000333277	9606.ENSP00000386759	0	0	0	0	0.083	0.938	0.750	0.734	0.995
H3C8	KAT6A	9606.ENSP00000484638	9606.ENSP00000265713	0	0	0	0	0	0.917	0	0.091	0.922
H3C8	TP53	9606.ENSP00000484638	9606.ENSP00000269305	0	0	0	0	0.047	0.800	0	0.322	0.859
H3C8	SETDB1	9606.ENSP00000484638	9606.ENSP00000271640	0	0	0	0	0.058	0.911	0	0.072	0.915
H3C8	KAT6B	9606.ENSP00000484638	9606.ENSP00000287239	0	0	0	0	0	0.917	0	0.091	0.922
H3C8	NSD3	9606.ENSP00000484638	9606.ENSP00000313983	0	0	0	0	0.059	0.911	0	0.072	0.915
H3C8	SOX2	9606.ENSP00000484638	9606.ENSP00000323588	0	0	0	0	0.054	0.800	0	0.069	0.808
H3C8	TRIM24	9606.ENSP00000484638	9606.ENSP00000340507	0	0	0	0	0	0.950	0	0.051	0.951
H3C8	SMARCB1	9606.ENSP00000484638	9606.ENSP00000340883	0	0	0	0	0	0.849	0	0.151	0.866
H3C8	SMARCA4	9606.ENSP00000484638	9606.ENSP00000343896	0	0	0	0	0	0.927	0	0.121	0.933
H3C8	TRIM33	9606.ENSP00000484638	9606.ENSP00000351250	0	0	0	0	0	0.907	0	0.051	0.908
H3C8	PHF1	9606.ENSP00000484638	9606.ENSP00000363640	0	0	0	0	0.067	0.930	0	0.074	0.934
H3C8	ING1	9606.ENSP00000484638	9606.ENSP00000364929	0	0	0	0	0.049	0.910	0	0.081	0.915
H3C8	KDM6A	9606.ENSP00000484638	9606.ENSP00000367203	0	0	0	0	0.068	0.579	0	0.116	0.623
H3C8	MLLT3	9606.ENSP00000484638	9606.ENSP00000369695	0	0	0	0	0	0.908	0	0.108	0.915
H3C8	TP53BP1	9606.ENSP00000484638	9606.ENSP00000371475	0	0	0	0	0	0.902	0	0.091	0.907
H3C8	KMT5A	9606.ENSP00000484638	9606.ENSP00000384629	0	0	0	0	0.070	0.911	0	0.072	0.917
H3C8	PBRM1	9606.ENSP00000484638	9606.ENSP00000386593	0	0	0	0	0	0.926	0	0.116	0.932
H3C8	SETD2	9606.ENSP00000484638	9606.ENSP00000386759	0	0	0	0	0.058	0.938	0	0.160	0.947
H3C8	KMT2A	9606.ENSP00000484638	9606.ENSP00000436786	0	0	0	0	0.058	0.911	0	0.072	0.915
HDAC1	SALL4	9606.ENSP00000362649	9606.ENSP00000217086	0	0	0	0	0.067	0.369	0.500	0.315	0.771
HDAC1	IRF1	9606.ENSP00000362649	9606.ENSP00000245414	0	0	0	0	0.057	0.093	0.900	0.848	0.985
HDAC1	VHL	9606.ENSP00000362649	9606.ENSP00000256474	0	0	0	0	0.067	0.510	0	0.229	0.616
HDAC1	TBX3	9606.ENSP00000362649	9606.ENSP00000257566	0	0	0	0	0.058	0.328	0	0.541	0.685
HDAC1	KMT2C	9606.ENSP00000362649	9606.ENSP00000262189	0	0	0	0	0.069	0.069	0.500	0.327	0.669
HDAC1	SETD1A	9606.ENSP00000362649	9606.ENSP00000262519	0.042	0	0	0	0.085	0.127	0.500	0.570	0.805
HDAC1	MECOM	9606.ENSP00000362649	9606.ENSP00000264674	0	0	0	0	0	0.633	0.900	0.222	0.968
HDAC1	KAT6A	9606.ENSP00000362649	9606.ENSP00000265713	0	0	0	0	0.056	0.185	0.400	0.578	0.779
HDAC1	RB1	9606.ENSP00000362649	9606.ENSP00000267163	0	0	0	0	0.085	0.987	0.900	0.962	0.999
HDAC1	PML	9606.ENSP00000362649	9606.ENSP00000268058	0	0	0	0	0.074	0.785	0.400	0.290	0.903
HDAC1	NCOR1	9606.ENSP00000362649	9606.ENSP00000268712	0	0	0	0	0.081	0.435	0.800	0.996	0.999
HDAC1	TP53	9606.ENSP00000362649	9606.ENSP00000269305	0	0	0	0	0.109	0.924	0.500	0.994	0.999
HDAC1	MEF2D	9606.ENSP00000362649	9606.ENSP00000271555	0	0	0	0	0.094	0.334	0	0.580	0.724
HDAC1	SETDB1	9606.ENSP00000362649	9606.ENSP00000271640	0.042	0	0	0	0.145	0.553	0	0.980	0.992
HDAC1	MYCN	9606.ENSP00000362649	9606.ENSP00000281043	0	0	0	0	0	0.510	0	0.832	0.914
HDAC1	KMT2D	9606.ENSP00000362649	9606.ENSP00000301067	0	0	0	0	0.079	0.069	0.500	0.287	0.653
HDAC1	TERT	9606.ENSP00000362649	9606.ENSP00000309572	0	0	0	0	0	0	0.500	0.403	0.688
HDAC1	PRKACA	9606.ENSP00000362649	9606.ENSP00000309591	0	0	0	0	0.042	0.510	0	0.359	0.673
HDAC1	REST	9606.ENSP00000362649	9606.ENSP00000311816	0	0	0	0	0.049	0.535	0.800	0.948	0.994
HDAC1	STAT2	9606.ENSP00000362649	9606.ENSP00000315768	0	0	0	0	0.044	0.077	0	0.905	0.909
HDAC1	NUP98	9606.ENSP00000362649	9606.ENSP00000316032	0	0	0	0	0.111	0.300	0	0.496	0.659
HDAC1	SUZ12	9606.ENSP00000362649	9606.ENSP00000316578	0	0	0	0	0.089	0.651	0.500	0.781	0.960
HDAC1	SOX2	9606.ENSP00000362649	9606.ENSP00000323588	0	0	0	0	0	0.658	0	0.907	0.966
HDAC1	PHF6	9606.ENSP00000362649	9606.ENSP00000329097	0.042	0	0	0	0.162	0.355	0	0.472	0.691
HDAC1	IKZF1	9606.ENSP00000362649	9606.ENSP00000331614	0	0	0	0	0.042	0.769	0	0.947	0.987
HDAC1	SMAD3	9606.ENSP00000362649	9606.ENSP00000332973	0	0	0	0	0.071	0.481	0.500	0.928	0.980
HDAC1	MEN1	9606.ENSP00000362649	9606.ENSP00000337088	0	0	0	0	0.104	0.292	0.500	0.227	0.722
HDAC1	ZBTB16	9606.ENSP00000362649	9606.ENSP00000338157	0	0	0	0	0	0.880	0	0.593	0.949
HDAC1	MEF2C	9606.ENSP00000362649	9606.ENSP00000340874	0	0	0	0	0.053	0.099	0	0.855	0.865
HDAC1	SMARCB1	9606.ENSP00000362649	9606.ENSP00000340883	0	0	0	0	0.168	0.323	0	0.890	0.932
HDAC1	SMAD4	9606.ENSP00000362649	9606.ENSP00000341551	0	0	0	0	0.068	0.516	0.500	0.893	0.972
HDAC1	HOXA9	9606.ENSP00000362649	9606.ENSP00000343619	0	0	0	0	0	0.201	0	0.605	0.670
HDAC1	SMARCA4	9606.ENSP00000362649	9606.ENSP00000343896	0	0	0	0	0.247	0.731	0.500	0.907	0.989
HDAC1	IKZF3	9606.ENSP00000362649	9606.ENSP00000344544	0	0	0	0	0	0.328	0	0.521	0.664
HDAC1	SFPQ	9606.ENSP00000362649	9606.ENSP00000349748	0	0	0	0	0.441	0.735	0	0.510	0.921
HDAC1	NF1	9606.ENSP00000362649	9606.ENSP00000351015	0	0	0	0	0.087	0.070	0	0.604	0.634
HDAC1	TRRAP	9606.ENSP00000362649	9606.ENSP00000352925	0	0	0	0	0.075	0.091	0.500	0.350	0.690
HDAC1	PARP1	9606.ENSP00000362649	9606.ENSP00000355759	0	0	0	0	0.124	0.647	0	0.701	0.900
HDAC1	PRDM1	9606.ENSP00000362649	9606.ENSP00000358092	0	0	0	0	0	0.510	0	0.579	0.785
HDAC1	RUNX2	9606.ENSP00000362649	9606.ENSP00000360493	0	0	0	0	0	0.636	0	0.681	0.879
HDAC1	ZNF217	9606.ENSP00000362649	9606.ENSP00000360526	0	0	0	0	0.072	0.583	0	0.970	0.987
HDAC1	PHF1	9606.ENSP00000362649	9606.ENSP00000363640	0	0	0	0	0.051	0.526	0	0.249	0.633
HDAC1	KMT2B	9606.ENSP00000362649	9606.ENSP00000398837	0.042	0	0	0	0.067	0.127	0.500	0.219	0.640
HDAC1	SETD2	9606.ENSP00000362649	9606.ENSP00000386759	0.042	0	0	0	0.085	0.203	0	0.587	0.673
HDAC1	TCF12	9606.ENSP00000362649	9606.ENSP00000388940	0	0	0	0	0.049	0	0	0.702	0.705
HDAC1	SETD1B	9606.ENSP00000362649	9606.ENSP00000474253	0.042	0	0	0	0.060	0.127	0.500	0.367	0.706
HDAC1	SPEN	9606.ENSP00000362649	9606.ENSP00000364912	0	0	0	0	0.061	0.292	0	0.640	0.739
HDAC1	RXRA	9606.ENSP00000362649	9606.ENSP00000419692	0	0	0	0	0.127	0.045	0.650	0.261	0.755
HDAC1	NFATC2	9606.ENSP00000362649	9606.ENSP00000379330	0	0	0	0	0.097	0.137	0	0.743	0.782
HDAC1	NOTCH1	9606.ENSP00000362649	9606.ENSP00000498587	0	0	0	0	0.056	0.331	0.500	0.413	0.790
HDAC1	TRIM27	9606.ENSP00000362649	9606.ENSP00000366404	0	0	0	0	0.083	0.477	0	0.623	0.803
HDAC1	TOP2A	9606.ENSP00000362649	9606.ENSP00000411532	0	0	0	0	0.107	0.511	0	0.598	0.809
HDAC1	KMT2A	9606.ENSP00000362649	9606.ENSP00000436786	0.042	0	0	0	0.072	0.420	0.500	0.373	0.809
HDAC1	SMARCA2	9606.ENSP00000362649	9606.ENSP00000371638	0	0	0	0	0.087	0.516	0	0.684	0.848
HDAC1	TET2	9606.ENSP00000362649	9606.ENSP00000442788	0	0	0	0	0	0.095	0	0.875	0.882
HDAC1	KDM5A	9606.ENSP00000362649	9606.ENSP00000382688	0	0	0	0	0.063	0.677	0	0.772	0.925
HDAC1	TET1	9606.ENSP00000362649	9606.ENSP00000362748	0	0	0	0	0	0.095	0.540	0.892	0.951
HDAC1	KDM5C	9606.ENSP00000362649	9606.ENSP00000364550	0	0	0	0	0.113	0.342	0	0.952	0.969
HDAC1	TLE3	9606.ENSP00000362649	9606.ENSP00000452871	0	0	0	0	0.067	0.495	0.500	0.934	0.982
HDAC1	HIF1A	9606.ENSP00000362649	9606.ENSP00000437955	0	0	0	0	0	0.790	0	0.926	0.983
HDAC1	ING1	9606.ENSP00000362649	9606.ENSP00000364929	0	0	0	0	0.053	0.907	0.540	0.951	0.997
HDAC1	NCOR2	9606.ENSP00000362649	9606.ENSP00000384018	0	0	0	0	0.049	0.701	0.800	0.995	0.999
HERPUD1	XBP1	9606.ENSP00000409555	9606.ENSP00000216037	0	0	0	0	0.274	0	0	0.766	0.823
HEY1	NOTCH2	9606.ENSP00000338272	9606.ENSP00000256646	0	0	0	0	0	0.071	0	0.781	0.788
HEY1	NOTCH3	9606.ENSP00000338272	9606.ENSP00000263388	0	0	0	0	0.056	0.071	0.500	0.784	0.892
HEY1	TP53	9606.ENSP00000338272	9606.ENSP00000269305	0	0	0	0	0	0.510	0	0.419	0.703
HEY1	SMAD3	9606.ENSP00000338272	9606.ENSP00000332973	0	0	0	0	0	0.132	0	0.588	0.627
HEY1	NCOA2	9606.ENSP00000338272	9606.ENSP00000399968	0	0	0	0	0	0.089	0	0.669	0.686
HEY1	RUNX2	9606.ENSP00000338272	9606.ENSP00000360493	0	0	0	0	0	0	0.500	0.788	0.889
HEY1	NOTCH4	9606.ENSP00000338272	9606.ENSP00000364163	0	0	0	0	0.120	0.071	0.400	0.841	0.911
HEY1	NOTCH1	9606.ENSP00000338272	9606.ENSP00000498587	0	0	0	0	0.056	0.450	0.500	0.881	0.965
HFE	SMAD4	9606.ENSP00000417404	9606.ENSP00000341551	0	0	0	0	0	0	0	0.648	0.648
HIF1A	XBP1	9606.ENSP00000437955	9606.ENSP00000216037	0	0	0	0	0.049	0.292	0	0.984	0.988
HIF1A	NFKBIA	9606.ENSP00000437955	9606.ENSP00000216797	0	0	0	0	0.073	0	0	0.726	0.735
HIF1A	RPS6KB1	9606.ENSP00000437955	9606.ENSP00000225577	0	0	0	0	0.106	0	0	0.710	0.730
HIF1A	IRF1	9606.ENSP00000437955	9606.ENSP00000245414	0	0	0	0	0.062	0.068	0	0.676	0.692
HIF1A	VHL	9606.ENSP00000437955	9606.ENSP00000256474	0	0	0	0	0.042	0.999	0.900	0.998	0.999
HIF1A	KDR	9606.ENSP00000437955	9606.ENSP00000263923	0	0	0	0	0.069	0	0	0.778	0.785
HIF1A	TP53	9606.ENSP00000437955	9606.ENSP00000269305	0	0	0	0	0	0.847	0	0.994	0.999
HIF1A	KIT	9606.ENSP00000437955	9606.ENSP00000288135	0	0	0	0	0.105	0	0	0.581	0.609
HIF1A	LRRK2	9606.ENSP00000437955	9606.ENSP00000298910	0	0	0	0	0.060	0.314	0.500	0.255	0.728
HIF1A	STAT6	9606.ENSP00000437955	9606.ENSP00000300134	0	0	0	0	0	0.045	0.500	0.507	0.744
HIF1A	TERT	9606.ENSP00000437955	9606.ENSP00000309572	0	0	0	0	0.055	0	0	0.698	0.702
HIF1A	PRKACA	9606.ENSP00000437955	9606.ENSP00000309591	0	0	0	0	0	0.300	0	0.464	0.608
HIF1A	MET	9606.ENSP00000437955	9606.ENSP00000317272	0	0	0	0	0.066	0.071	0	0.618	0.639
HIF1A	NQO1	9606.ENSP00000437955	9606.ENSP00000319788	0	0	0	0	0.042	0.312	0	0.794	0.852
HIF1A	SOX2	9606.ENSP00000437955	9606.ENSP00000323588	0	0	0	0	0.051	0.095	0.400	0.585	0.758
HIF1A	STK11	9606.ENSP00000437955	9606.ENSP00000324856	0	0	0	0	0.055	0.180	0	0.582	0.648
HIF1A	PGR	9606.ENSP00000437955	9606.ENSP00000325120	0	0	0	0	0.067	0.071	0	0.699	0.717
HIF1A	SMAD3	9606.ENSP00000437955	9606.ENSP00000332973	0	0	0	0	0.044	0.784	0	0.888	0.975
HIF1A	SMAD4	9606.ENSP00000437955	9606.ENSP00000341551	0	0	0	0	0.060	0	0	0.704	0.710
HIF1A	SMARCA4	9606.ENSP00000437955	9606.ENSP00000343896	0	0	0	0	0	0.226	0	0.648	0.715
HIF1A	MTOR	9606.ENSP00000437955	9606.ENSP00000354558	0	0	0	0	0	0.069	0	0.782	0.789
HIF1A	PARP1	9606.ENSP00000437955	9606.ENSP00000355759	0	0	0	0	0.057	0.292	0	0.596	0.707
HIF1A	PRDM1	9606.ENSP00000437955	9606.ENSP00000358092	0	0	0	0	0.084	0	0	0.581	0.600
HIF1A	XIAP	9606.ENSP00000437955	9606.ENSP00000360242	0	0	0	0	0.054	0	0	0.677	0.681
HIF1A	RUNX2	9606.ENSP00000437955	9606.ENSP00000360493	0	0	0	0	0.049	0.292	0	0.787	0.844
HIF1A	PTEN	9606.ENSP00000437955	9606.ENSP00000361021	0	0	0	0	0.060	0	0	0.827	0.830
HIF1A	IRF4	9606.ENSP00000437955	9606.ENSP00000370343	0	0	0	0	0.057	0.068	0	0.683	0.697
HIF1A	KDM4C	9606.ENSP00000437955	9606.ENSP00000370710	0	0	0	0	0	0.292	0	0.937	0.953
HIF1A	IGF1	9606.ENSP00000437955	9606.ENSP00000376637	0	0	0	0	0.042	0	0	0.698	0.698
HIF1A	KEAP1	9606.ENSP00000437955	9606.ENSP00000377245	0	0	0	0	0.043	0.292	0	0.591	0.699
HIF1A	SEPTIN9	9606.ENSP00000437955	9606.ENSP00000391249	0	0	0	0	0.055	0.735	0	0.685	0.914
HIF1A	NCOA2	9606.ENSP00000437955	9606.ENSP00000399968	0	0	0	0.554	0.047	0.284	0	0.528	0.649
HIF1A	NDRG1	9606.ENSP00000437955	9606.ENSP00000404854	0	0	0	0	0.096	0	0	0.619	0.641
HIF1A	IL10	9606.ENSP00000437955	9606.ENSP00000412237	0	0	0	0	0.048	0	0	0.749	0.751
HIF1A	WWTR1	9606.ENSP00000437955	9606.ENSP00000419465	0	0	0	0	0.066	0.292	0	0.461	0.612
HIF1A	NTRK1	9606.ENSP00000437955	9606.ENSP00000431418	0	0	0	0	0	0.071	0	0.650	0.661
HIF1A	MUC1	9606.ENSP00000437955	9606.ENSP00000484824	0	0	0	0	0.065	0.292	0	0.659	0.755
HIF1A	NOTCH1	9606.ENSP00000437955	9606.ENSP00000498587	0	0	0	0	0.042	0.292	0.900	0.917	0.993
HLF	TCF3	9606.ENSP00000226067	9606.ENSP00000262965	0	0	0	0	0.044	0	0	0.747	0.748
HNF1B	PAX8	9606.ENSP00000480291	9606.ENSP00000263334	0	0	0	0	0.191	0.292	0	0.514	0.697
HNF1B	TP53	9606.ENSP00000480291	9606.ENSP00000269305	0	0	0	0	0	0	0	0.630	0.630
HNF1B	JAZF1	9606.ENSP00000480291	9606.ENSP00000283928	0	0	0	0	0	0	0	0.672	0.672
HOOK3	NIN	9606.ENSP00000305699	9606.ENSP00000371472	0	0	0	0	0.146	0.091	0	0.735	0.776
HOXA9	KAT6A	9606.ENSP00000343619	9606.ENSP00000265713	0	0	0	0	0	0.314	0	0.712	0.794
HOXA9	MSI2	9606.ENSP00000343619	9606.ENSP00000284073	0	0	0	0	0	0	0	0.916	0.916
HOXA9	MLLT10	9606.ENSP00000343619	9606.ENSP00000307411	0	0	0	0	0	0	0	0.768	0.768
HOXA9	NUP98	9606.ENSP00000343619	9606.ENSP00000316032	0	0	0	0	0	0	0	0.964	0.964
HOXA9	MEN1	9606.ENSP00000343619	9606.ENSP00000337088	0	0	0	0	0	0.292	0	0.649	0.740
HOXA9	NSD1	9606.ENSP00000343619	9606.ENSP00000395929	0	0	0	0	0	0.068	0	0.614	0.625
HOXA9	NUP214	9606.ENSP00000343619	9606.ENSP00000352400	0	0	0	0	0	0	0	0.630	0.630
HOXA9	MLLT3	9606.ENSP00000343619	9606.ENSP00000369695	0	0	0	0	0.042	0.304	0	0.841	0.885
HOXA9	KMT2A	9606.ENSP00000343619	9606.ENSP00000436786	0	0	0	0	0	0.742	0	0.608	0.894
HOXC13	PRRX1	9606.ENSP00000243056	9606.ENSP00000239461	0	0	0	0	0.104	0.063	0	0.580	0.617
HOXC13	NUP98	9606.ENSP00000243056	9606.ENSP00000316032	0	0	0	0	0	0	0	0.691	0.691
HOXD13	PRRX1	9606.ENSP00000376322	9606.ENSP00000239461	0	0	0	0	0.048	0.063	0	0.674	0.683
HOXD13	NUP98	9606.ENSP00000376322	9606.ENSP00000316032	0	0	0	0	0	0	0	0.828	0.828
HTATIP2	PALB2	9606.ENSP00000392985	9606.ENSP00000261584	0	0	0	0	0.201	0.477	0.217	0.163	0.689
IFNGR1	PIK3R2	9606.ENSP00000356713	9606.ENSP00000222254	0	0	0	0	0	0	0.900	0.097	0.905
IFNGR1	IRF1	9606.ENSP00000356713	9606.ENSP00000245414	0	0	0	0	0.129	0	0	0.638	0.671
IFNGR1	PIK3R3	9606.ENSP00000356713	9606.ENSP00000262741	0	0	0	0	0	0	0.900	0.097	0.905
IFNGR1	PIK3CA	9606.ENSP00000356713	9606.ENSP00000263967	0	0	0	0	0.058	0	0.900	0.161	0.914
IFNGR1	STAT5B	9606.ENSP00000356713	9606.ENSP00000293328	0	0	0	0	0.108	0.045	0	0.592	0.622
IFNGR1	STAT6	9606.ENSP00000356713	9606.ENSP00000300134	0	0	0	0	0.087	0.045	0	0.639	0.657
IFNGR1	STAT2	9606.ENSP00000356713	9606.ENSP00000315768	0	0	0	0	0.099	0.046	0	0.732	0.749
IFNGR1	STAT5A	9606.ENSP00000356713	9606.ENSP00000341208	0	0	0	0	0.103	0.045	0	0.599	0.627
IFNGR1	IL6ST	9606.ENSP00000356713	9606.ENSP00000370698	0	0	0	0	0.056	0	0	0.619	0.624
IFNGR1	PIK3CD	9606.ENSP00000356713	9606.ENSP00000366563	0	0	0	0	0.055	0	0.900	0.134	0.911
IFNGR1	PIK3CB	9606.ENSP00000356713	9606.ENSP00000501150	0	0	0	0	0.049	0	0.900	0.162	0.913
IFNGR1	PIK3R1	9606.ENSP00000356713	9606.ENSP00000428056	0	0	0	0	0.059	0	0.900	0.189	0.917
IFNGR1	IL10	9606.ENSP00000356713	9606.ENSP00000412237	0	0	0	0	0.045	0	0.650	0.781	0.920
IFNGR1	JAK3	9606.ENSP00000356713	9606.ENSP00000432511	0	0	0	0	0.081	0.065	0.900	0.355	0.937
IGF1	RPS6KB1	9606.ENSP00000376637	9606.ENSP00000225577	0	0	0	0	0	0	0	0.733	0.733
IGF1	PDGFRA	9606.ENSP00000376637	9606.ENSP00000257290	0	0	0	0	0.087	0	0.650	0.681	0.889
IGF1	KDR	9606.ENSP00000376637	9606.ENSP00000263923	0	0	0	0	0.074	0	0.650	0.758	0.914
IGF1	TP53	9606.ENSP00000376637	9606.ENSP00000269305	0	0	0	0	0	0	0	0.720	0.720
IGF1	NTRK2	9606.ENSP00000376637	9606.ENSP00000277120	0	0	0	0	0.062	0.063	0.650	0.686	0.890
IGF1	KIT	9606.ENSP00000376637	9606.ENSP00000288135	0	0	0	0	0.068	0	0.650	0.606	0.860
IGF1	STAT5B	9606.ENSP00000376637	9606.ENSP00000293328	0	0	0	0	0	0	0	0.739	0.739
IGF1	LRP5	9606.ENSP00000376637	9606.ENSP00000294304	0	0	0	0	0.042	0	0	0.639	0.639
IGF1	INSR	9606.ENSP00000376637	9606.ENSP00000303830	0	0	0	0	0.049	0.966	0.900	0.995	0.999
IGF1	MET	9606.ENSP00000376637	9606.ENSP00000317272	0	0	0	0	0	0.063	0.650	0.744	0.908
IGF1	MEF2C	9606.ENSP00000376637	9606.ENSP00000340874	0	0	0	0	0.064	0	0	0.617	0.626
IGF1	STAT5A	9606.ENSP00000376637	9606.ENSP00000341208	0	0	0	0	0	0	0	0.666	0.666
IGF1	MTOR	9606.ENSP00000376637	9606.ENSP00000354558	0	0	0	0	0	0	0	0.781	0.781
IGF1	RUNX2	9606.ENSP00000376637	9606.ENSP00000360493	0	0	0	0	0.044	0	0	0.641	0.642
IGF1	PTEN	9606.ENSP00000376637	9606.ENSP00000361021	0	0	0	0	0.042	0	0	0.795	0.795
IGF1	IRS4	9606.ENSP00000376637	9606.ENSP00000361202	0	0	0	0	0	0	0.500	0.506	0.742
IGF1	IRS2	9606.ENSP00000376637	9606.ENSP00000365016	0	0	0	0	0	0	0.500	0.970	0.984
IGF1	PTPN11	9606.ENSP00000376637	9606.ENSP00000489597	0	0	0	0	0	0	0	0.638	0.638
IGF1	IL10	9606.ENSP00000376637	9606.ENSP00000412237	0	0	0	0	0.104	0	0	0.696	0.716
IGF1	NTRK1	9606.ENSP00000376637	9606.ENSP00000431418	0	0	0	0	0	0.063	0.650	0.972	0.990
IKZF1	IRF1	9606.ENSP00000331614	9606.ENSP00000245414	0	0	0	0	0.128	0.096	0	0.541	0.606
IKZF1	TCF3	9606.ENSP00000331614	9606.ENSP00000262965	0	0	0	0	0.074	0.066	0	0.690	0.708
IKZF1	NOTCH3	9606.ENSP00000331614	9606.ENSP00000263388	0	0	0	0	0.055	0.095	0.500	0.247	0.634
IKZF1	IRF8	9606.ENSP00000331614	9606.ENSP00000268638	0	0	0	0	0.297	0.096	0	0.544	0.685
IKZF1	RAD21	9606.ENSP00000331614	9606.ENSP00000297338	0	0	0	0	0.056	0.130	0	0.605	0.647
IKZF1	PHF6	9606.ENSP00000331614	9606.ENSP00000329097	0	0	0	0	0.067	0.095	0	0.743	0.764
IKZF1	IL10	9606.ENSP00000331614	9606.ENSP00000412237	0	0	0	0	0.082	0	0	0.585	0.603
IKZF1	NOTCH1	9606.ENSP00000331614	9606.ENSP00000498587	0	0	0	0	0.067	0.145	0	0.571	0.628
IKZF1	KMT2A	9606.ENSP00000331614	9606.ENSP00000436786	0	0	0	0	0.104	0.095	0	0.580	0.630
IKZF1	ITK	9606.ENSP00000331614	9606.ENSP00000398655	0	0	0	0	0.266	0.071	0	0.522	0.645
IKZF1	NFATC2	9606.ENSP00000331614	9606.ENSP00000379330	0	0	0	0	0.156	0.226	0	0.531	0.666
IKZF1	SMARCA4	9606.ENSP00000331614	9606.ENSP00000343896	0	0	0	0	0.042	0.329	0	0.592	0.715
IKZF1	IRF4	9606.ENSP00000331614	9606.ENSP00000370343	0	0	0	0	0.232	0.096	0	0.662	0.745
IKZF1	PTPRC	9606.ENSP00000331614	9606.ENSP00000411355	0	0	0	0	0.664	0.045	0	0.445	0.806
IKZF1	P2RY8	9606.ENSP00000331614	9606.ENSP00000370697	0	0	0	0	0.337	0.053	0	0.730	0.815
IKZF1	IKZF3	9606.ENSP00000331614	9606.ENSP00000344544	0	0	0	0.939	0.374	0.788	0	0.434	0.918
IKZF3	TCF3	9606.ENSP00000344544	9606.ENSP00000262965	0	0	0	0	0.074	0.066	0	0.607	0.631
IKZF3	PHF6	9606.ENSP00000344544	9606.ENSP00000329097	0	0	0	0	0.087	0.095	0	0.566	0.610
IKZF3	JAK3	9606.ENSP00000344544	9606.ENSP00000432511	0	0	0	0	0.161	0.071	0	0.530	0.601
IKZF3	IRF4	9606.ENSP00000344544	9606.ENSP00000370343	0	0	0	0	0.190	0.096	0	0.646	0.719
IKZF3	POU2AF1	9606.ENSP00000344544	9606.ENSP00000376786	0	0	0	0	0.274	0	0	0.751	0.811
IL10	NFKBIA	9606.ENSP00000412237	9606.ENSP00000216797	0	0	0	0	0.094	0	0	0.703	0.720
IL10	IRF1	9606.ENSP00000412237	9606.ENSP00000245414	0	0	0	0	0.130	0.095	0	0.595	0.653
IL10	PDGFRA	9606.ENSP00000412237	9606.ENSP00000257290	0	0	0	0	0.059	0	0.650	0.374	0.776
IL10	IRF8	9606.ENSP00000412237	9606.ENSP00000268638	0	0	0	0	0.081	0.145	0	0.533	0.601
IL10	TP53	9606.ENSP00000412237	9606.ENSP00000269305	0	0	0	0	0.082	0	0	0.746	0.756
IL10	STAT5B	9606.ENSP00000412237	9606.ENSP00000293328	0	0	0	0	0.045	0.045	0	0.751	0.753
IL10	STAT6	9606.ENSP00000412237	9606.ENSP00000300134	0	0	0	0	0.045	0.045	0.500	0.821	0.907
IL10	IL21R	9606.ENSP00000412237	9606.ENSP00000338010	0	0	0	0	0.144	0	0.650	0.524	0.845
IL10	STAT5A	9606.ENSP00000412237	9606.ENSP00000341208	0	0	0	0	0.047	0.045	0	0.753	0.756
IL10	TGFBR2	9606.ENSP00000412237	9606.ENSP00000351905	0	0	0	0	0	0.052	0	0.701	0.704
IL10	MTOR	9606.ENSP00000412237	9606.ENSP00000354558	0	0	0	0	0	0	0	0.740	0.740
IL10	PTEN	9606.ENSP00000412237	9606.ENSP00000361021	0	0	0	0	0.067	0	0	0.709	0.717
IL10	SYK	9606.ENSP00000412237	9606.ENSP00000364898	0	0	0	0	0.072	0.052	0	0.585	0.603
IL10	IRF4	9606.ENSP00000412237	9606.ENSP00000370343	0	0	0	0	0.123	0.257	0	0.654	0.755
IL10	IL6ST	9606.ENSP00000412237	9606.ENSP00000370698	0	0	0	0	0.071	0	0.650	0.464	0.810
IL10	LIFR	9606.ENSP00000412237	9606.ENSP00000398368	0	0	0	0	0.049	0	0.650	0.267	0.734
IL10	PTPRC	9606.ENSP00000412237	9606.ENSP00000411355	0	0	0	0	0.067	0	0	0.798	0.804
IL10	PTPN11	9606.ENSP00000412237	9606.ENSP00000489597	0	0	0	0	0	0	0	0.642	0.642
IL10	MUC1	9606.ENSP00000412237	9606.ENSP00000484824	0	0	0	0	0.067	0	0	0.699	0.707
IL21R	STAT5B	9606.ENSP00000338010	9606.ENSP00000293328	0	0	0	0	0.053	0	0.500	0.481	0.733
IL21R	IRF4	9606.ENSP00000338010	9606.ENSP00000370343	0	0	0	0	0.245	0	0	0.507	0.612
IL21R	PRDM1	9606.ENSP00000338010	9606.ENSP00000358092	0	0	0	0	0.146	0	0	0.669	0.705
IL21R	STAT5A	9606.ENSP00000338010	9606.ENSP00000341208	0	0	0	0	0.060	0	0.500	0.479	0.733
IL21R	JAK3	9606.ENSP00000338010	9606.ENSP00000432511	0	0	0	0	0.200	0	0.800	0.686	0.945
IL6ST	PIK3R2	9606.ENSP00000370698	9606.ENSP00000222254	0	0	0	0	0	0	0.900	0.089	0.905
IL6ST	PIK3R3	9606.ENSP00000370698	9606.ENSP00000262741	0	0	0	0	0	0	0.900	0.052	0.901
IL6ST	PIK3CA	9606.ENSP00000370698	9606.ENSP00000263967	0	0	0	0	0.097	0	0.900	0.479	0.948
IL6ST	PIK3CD	9606.ENSP00000370698	9606.ENSP00000366563	0	0	0	0	0.051	0	0.900	0	0.901
IL6ST	PIK3CB	9606.ENSP00000370698	9606.ENSP00000501150	0	0	0	0	0.063	0	0.900	0.085	0.906
IL6ST	JAK3	9606.ENSP00000370698	9606.ENSP00000432511	0	0	0	0	0.049	0	0.900	0.260	0.923
IL6ST	PIK3R1	9606.ENSP00000370698	9606.ENSP00000428056	0	0	0	0	0.149	0.292	0.900	0.182	0.944
IL6ST	PTPN11	9606.ENSP00000370698	9606.ENSP00000489597	0	0	0	0	0.102	0.785	0.500	0.831	0.981
IL6ST	LIFR	9606.ENSP00000370698	9606.ENSP00000398368	0	0	0	0.600	0.086	0.510	0.900	0.960	0.997
ING1	TP53	9606.ENSP00000364929	9606.ENSP00000269305	0	0	0	0	0	0.625	0	0.781	0.914
ING1	TRRAP	9606.ENSP00000364929	9606.ENSP00000352925	0	0	0	0	0.134	0.506	0	0.219	0.637
ING1	TET1	9606.ENSP00000364929	9606.ENSP00000362748	0	0	0	0	0	0	0.540	0.176	0.604
INPP4A	PIK3R3	9606.ENSP00000074304	9606.ENSP00000262741	0	0	0	0	0.042	0	0.900	0.166	0.913
INPP4A	PIK3R1	9606.ENSP00000074304	9606.ENSP00000428056	0	0	0	0	0.060	0	0.900	0.174	0.915
INPP4A	PIK3C2G	9606.ENSP00000074304	9606.ENSP00000445381	0	0	0	0	0	0	0.900	0.354	0.932
INPP4A	PIK3C2B	9606.ENSP00000074304	9606.ENSP00000356155	0	0	0	0	0.055	0	0.900	0.373	0.935
INPP4A	INPP5D	9606.ENSP00000074304	9606.ENSP00000405338	0	0	0	0	0.047	0	0.900	0.450	0.943
INPP4A	PTEN	9606.ENSP00000074304	9606.ENSP00000361021	0	0	0	0	0	0	0.900	0.490	0.946
INPP4A	PIK3R2	9606.ENSP00000074304	9606.ENSP00000222254	0	0	0	0	0.054	0	0.900	0.477	0.946
INPP4A	INPPL1	9606.ENSP00000074304	9606.ENSP00000298229	0	0	0	0	0.060	0	0.900	0.631	0.962
INPP5D	PIK3R2	9606.ENSP00000405338	9606.ENSP00000222254	0	0	0	0	0.047	0	0.900	0.234	0.920
INPP5D	PIK3R3	9606.ENSP00000405338	9606.ENSP00000262741	0	0	0	0	0	0	0.900	0.161	0.912
INPP5D	PIK3CA	9606.ENSP00000405338	9606.ENSP00000263967	0	0	0	0	0.105	0	0.900	0.252	0.927
INPP5D	INPPL1	9606.ENSP00000405338	9606.ENSP00000298229	0	0	0.073	0.884	0.049	0.164	0.900	0.151	0.926
INPP5D	PIK3C2B	9606.ENSP00000405338	9606.ENSP00000356155	0	0	0	0	0.048	0	0.900	0.173	0.914
INPP5D	PTEN	9606.ENSP00000405338	9606.ENSP00000361021	0	0	0	0	0.074	0	0.900	0.542	0.953
INPP5D	PIK3CD	9606.ENSP00000405338	9606.ENSP00000366563	0	0	0	0	0.208	0	0.900	0.361	0.945
INPP5D	JAK3	9606.ENSP00000405338	9606.ENSP00000432511	0	0	0	0	0.141	0	0.500	0.179	0.616
INPP5D	PLCG2	9606.ENSP00000405338	9606.ENSP00000482457	0	0	0	0.547	0.237	0.091	0.500	0.544	0.820
INPP5D	PTPN11	9606.ENSP00000405338	9606.ENSP00000489597	0	0	0	0.553	0.191	0.516	0.500	0.249	0.833
INPP5D	PIK3C2G	9606.ENSP00000405338	9606.ENSP00000445381	0	0	0	0	0	0	0.900	0.177	0.914
INPP5D	PIK3CB	9606.ENSP00000405338	9606.ENSP00000501150	0	0	0	0	0.105	0	0.900	0.272	0.929
INPP5D	PIK3R1	9606.ENSP00000405338	9606.ENSP00000428056	0	0	0	0	0.049	0.510	0.900	0.346	0.965
INPP5D	LYN	9606.ENSP00000405338	9606.ENSP00000428924	0	0	0	0	0.199	0.328	0.900	0.684	0.980
INPPL1	PIK3R2	9606.ENSP00000298229	9606.ENSP00000222254	0	0	0	0	0.097	0.342	0.900	0.328	0.954
INPPL1	PIK3R3	9606.ENSP00000298229	9606.ENSP00000262741	0	0	0	0	0	0	0.900	0.266	0.923
INPPL1	PIK3CA	9606.ENSP00000298229	9606.ENSP00000263967	0	0	0	0	0.081	0	0.900	0.327	0.932
INPPL1	LYN	9606.ENSP00000298229	9606.ENSP00000428924	0	0	0	0	0.082	0.133	0.500	0.351	0.707
INPPL1	PLCG2	9606.ENSP00000298229	9606.ENSP00000482457	0	0	0	0	0.072	0.045	0.800	0.284	0.856
INPPL1	PTPN11	9606.ENSP00000298229	9606.ENSP00000489597	0	0	0	0	0.107	0	0.800	0.447	0.892
INPPL1	PIK3C2G	9606.ENSP00000298229	9606.ENSP00000445381	0	0	0	0	0	0	0.900	0.293	0.926
INPPL1	PIK3CD	9606.ENSP00000298229	9606.ENSP00000366563	0	0	0	0	0.111	0	0.900	0.358	0.937
INPPL1	PIK3C2B	9606.ENSP00000298229	9606.ENSP00000356155	0	0	0	0	0.047	0	0.900	0.569	0.955
INPPL1	PTEN	9606.ENSP00000298229	9606.ENSP00000361021	0	0	0	0	0.061	0	0.900	0.610	0.960
INPPL1	PIK3CB	9606.ENSP00000298229	9606.ENSP00000501150	0	0	0	0	0.088	0	0.900	0.637	0.964
INPPL1	PIK3R1	9606.ENSP00000298229	9606.ENSP00000428056	0	0	0	0	0.042	0.616	0.900	0.327	0.971
INSR	PIK3R2	9606.ENSP00000303830	9606.ENSP00000222254	0	0	0	0	0	0.231	0.650	0.356	0.811
INSR	PIK3R3	9606.ENSP00000303830	9606.ENSP00000262741	0	0	0	0	0	0.153	0.650	0.630	0.880
INSR	PIK3CA	9606.ENSP00000303830	9606.ENSP00000263967	0	0	0	0	0	0.098	0.900	0.462	0.947
INSR	TP53	9606.ENSP00000303830	9606.ENSP00000269305	0	0	0	0	0	0	0	0.660	0.660
INSR	RASA1	9606.ENSP00000303830	9606.ENSP00000274376	0	0	0	0	0	0.510	0	0.392	0.689
INSR	PRKCB	9606.ENSP00000303830	9606.ENSP00000496129	0	0	0	0.556	0	0.050	0.900	0.143	0.911
INSR	PIK3CD	9606.ENSP00000303830	9606.ENSP00000366563	0	0	0	0	0	0.098	0.900	0.260	0.927
INSR	PIK3CB	9606.ENSP00000303830	9606.ENSP00000501150	0	0	0	0	0.042	0.098	0.900	0.432	0.944
INSR	PTPN11	9606.ENSP00000303830	9606.ENSP00000489597	0	0	0	0	0.064	0.757	0.900	0.238	0.980
INSR	IRS4	9606.ENSP00000303830	9606.ENSP00000361202	0	0	0	0	0.055	0.405	0.900	0.747	0.983
INSR	PIK3R1	9606.ENSP00000303830	9606.ENSP00000428056	0	0	0	0	0.049	0.854	0.650	0.794	0.988
INSR	IRS2	9606.ENSP00000303830	9606.ENSP00000365016	0	0	0	0	0.076	0.965	0.900	0.903	0.999
IRF1	NFKBIA	9606.ENSP00000245414	9606.ENSP00000216797	0	0	0	0	0.331	0.059	0	0.534	0.681
IRF1	PTPRC	9606.ENSP00000245414	9606.ENSP00000411355	0	0	0	0	0.368	0.046	0	0.390	0.600
IRF1	IRF4	9606.ENSP00000245414	9606.ENSP00000370343	0	0	0	0.697	0.224	0	0	0.519	0.611
IRF1	LYN	9606.ENSP00000245414	9606.ENSP00000428924	0	0	0	0	0.213	0.094	0	0.537	0.641
IRF1	SAMHD1	9606.ENSP00000245414	9606.ENSP00000493536	0	0	0	0	0.136	0	0.500	0.355	0.697
IRF1	REL	9606.ENSP00000245414	9606.ENSP00000295025	0	0	0	0	0.096	0.091	0	0.679	0.713
IRF1	SMARCA4	9606.ENSP00000245414	9606.ENSP00000343896	0	0	0	0	0	0.469	0	0.513	0.730
IRF1	PRDM1	9606.ENSP00000245414	9606.ENSP00000358092	0	0	0	0	0.167	0.229	0	0.630	0.742
IRF1	STAT6	9606.ENSP00000245414	9606.ENSP00000300134	0	0	0	0	0.148	0.422	0	0.520	0.743
IRF1	STAT2	9606.ENSP00000245414	9606.ENSP00000315768	0	0	0	0	0.215	0	0.500	0.909	0.961
IRF1	IRF8	9606.ENSP00000245414	9606.ENSP00000268638	0	0	0	0.704	0.249	0.622	0	0.947	0.983
IRF4	XBP1	9606.ENSP00000370343	9606.ENSP00000216037	0	0	0	0	0.099	0	0	0.802	0.814
IRF4	TCF3	9606.ENSP00000370343	9606.ENSP00000262965	0	0	0	0	0.065	0	0	0.735	0.742
IRF4	REL	9606.ENSP00000370343	9606.ENSP00000295025	0	0	0	0	0.139	0.091	0	0.565	0.630
IRF4	RAD21	9606.ENSP00000370343	9606.ENSP00000297338	0	0	0	0	0.249	0	0	0.528	0.631
IRF4	STAT6	9606.ENSP00000370343	9606.ENSP00000300134	0	0	0	0	0.076	0.510	0.500	0.906	0.975
IRF4	STAT2	9606.ENSP00000370343	9606.ENSP00000315768	0	0	0	0	0.075	0.065	0.500	0.420	0.716
IRF4	STAT5A	9606.ENSP00000370343	9606.ENSP00000341208	0	0	0	0	0.114	0	0	0.592	0.623
IRF4	PRDM1	9606.ENSP00000370343	9606.ENSP00000358092	0	0	0	0	0.181	0.045	0	0.927	0.938
IRF4	POU2AF1	9606.ENSP00000370343	9606.ENSP00000376786	0	0	0	0	0.347	0	0	0.545	0.691
IRF4	PTPRC	9606.ENSP00000370343	9606.ENSP00000411355	0	0	0	0	0.302	0.046	0	0.596	0.707
IRF4	NFATC2	9606.ENSP00000370343	9606.ENSP00000379330	0	0	0	0	0.123	0.292	0	0.678	0.782
IRF8	PRDM1	9606.ENSP00000268638	9606.ENSP00000358092	0	0	0	0	0.124	0.045	0	0.581	0.619
IRF8	SAMHD1	9606.ENSP00000268638	9606.ENSP00000493536	0	0	0	0	0.145	0	0.500	0.203	0.629
IRF8	PTPRC	9606.ENSP00000268638	9606.ENSP00000411355	0	0	0	0	0.416	0.046	0	0.548	0.726
IRF8	STAT2	9606.ENSP00000268638	9606.ENSP00000315768	0	0	0	0	0.095	0.065	0.500	0.688	0.850
IRS2	PIK3R2	9606.ENSP00000365016	9606.ENSP00000222254	0	0	0	0	0	0.264	0.900	0.770	0.981
IRS2	RPS6KB1	9606.ENSP00000365016	9606.ENSP00000225577	0	0	0	0	0.042	0.331	0	0.623	0.737
IRS2	PIK3R3	9606.ENSP00000365016	9606.ENSP00000262741	0	0	0	0	0	0.595	0.900	0.375	0.972
IRS2	PIK3CA	9606.ENSP00000365016	9606.ENSP00000263967	0	0	0	0	0.070	0.557	0.900	0.670	0.984
IRS2	STAT5B	9606.ENSP00000365016	9606.ENSP00000293328	0	0	0	0	0.049	0.079	0.500	0.302	0.653
IRS2	STAT5A	9606.ENSP00000365016	9606.ENSP00000341208	0	0	0	0	0	0.079	0.500	0.282	0.640
IRS2	MTOR	9606.ENSP00000365016	9606.ENSP00000354558	0	0	0	0	0	0.312	0.900	0.548	0.966
IRS2	IRS4	9606.ENSP00000365016	9606.ENSP00000361202	0	0	0	0.616	0	0	0.900	0.845	0.983
IRS2	NTRK1	9606.ENSP00000365016	9606.ENSP00000431418	0	0	0	0	0	0.115	0.500	0.559	0.788
IRS2	LYN	9606.ENSP00000365016	9606.ENSP00000428924	0	0	0	0	0.044	0.098	0.800	0.141	0.832
IRS2	PTPN11	9606.ENSP00000365016	9606.ENSP00000489597	0	0	0	0	0	0.392	0	0.823	0.887
IRS2	PIK3CD	9606.ENSP00000365016	9606.ENSP00000366563	0	0	0	0	0.064	0.133	0.900	0.262	0.932
IRS2	PIK3CB	9606.ENSP00000365016	9606.ENSP00000501150	0	0	0	0	0.069	0.133	0.900	0.424	0.947
IRS2	PIK3R1	9606.ENSP00000365016	9606.ENSP00000428056	0	0	0	0	0.054	0.903	0.900	0.814	0.998
IRS4	PIK3R2	9606.ENSP00000361202	9606.ENSP00000222254	0	0	0	0	0	0.833	0.900	0.249	0.986
IRS4	PIK3R3	9606.ENSP00000361202	9606.ENSP00000262741	0	0	0	0	0	0.712	0.900	0.202	0.975
IRS4	PIK3CA	9606.ENSP00000361202	9606.ENSP00000263967	0	0	0	0	0.062	0.648	0.900	0.256	0.972
IRS4	MTOR	9606.ENSP00000361202	9606.ENSP00000354558	0	0	0	0	0	0.069	0.900	0.191	0.918
IRS4	PTPN11	9606.ENSP00000361202	9606.ENSP00000489597	0	0	0	0	0	0.177	0	0.584	0.642
IRS4	PIK3CD	9606.ENSP00000361202	9606.ENSP00000366563	0	0	0	0	0.062	0.133	0.900	0.122	0.919
IRS4	PIK3CB	9606.ENSP00000361202	9606.ENSP00000501150	0	0	0	0	0.062	0.594	0.900	0.196	0.965
IRS4	PIK3R1	9606.ENSP00000361202	9606.ENSP00000428056	0	0	0	0	0	0.858	0.900	0.308	0.989
ITK	PIK3R2	9606.ENSP00000398655	9606.ENSP00000222254	0	0	0	0.554	0	0.093	0.900	0.100	0.911
ITK	PIK3R3	9606.ENSP00000398655	9606.ENSP00000262741	0	0	0	0	0	0.093	0.900	0.129	0.914
ITK	PIK3CA	9606.ENSP00000398655	9606.ENSP00000263967	0	0	0	0	0.057	0.069	0.900	0.243	0.924
ITK	SYK	9606.ENSP00000398655	9606.ENSP00000364898	0	0	0.099	0.660	0.102	0	0.400	0.503	0.726
ITK	WAS	9606.ENSP00000398655	9606.ENSP00000365891	0	0	0	0	0.121	0.534	0	0.631	0.835
ITK	PIK3CD	9606.ENSP00000398655	9606.ENSP00000366563	0	0	0	0	0.101	0.069	0.900	0.458	0.948
ITK	PLCG2	9606.ENSP00000398655	9606.ENSP00000482457	0	0	0	0.554	0.092	0.045	0.500	0.288	0.650
ITK	PTPN11	9606.ENSP00000398655	9606.ENSP00000489597	0	0	0	0	0.136	0.097	0	0.603	0.663
ITK	PTPRC	9606.ENSP00000398655	9606.ENSP00000411355	0	0	0	0	0.364	0.097	0	0.605	0.753
ITK	LYN	9606.ENSP00000398655	9606.ENSP00000428924	0	0	0.106	0.853	0.075	0	0.900	0.106	0.916
ITK	PIK3CB	9606.ENSP00000398655	9606.ENSP00000501150	0	0	0	0	0.057	0.069	0.900	0.195	0.919
ITK	PIK3R1	9606.ENSP00000398655	9606.ENSP00000428056	0	0	0	0	0.056	0.330	0.900	0.301	0.949
ITPKB	PLCG2	9606.ENSP00000411152	9606.ENSP00000482457	0	0	0	0	0.056	0	0.650	0.319	0.755
JAK3	PIK3R2	9606.ENSP00000432511	9606.ENSP00000222254	0	0	0	0	0	0.176	0.900	0.170	0.925
JAK3	PDGFRA	9606.ENSP00000432511	9606.ENSP00000257290	0	0	0	0.562	0.055	0.074	0.650	0.245	0.737
JAK3	PIK3R3	9606.ENSP00000432511	9606.ENSP00000262741	0	0	0	0	0	0.093	0.900	0.123	0.913
JAK3	PIK3CA	9606.ENSP00000432511	9606.ENSP00000263967	0	0	0	0	0.048	0.069	0.900	0.675	0.967
JAK3	STAT5B	9606.ENSP00000432511	9606.ENSP00000293328	0	0	0	0	0.100	0.425	0.900	0.955	0.997
JAK3	STAT6	9606.ENSP00000432511	9606.ENSP00000300134	0	0	0	0	0.090	0.472	0.900	0.833	0.990
JAK3	PTPN2	9606.ENSP00000432511	9606.ENSP00000311857	0	0	0	0	0.093	0.097	0.900	0.689	0.971
JAK3	STAT2	9606.ENSP00000432511	9606.ENSP00000315768	0	0	0	0	0.095	0.285	0.900	0.763	0.982
JAK3	STAT5A	9606.ENSP00000432511	9606.ENSP00000341208	0	0	0	0	0.086	0.607	0.900	0.972	0.998
JAK3	MTOR	9606.ENSP00000432511	9606.ENSP00000354558	0	0	0	0	0	0.073	0	0.588	0.602
JAK3	SYK	9606.ENSP00000432511	9606.ENSP00000364898	0	0	0	0.642	0.107	0	0.500	0.220	0.621
JAK3	PIK3CD	9606.ENSP00000432511	9606.ENSP00000366563	0	0	0	0	0.114	0.069	0.900	0.326	0.937
JAK3	LIFR	9606.ENSP00000432511	9606.ENSP00000398368	0	0	0	0	0	0	0.900	0.460	0.943
JAK3	PTPRC	9606.ENSP00000432511	9606.ENSP00000411355	0	0	0	0	0.187	0.097	0	0.697	0.759
JAK3	PIK3R1	9606.ENSP00000432511	9606.ENSP00000428056	0	0	0	0	0	0.093	0.900	0.314	0.932
JAK3	NOTCH1	9606.ENSP00000432511	9606.ENSP00000498587	0	0	0	0	0.066	0.098	0	0.592	0.627
JAK3	PIK3CB	9606.ENSP00000432511	9606.ENSP00000501150	0	0	0	0	0.048	0.069	0.900	0.242	0.923
JAK3	PTPN11	9606.ENSP00000432511	9606.ENSP00000489597	0	0	0	0	0.075	0.097	0.900	0.608	0.962
JAZF1	PHF1	9606.ENSP00000283928	9606.ENSP00000363640	0	0	0	0	0	0	0	0.714	0.714
JAZF1	TRRAP	9606.ENSP00000283928	9606.ENSP00000352925	0	0	0	0	0.111	0.804	0	0.161	0.841
JAZF1	SUZ12	9606.ENSP00000283928	9606.ENSP00000316578	0	0	0	0	0	0.292	0	0.912	0.935
KAT6A	TRIM24	9606.ENSP00000265713	9606.ENSP00000340507	0	0	0	0	0.074	0	0	0.589	0.603
KAT6A	MLLT10	9606.ENSP00000265713	9606.ENSP00000307411	0	0	0	0	0.060	0	0	0.604	0.611
KAT6A	KMT2D	9606.ENSP00000265713	9606.ENSP00000301067	0	0	0	0.547	0.242	0.066	0	0.525	0.634
KAT6A	NUP98	9606.ENSP00000265713	9606.ENSP00000316032	0	0	0	0	0.131	0.080	0	0.603	0.655
KAT6A	MLLT3	9606.ENSP00000265713	9606.ENSP00000369695	0	0	0	0	0.044	0.218	0	0.578	0.657
KAT6A	PML	9606.ENSP00000265713	9606.ENSP00000268058	0	0	0	0	0	0.292	0.500	0.167	0.679
KAT6A	TRRAP	9606.ENSP00000265713	9606.ENSP00000352925	0	0	0	0	0.100	0.511	0	0.420	0.722
KAT6A	RUNX2	9606.ENSP00000265713	9606.ENSP00000360493	0	0	0	0	0.045	0.048	0	0.805	0.807
KAT6A	KMT2A	9606.ENSP00000265713	9606.ENSP00000436786	0	0	0	0.546	0.308	0.498	0	0.541	0.826
KAT6A	TP53	9606.ENSP00000265713	9606.ENSP00000269305	0	0	0	0	0	0.510	0.500	0.479	0.861
KAT6A	NCOA2	9606.ENSP00000265713	9606.ENSP00000399968	0	0	0	0	0.145	0.058	0.900	0.911	0.991
KAT6A	KAT6B	9606.ENSP00000265713	9606.ENSP00000287239	0	0	0.051	0.937	0.172	0.233	0.900	0.982	0.998
KAT6B	TRRAP	9606.ENSP00000287239	9606.ENSP00000352925	0	0	0	0	0.084	0.511	0	0.411	0.713
KAT6B	RUNX2	9606.ENSP00000287239	9606.ENSP00000360493	0	0	0	0	0	0.294	0	0.765	0.827
KDM2B	SETDB1	9606.ENSP00000366271	9606.ENSP00000271640	0	0	0	0	0.269	0.137	0	0.422	0.604
KDM2B	SUZ12	9606.ENSP00000366271	9606.ENSP00000316578	0	0	0	0	0.060	0	0	0.623	0.631
KDM2B	SMARCA4	9606.ENSP00000366271	9606.ENSP00000343896	0	0	0	0	0.073	0.068	0	0.615	0.638
KDM2B	KDM5C	9606.ENSP00000366271	9606.ENSP00000364550	0	0	0	0	0.162	0.067	0	0.547	0.615
KDM2B	KDM4C	9606.ENSP00000366271	9606.ENSP00000370710	0	0	0	0	0	0.066	0	0.644	0.654
KDM2B	SETD2	9606.ENSP00000366271	9606.ENSP00000386759	0	0	0	0	0.209	0.137	0	0.539	0.658
KDM2B	KDM6A	9606.ENSP00000366271	9606.ENSP00000367203	0	0	0	0	0.073	0.067	0	0.684	0.703
KDM2B	PHF19	9606.ENSP00000366271	9606.ENSP00000483946	0	0	0	0	0.056	0.074	0	0.711	0.725
KDM2B	KDM5A	9606.ENSP00000366271	9606.ENSP00000382688	0	0	0	0	0.139	0.071	0	0.754	0.786
KDM4C	KDM6A	9606.ENSP00000370710	9606.ENSP00000367203	0	0	0	0	0.078	0.070	0	0.743	0.761
KDM5A	SETD1A	9606.ENSP00000382688	9606.ENSP00000262519	0	0	0	0	0.055	0.259	0	0.586	0.685
KDM5A	RB1	9606.ENSP00000382688	9606.ENSP00000267163	0	0	0	0	0.049	0.785	0	0.763	0.947
KDM5A	NUP98	9606.ENSP00000382688	9606.ENSP00000316032	0	0	0	0	0.136	0	0	0.896	0.906
KDM5A	SUZ12	9606.ENSP00000382688	9606.ENSP00000316578	0	0	0	0	0.083	0.395	0	0.827	0.895
KDM5A	KDM6A	9606.ENSP00000382688	9606.ENSP00000367203	0	0	0	0	0.128	0.228	0	0.683	0.768
KDM5A	SETD1B	9606.ENSP00000382688	9606.ENSP00000474253	0	0	0	0	0.062	0.259	0	0.510	0.630
KDM5A	KMT2A	9606.ENSP00000382688	9606.ENSP00000436786	0	0	0	0	0.259	0.154	0	0.548	0.692
KDM5A	SETD2	9606.ENSP00000382688	9606.ENSP00000386759	0	0	0	0	0.288	0.154	0	0.557	0.710
KDM5A	NSD1	9606.ENSP00000382688	9606.ENSP00000395929	0	0	0	0	0.228	0.316	0	0.590	0.765
KDM5C	MGA	9606.ENSP00000364550	9606.ENSP00000219905	0	0	0	0	0.051	0.603	0	0.051	0.611
KDM5C	REST	9606.ENSP00000364550	9606.ENSP00000311816	0	0	0	0	0.056	0.332	0	0.794	0.859
KDM5C	SMC1A	9606.ENSP00000364550	9606.ENSP00000323421	0	0	0	0	0.210	0.065	0	0.677	0.740
KDM5C	UBA1	9606.ENSP00000364550	9606.ENSP00000338413	0	0	0	0	0.246	0	0	0.742	0.797
KDM5C	SMARCA4	9606.ENSP00000364550	9606.ENSP00000343896	0	0	0	0	0.098	0.356	0	0.401	0.622
KDM5C	MTOR	9606.ENSP00000364550	9606.ENSP00000354558	0	0	0	0	0.448	0.196	0	0.233	0.630
KDM5C	MED12	9606.ENSP00000364550	9606.ENSP00000363193	0	0	0	0	0.396	0	0	0.470	0.666
KDM5C	KMT2A	9606.ENSP00000364550	9606.ENSP00000436786	0	0	0	0	0.163	0.154	0	0.504	0.618
KDM5C	NSD1	9606.ENSP00000364550	9606.ENSP00000395929	0	0	0	0	0.250	0.154	0	0.473	0.637
KDM5C	PBRM1	9606.ENSP00000364550	9606.ENSP00000386593	0	0	0	0	0.192	0.292	0	0.772	0.858
KDM5C	SETD2	9606.ENSP00000364550	9606.ENSP00000386759	0	0	0	0	0.147	0.154	0	0.856	0.887
KDM5C	KDM6A	9606.ENSP00000364550	9606.ENSP00000367203	0	0	0	0	0.213	0.228	0	0.883	0.923
KDM5D	KDM6A	9606.ENSP00000322408	9606.ENSP00000367203	0	0	0	0	0.111	0.045	0	0.764	0.782
KDM6A	STAG2	9606.ENSP00000367203	9606.ENSP00000218089	0	0	0	0	0.349	0	0	0.591	0.722
KDM6A	KMT2C	9606.ENSP00000367203	9606.ENSP00000262189	0	0	0	0	0.157	0.679	0.900	0.997	0.999
KDM6A	SETD1A	9606.ENSP00000367203	9606.ENSP00000262519	0	0	0	0	0.065	0.478	0	0.863	0.927
KDM6A	NCOR1	9606.ENSP00000367203	9606.ENSP00000268712	0	0	0	0	0.098	0.066	0.500	0.416	0.721
KDM6A	TP53	9606.ENSP00000367203	9606.ENSP00000269305	0	0	0	0	0	0.292	0	0.608	0.710
KDM6A	SETDB1	9606.ENSP00000367203	9606.ENSP00000271640	0	0	0	0	0.069	0.269	0	0.474	0.611
KDM6A	TSC1	9606.ENSP00000367203	9606.ENSP00000298552	0.043	0	0	0	0.127	0.480	0	0.292	0.651
KDM6A	KMT2D	9606.ENSP00000367203	9606.ENSP00000301067	0	0	0	0	0.128	0.841	0.900	0.987	0.999
KDM6A	SUZ12	9606.ENSP00000367203	9606.ENSP00000316578	0	0	0	0	0.093	0.183	0.500	0.791	0.912
KDM6A	SOX2	9606.ENSP00000367203	9606.ENSP00000323588	0	0	0	0	0.051	0.430	0	0.642	0.790
KDM6A	PHF6	9606.ENSP00000367203	9606.ENSP00000329097	0	0	0	0	0.114	0.269	0	0.550	0.684
KDM6A	MEN1	9606.ENSP00000367203	9606.ENSP00000337088	0.042	0	0	0	0.066	0.378	0	0.399	0.621
KDM6A	SMARCA4	9606.ENSP00000367203	9606.ENSP00000343896	0	0	0	0	0.074	0.381	0	0.757	0.848
KDM6A	RPL5	9606.ENSP00000367203	9606.ENSP00000359345	0.053	0	0	0	0.469	0	0	0.275	0.604
KDM6A	NCOA2	9606.ENSP00000367203	9606.ENSP00000399968	0	0	0	0	0.346	0	0	0.417	0.602
KDM6A	SETBP1	9606.ENSP00000367203	9606.ENSP00000497406	0	0	0	0	0.063	0.269	0	0.489	0.619
KDM6A	RXRA	9606.ENSP00000367203	9606.ENSP00000419692	0	0	0	0	0.045	0.127	0.500	0.209	0.626
KDM6A	PBRM1	9606.ENSP00000367203	9606.ENSP00000386593	0	0	0	0	0.165	0.051	0	0.585	0.643
KDM6A	TET2	9606.ENSP00000367203	9606.ENSP00000442788	0	0	0	0	0.144	0	0	0.608	0.650
KDM6A	NSD1	9606.ENSP00000367203	9606.ENSP00000395929	0	0	0	0	0.221	0.269	0	0.489	0.683
KDM6A	KMT2B	9606.ENSP00000367203	9606.ENSP00000398837	0	0	0	0	0.104	0.480	0	0.437	0.715
KDM6A	SETD1B	9606.ENSP00000367203	9606.ENSP00000474253	0	0	0	0	0.065	0.480	0	0.570	0.773
KDM6A	KMT2A	9606.ENSP00000367203	9606.ENSP00000436786	0	0	0	0	0.100	0.479	0	0.744	0.869
KDM6A	SETD2	9606.ENSP00000367203	9606.ENSP00000386759	0	0	0	0	0.369	0.269	0	0.780	0.890
KDR	PIK3R2	9606.ENSP00000263923	9606.ENSP00000222254	0	0	0	0	0	0.153	0.900	0.254	0.931
KDR	PIK3R3	9606.ENSP00000263923	9606.ENSP00000262741	0	0	0	0	0.045	0.153	0.900	0.158	0.922
KDR	NOTCH1	9606.ENSP00000263923	9606.ENSP00000498587	0	0	0	0	0	0	0	0.601	0.601
KDR	NPM1	9606.ENSP00000263923	9606.ENSP00000296930	0	0	0	0	0	0.385	0	0.397	0.613
KDR	PTEN	9606.ENSP00000263923	9606.ENSP00000361021	0	0	0	0	0	0.063	0	0.610	0.619
KDR	RAC1	9606.ENSP00000263923	9606.ENSP00000348461	0	0	0	0	0.074	0.071	0.500	0.230	0.624
KDR	PTPN2	9606.ENSP00000263923	9606.ENSP00000311857	0	0	0	0	0	0.051	0	0.651	0.654
KDR	RASA1	9606.ENSP00000263923	9606.ENSP00000274376	0	0	0	0	0	0.345	0	0.581	0.714
KDR	TP53	9606.ENSP00000263923	9606.ENSP00000269305	0	0	0	0	0.059	0.225	0	0.660	0.730
KDR	PTPRB	9606.ENSP00000263923	9606.ENSP00000334928	0	0	0	0	0.234	0.051	0	0.688	0.754
KDR	RHOA	9606.ENSP00000263923	9606.ENSP00000400175	0	0	0	0	0.059	0.071	0.500	0.506	0.755
KDR	PTPRC	9606.ENSP00000263923	9606.ENSP00000411355	0	0	0	0	0.060	0.051	0	0.804	0.809
KDR	MET	9606.ENSP00000263923	9606.ENSP00000317272	0	0	0	0.568	0	0.345	0	0.782	0.851
KDR	PLCG2	9606.ENSP00000263923	9606.ENSP00000482457	0	0	0	0	0.045	0.094	0.900	0.169	0.918
KDR	PTPN11	9606.ENSP00000263923	9606.ENSP00000489597	0	0	0	0	0.060	0.402	0	0.867	0.919
KDR	PIK3CD	9606.ENSP00000263923	9606.ENSP00000366563	0	0	0	0	0	0.098	0.900	0.272	0.928
KDR	PIK3CB	9606.ENSP00000263923	9606.ENSP00000501150	0	0	0	0	0	0.098	0.900	0.315	0.932
KDR	PIK3R1	9606.ENSP00000263923	9606.ENSP00000428056	0	0	0	0	0.049	0.153	0.900	0.377	0.943
KDR	PIK3CA	9606.ENSP00000263923	9606.ENSP00000263967	0	0	0	0	0	0.098	0.900	0.754	0.975
KEAP1	PALB2	9606.ENSP00000377245	9606.ENSP00000261584	0	0	0	0	0.074	0.847	0.400	0.961	0.996
KEAP1	TP53	9606.ENSP00000377245	9606.ENSP00000269305	0	0	0	0	0.093	0	0	0.799	0.810
KEAP1	NQO1	9606.ENSP00000377245	9606.ENSP00000319788	0	0	0	0	0.044	0	0	0.953	0.953
KEAP1	STK11	9606.ENSP00000377245	9606.ENSP00000324856	0	0	0	0	0.067	0	0	0.777	0.783
KIAA1549	TRIM24	9606.ENSP00000416040	9606.ENSP00000340507	0	0	0	0	0.085	0	0.500	0.198	0.601
KIAA1549	NF1	9606.ENSP00000416040	9606.ENSP00000351015	0	0	0	0	0	0	0	0.651	0.651
KIT	PIK3R2	9606.ENSP00000288135	9606.ENSP00000222254	0	0	0	0	0	0.605	0.900	0.256	0.968
KIT	PIK3R3	9606.ENSP00000288135	9606.ENSP00000262741	0	0	0	0	0.054	0.228	0.900	0.183	0.932
KIT	PIK3CA	9606.ENSP00000288135	9606.ENSP00000263967	0	0	0	0	0.106	0.325	0.900	0.809	0.986
KIT	TP53	9606.ENSP00000288135	9606.ENSP00000269305	0	0	0	0	0.046	0.239	0	0.767	0.816
KIT	ZBTB16	9606.ENSP00000288135	9606.ENSP00000338157	0	0	0	0	0.060	0.052	0	0.587	0.600
KIT	MUC1	9606.ENSP00000288135	9606.ENSP00000484824	0	0	0	0	0	0	0	0.609	0.609
KIT	MYH11	9606.ENSP00000288135	9606.ENSP00000379616	0	0	0	0	0.097	0	0	0.585	0.609
KIT	TERT	9606.ENSP00000288135	9606.ENSP00000309572	0	0	0	0	0.061	0	0	0.600	0.609
KIT	SOX2	9606.ENSP00000288135	9606.ENSP00000323588	0	0	0	0	0.054	0	0	0.608	0.613
KIT	SYK	9606.ENSP00000288135	9606.ENSP00000364898	0	0	0.119	0.613	0.087	0.181	0	0.499	0.626
KIT	RUNX2	9606.ENSP00000288135	9606.ENSP00000360493	0	0	0	0	0.074	0	0	0.625	0.638
KIT	NOTCH1	9606.ENSP00000288135	9606.ENSP00000498587	0	0	0	0	0.096	0	0	0.626	0.647
KIT	WT1	9606.ENSP00000288135	9606.ENSP00000368370	0	0	0	0	0	0.052	0	0.672	0.675
KIT	NF1	9606.ENSP00000288135	9606.ENSP00000351015	0	0	0	0	0.044	0	0	0.715	0.715
KIT	PTEN	9606.ENSP00000288135	9606.ENSP00000361021	0	0	0	0	0.042	0.063	0	0.713	0.719
KIT	SPRED1	9606.ENSP00000288135	9606.ENSP00000299084	0	0	0	0	0	0.070	0	0.744	0.751
KIT	NPM1	9606.ENSP00000288135	9606.ENSP00000296930	0	0	0	0	0.047	0.168	0	0.728	0.765
KIT	MITF	9606.ENSP00000288135	9606.ENSP00000391803	0	0	0	0	0.118	0	0	0.764	0.783
KIT	TET2	9606.ENSP00000288135	9606.ENSP00000442788	0	0	0	0	0	0	0	0.786	0.786
KIT	PTPRC	9606.ENSP00000288135	9606.ENSP00000411355	0	0	0	0	0.235	0.051	0	0.881	0.906
KIT	LYN	9606.ENSP00000288135	9606.ENSP00000428924	0	0	0	0.689	0.060	0.606	0.500	0.659	0.928
KIT	PIK3CD	9606.ENSP00000288135	9606.ENSP00000366563	0	0	0	0	0.106	0.087	0.900	0.353	0.940
KIT	STAT5A	9606.ENSP00000288135	9606.ENSP00000341208	0	0	0	0	0.075	0.079	0.900	0.583	0.959
KIT	PIK3CB	9606.ENSP00000288135	9606.ENSP00000501150	0	0	0	0	0.108	0.087	0.900	0.580	0.961
KIT	STAT5B	9606.ENSP00000288135	9606.ENSP00000293328	0	0	0	0	0.101	0.320	0.900	0.583	0.971
KIT	PTPN11	9606.ENSP00000288135	9606.ENSP00000489597	0	0	0	0	0.140	0.596	0.900	0.754	0.990
KIT	PIK3R1	9606.ENSP00000288135	9606.ENSP00000428056	0	0	0	0	0.056	0.870	0.900	0.668	0.995
KLF3	ZNF217	9606.ENSP00000261438	9606.ENSP00000360526	0	0	0	0	0.067	0.072	0	0.669	0.688
KMT2A	MGA	9606.ENSP00000436786	9606.ENSP00000219905	0	0	0	0	0.162	0.044	0.900	0	0.912
KMT2A	KMT2C	9606.ENSP00000436786	9606.ENSP00000262189	0	0	0	0.548	0.288	0.326	0.400	0.838	0.947
KMT2A	SETD1A	9606.ENSP00000436786	9606.ENSP00000262519	0	0	0	0.557	0.153	0.318	0.400	0.831	0.933
KMT2A	TP53	9606.ENSP00000436786	9606.ENSP00000269305	0	0	0	0	0.069	0.424	0	0.582	0.757
KMT2A	NPM1	9606.ENSP00000436786	9606.ENSP00000296930	0	0	0	0	0.063	0.164	0	0.598	0.658
KMT2A	KMT2D	9606.ENSP00000436786	9606.ENSP00000301067	0	0	0	0.548	0.149	0.335	0.900	0.954	0.997
KMT2A	MLLT10	9606.ENSP00000436786	9606.ENSP00000307411	0	0	0	0	0.082	0	0	0.845	0.851
KMT2A	NUP98	9606.ENSP00000436786	9606.ENSP00000316032	0	0	0	0	0.083	0.092	0	0.598	0.636
KMT2A	PHF6	9606.ENSP00000436786	9606.ENSP00000329097	0	0	0	0.585	0.049	0	0	0.838	0.839
KMT2A	MEN1	9606.ENSP00000436786	9606.ENSP00000337088	0	0	0	0	0.063	0.911	0.800	0.990	0.999
KMT2A	SMARCB1	9606.ENSP00000436786	9606.ENSP00000340883	0	0	0	0	0.084	0.418	0	0.829	0.901
KMT2A	MAX	9606.ENSP00000436786	9606.ENSP00000351490	0	0	0	0	0.078	0	0.900	0.060	0.905
KMT2A	RBM15	9606.ENSP00000436786	9606.ENSP00000358799	0	0	0	0	0.071	0.045	0	0.612	0.626
KMT2A	TET1	9606.ENSP00000436786	9606.ENSP00000362748	0	0	0	0	0.121	0	0	0.589	0.623
KMT2A	MLLT3	9606.ENSP00000436786	9606.ENSP00000369695	0	0	0	0	0.045	0.524	0	0.963	0.982
KMT2A	ZNF384	9606.ENSP00000436786	9606.ENSP00000380019	0	0	0	0	0.103	0.095	0	0.570	0.620
KMT2A	SETD2	9606.ENSP00000436786	9606.ENSP00000386759	0	0	0	0.547	0.255	0	0	0.518	0.626
KMT2A	KMT2B	9606.ENSP00000436786	9606.ENSP00000398837	0	0	0	0.778	0.097	0.544	0.540	0.876	0.973
KMT2A	MRTFA	9606.ENSP00000436786	9606.ENSP00000498671	0	0	0	0	0.141	0	0	0.553	0.600
KMT2A	TET2	9606.ENSP00000436786	9606.ENSP00000442788	0	0	0	0	0.210	0	0	0.583	0.656
KMT2A	SETD1B	9606.ENSP00000436786	9606.ENSP00000474253	0	0	0	0.555	0.152	0.318	0.400	0.624	0.852
KMT2B	KMT2C	9606.ENSP00000398837	9606.ENSP00000262189	0	0	0	0.552	0.137	0.336	0.400	0.941	0.977
KMT2B	SETD1A	9606.ENSP00000398837	9606.ENSP00000262519	0	0	0	0.556	0.442	0.318	0.400	0.311	0.821
KMT2B	KMT2D	9606.ENSP00000398837	9606.ENSP00000301067	0	0	0	0.552	0.257	0.338	0.400	0.849	0.949
KMT2B	MEN1	9606.ENSP00000398837	9606.ENSP00000337088	0	0	0	0	0.139	0.792	0.540	0.660	0.968
KMT2B	SETD1B	9606.ENSP00000398837	9606.ENSP00000474253	0	0	0	0.554	0.321	0.320	0.400	0.842	0.950
KMT2C	NCOR2	9606.ENSP00000262189	9606.ENSP00000384018	0	0	0	0	0.146	0.063	0	0.541	0.601
KMT2C	PTEN	9606.ENSP00000262189	9606.ENSP00000361021	0	0	0	0	0.070	0.066	0	0.580	0.603
KMT2C	SMARCA4	9606.ENSP00000262189	9606.ENSP00000343896	0	0	0	0	0.114	0.058	0	0.575	0.615
KMT2C	TET2	9606.ENSP00000262189	9606.ENSP00000442788	0	0	0	0	0.239	0	0	0.522	0.621
KMT2C	SETD2	9606.ENSP00000262189	9606.ENSP00000386759	0	0	0	0.547	0.474	0	0	0.327	0.631
KMT2C	NF1	9606.ENSP00000262189	9606.ENSP00000351015	0	0	0	0	0.186	0	0	0.582	0.645
KMT2C	SETD3	9606.ENSP00000262189	9606.ENSP00000327436	0	0	0	0	0.042	0	0.400	0.458	0.661
KMT2C	SUZ12	9606.ENSP00000262189	9606.ENSP00000316578	0	0	0	0	0.057	0	0.500	0.368	0.676
KMT2C	PIK3CA	9606.ENSP00000262189	9606.ENSP00000263967	0	0	0	0	0.060	0	0	0.670	0.676
KMT2C	PBRM1	9606.ENSP00000262189	9606.ENSP00000386593	0	0	0	0	0.207	0	0	0.610	0.677
KMT2C	MEN1	9606.ENSP00000262189	9606.ENSP00000337088	0	0	0	0	0.053	0.316	0	0.608	0.724
KMT2C	SMARCB1	9606.ENSP00000262189	9606.ENSP00000340883	0	0	0	0	0.044	0.292	0	0.660	0.749
KMT2C	NCOR1	9606.ENSP00000262189	9606.ENSP00000268712	0	0	0	0	0.309	0.063	0.500	0.537	0.830
KMT2C	TP53	9606.ENSP00000262189	9606.ENSP00000269305	0	0	0	0	0	0.292	0	0.808	0.858
KMT2C	SETD1B	9606.ENSP00000262189	9606.ENSP00000474253	0	0	0	0.552	0.142	0.319	0.400	0.940	0.976
KMT2C	SETD1A	9606.ENSP00000262189	9606.ENSP00000262519	0	0	0	0.554	0.136	0.320	0.400	0.971	0.988
KMT2C	KMT2D	9606.ENSP00000262189	9606.ENSP00000301067	0	0	0	0.753	0.124	0.320	0.900	0.971	0.998
KMT2D	SETD1A	9606.ENSP00000301067	9606.ENSP00000262519	0	0	0	0.554	0.159	0.439	0.400	0.345	0.790
KMT2D	PIK3CA	9606.ENSP00000301067	9606.ENSP00000263967	0	0	0	0	0	0	0	0.664	0.664
KMT2D	NCOR1	9606.ENSP00000301067	9606.ENSP00000268712	0	0	0	0	0.213	0.063	0.500	0.434	0.763
KMT2D	TP53	9606.ENSP00000301067	9606.ENSP00000269305	0	0	0	0	0.044	0.165	0	0.782	0.810
KMT2D	MEF2D	9606.ENSP00000301067	9606.ENSP00000271555	0	0	0	0	0.075	0.292	0	0.464	0.618
KMT2D	LRP1B	9606.ENSP00000301067	9606.ENSP00000374135	0	0	0	0	0.055	0	0	0.599	0.604
KMT2D	SETD2	9606.ENSP00000301067	9606.ENSP00000386759	0	0	0	0.547	0.178	0	0	0.548	0.612
KMT2D	TET2	9606.ENSP00000301067	9606.ENSP00000442788	0	0	0	0	0.128	0	0	0.574	0.612
KMT2D	SETD3	9606.ENSP00000301067	9606.ENSP00000327436	0	0	0	0	0.049	0	0.400	0.377	0.613
KMT2D	NOTCH1	9606.ENSP00000301067	9606.ENSP00000498587	0	0	0	0	0.082	0.066	0	0.586	0.614
KMT2D	TRRAP	9606.ENSP00000301067	9606.ENSP00000352925	0	0	0	0	0.397	0	0	0.543	0.713
KMT2D	MED12	9606.ENSP00000301067	9606.ENSP00000363193	0	0	0	0	0.294	0	0	0.614	0.716
KMT2D	SUZ12	9606.ENSP00000301067	9606.ENSP00000316578	0	0	0	0	0.060	0.044	0.500	0.535	0.763
KMT2D	SETD1B	9606.ENSP00000301067	9606.ENSP00000474253	0	0	0	0.552	0.168	0.321	0.400	0.729	0.896
KMT2D	MEN1	9606.ENSP00000301067	9606.ENSP00000337088	0	0	0	0	0.064	0.533	0.800	0.626	0.963
KMT5A	TP53	9606.ENSP00000384629	9606.ENSP00000269305	0	0	0	0	0.089	0.357	0.750	0.493	0.916
KMT5A	SUZ12	9606.ENSP00000384629	9606.ENSP00000316578	0	0	0	0	0.134	0.486	0	0.374	0.697
KMT5A	TP53BP1	9606.ENSP00000384629	9606.ENSP00000371475	0	0	0	0	0	0.271	0	0.582	0.682
KNL1	NUF2	9606.ENSP00000335463	9606.ENSP00000271452	0	0	0	0	0.513	0.827	0.540	0.823	0.992
KNL1	RAD21	9606.ENSP00000335463	9606.ENSP00000297338	0	0	0	0	0.070	0.098	0	0.578	0.616
KNL1	STIL	9606.ENSP00000335463	9606.ENSP00000360944	0	0	0	0	0.248	0	0	0.505	0.611
KNL1	TOP2A	9606.ENSP00000335463	9606.ENSP00000411532	0	0	0	0	0.440	0.066	0	0.492	0.711
KSR2	RAF1	9606.ENSP00000389715	9606.ENSP00000401888	0	0	0	0.645	0	0.159	0.500	0.171	0.621
LATS1	NF2	9606.ENSP00000437550	9606.ENSP00000344666	0	0	0	0	0.045	0.974	0	0.908	0.997
LATS1	PTPN14	9606.ENSP00000437550	9606.ENSP00000355923	0	0	0	0	0.056	0.545	0	0.616	0.820
LATS1	LATS2	9606.ENSP00000437550	9606.ENSP00000372035	0	0	0.069	0.935	0.042	0.780	0.900	0.528	0.989
LATS1	WWTR1	9606.ENSP00000437550	9606.ENSP00000419465	0	0	0	0	0.043	0.911	0.900	0.758	0.997
LATS2	TP53	9606.ENSP00000372035	9606.ENSP00000269305	0	0	0	0	0	0.179	0	0.695	0.738
LATS2	NF2	9606.ENSP00000372035	9606.ENSP00000344666	0	0	0	0	0	0.980	0	0.833	0.996
LATS2	WWTR1	9606.ENSP00000372035	9606.ENSP00000419465	0	0	0	0	0.065	0.653	0.900	0.710	0.989
LIFR	PIK3R2	9606.ENSP00000398368	9606.ENSP00000222254	0	0	0	0	0	0	0.900	0	0.900
LIFR	PIK3R3	9606.ENSP00000398368	9606.ENSP00000262741	0	0	0	0	0.060	0	0.900	0.109	0.908
LIFR	PIK3CA	9606.ENSP00000398368	9606.ENSP00000263967	0	0	0	0	0.048	0	0.900	0.183	0.915
LIFR	PIK3CD	9606.ENSP00000398368	9606.ENSP00000366563	0	0	0	0	0	0	0.900	0.155	0.911
LIFR	PTPN11	9606.ENSP00000398368	9606.ENSP00000489597	0	0	0	0	0	0.087	0	0.717	0.730
LIFR	PIK3CB	9606.ENSP00000398368	9606.ENSP00000501150	0	0	0	0	0	0	0.900	0.077	0.903
LIFR	PIK3R1	9606.ENSP00000398368	9606.ENSP00000428056	0	0	0	0	0.064	0	0.900	0.127	0.911
LMNA	XBP1	9606.ENSP00000357283	9606.ENSP00000216037	0	0	0	0	0.074	0	0.750	0.251	0.811
LMNA	RB1	9606.ENSP00000357283	9606.ENSP00000267163	0	0	0	0	0.059	0.780	0	0.189	0.817
LMNA	TP53	9606.ENSP00000357283	9606.ENSP00000269305	0	0	0	0	0.060	0.309	0	0.542	0.676
LMNA	WRN	9606.ENSP00000357283	9606.ENSP00000298139	0	0	0	0	0.067	0	0	0.720	0.727
LMNA	PCBP1	9606.ENSP00000357283	9606.ENSP00000305556	0	0	0	0	0.048	0.627	0	0.239	0.706
LMNA	NUP98	9606.ENSP00000357283	9606.ENSP00000316032	0	0	0	0	0.064	0.620	0	0.317	0.736
LMNA	PARP1	9606.ENSP00000357283	9606.ENSP00000355759	0	0	0	0	0.069	0.361	0	0.591	0.735
LMNA	TP53BP1	9606.ENSP00000357283	9606.ENSP00000371475	0	0	0	0	0.042	0.296	0	0.502	0.635
LMNA	NTRK1	9606.ENSP00000357283	9606.ENSP00000431418	0	0	0	0	0.045	0.069	0	0.639	0.651
LRIG3	ROS1	9606.ENSP00000326759	9606.ENSP00000357494	0	0	0	0	0	0.100	0	0.724	0.740
LRIG3	SLC34A2	9606.ENSP00000326759	9606.ENSP00000371483	0	0	0	0	0	0.052	0	0.742	0.745
LRP1B	PCLO	9606.ENSP00000374135	9606.ENSP00000334319	0	0	0	0	0.150	0	0	0.654	0.693
LRP1B	PTPRD	9606.ENSP00000374135	9606.ENSP00000370593	0	0	0	0	0.108	0	0	0.727	0.746
LRP5	LRP6	9606.ENSP00000294304	9606.ENSP00000261349	0	0	0.053	0.974	0.081	0.354	0.900	0.986	0.999
LRP5	SFRP4	9606.ENSP00000294304	9606.ENSP00000410715	0	0	0	0	0	0.080	0	0.713	0.724
LRP5	PTK7	9606.ENSP00000294304	9606.ENSP00000418754	0	0	0	0	0.106	0.057	0	0.701	0.726
LRP5	LRRK2	9606.ENSP00000294304	9606.ENSP00000298910	0	0	0	0	0	0	0.720	0.096	0.736
LRP5	RUNX2	9606.ENSP00000294304	9606.ENSP00000360493	0	0	0	0	0	0	0	0.830	0.830
LRP5	RNF43	9606.ENSP00000294304	9606.ENSP00000463069	0	0	0	0	0.042	0	0.500	0.772	0.881
LRP6	RUNX2	9606.ENSP00000261349	9606.ENSP00000360493	0	0	0	0	0	0	0	0.627	0.627
LRP6	SFRP4	9606.ENSP00000261349	9606.ENSP00000410715	0	0	0	0	0	0.080	0	0.680	0.693
LRP6	RNF43	9606.ENSP00000261349	9606.ENSP00000463069	0	0	0	0	0.047	0	0.500	0.606	0.796
LRP6	PTK7	9606.ENSP00000261349	9606.ENSP00000418754	0	0	0	0	0.087	0.057	0	0.807	0.819
LRP6	LRRK2	9606.ENSP00000261349	9606.ENSP00000298910	0	0	0	0	0	0.474	0.720	0.154	0.864
LRRK2	SNCAIP	9606.ENSP00000298910	9606.ENSP00000261367	0	0	0	0	0	0.095	0	0.689	0.706
LRRK2	TP53	9606.ENSP00000298910	9606.ENSP00000269305	0	0	0	0	0.051	0.625	0	0.325	0.738
LRRK2	SH3GL1	9606.ENSP00000298910	9606.ENSP00000269886	0	0	0	0	0	0.524	0	0.740	0.871
LRRK2	RHOA	9606.ENSP00000298910	9606.ENSP00000400175	0	0	0	0	0.074	0.545	0	0.518	0.779
LTK	PIK3R1	9606.ENSP00000263800	9606.ENSP00000428056	0	0	0	0	0	0.581	0	0.499	0.781
LYN	PAG1	9606.ENSP00000428924	9606.ENSP00000220597	0	0	0	0	0.122	0.679	0	0.874	0.961
LYN	PIK3R2	9606.ENSP00000428924	9606.ENSP00000222254	0	0	0	0	0	0.165	0.900	0.229	0.930
LYN	PDGFRA	9606.ENSP00000428924	9606.ENSP00000257290	0	0	0	0.686	0.050	0.094	0	0.590	0.616
LYN	PIK3R3	9606.ENSP00000428924	9606.ENSP00000262741	0	0	0	0	0	0.124	0.900	0.178	0.921
LYN	PIK3CA	9606.ENSP00000428924	9606.ENSP00000263967	0	0	0	0	0.055	0.069	0.900	0.353	0.935
LYN	TP53	9606.ENSP00000428924	9606.ENSP00000269305	0	0	0	0	0.067	0.292	0	0.460	0.612
LYN	RASA1	9606.ENSP00000428924	9606.ENSP00000274376	0	0	0	0.558	0.042	0.095	0	0.590	0.613
LYN	STAT5B	9606.ENSP00000428924	9606.ENSP00000293328	0	0	0	0	0.061	0.096	0.500	0.546	0.782
LYN	STAT5A	9606.ENSP00000428924	9606.ENSP00000341208	0	0	0	0	0.075	0.096	0.500	0.700	0.858
LYN	RAC1	9606.ENSP00000428924	9606.ENSP00000348461	0	0	0	0	0.118	0.187	0.500	0.141	0.651
LYN	SYK	9606.ENSP00000428924	9606.ENSP00000364898	0	0	0.094	0.716	0.367	0.339	0.900	0.986	0.999
LYN	PIK3CD	9606.ENSP00000428924	9606.ENSP00000366563	0	0	0	0	0.135	0.069	0.900	0.526	0.956
LYN	RHOA	9606.ENSP00000428924	9606.ENSP00000400175	0	0	0	0	0.096	0.222	0.500	0.396	0.759
LYN	PTPRC	9606.ENSP00000428924	9606.ENSP00000411355	0	0	0	0	0.297	0.333	0.900	0.647	0.981
LYN	PIK3R1	9606.ENSP00000428924	9606.ENSP00000428056	0	0	0	0	0.044	0.207	0.900	0.581	0.964
LYN	MUC1	9606.ENSP00000428924	9606.ENSP00000484824	0	0	0	0	0.060	0.331	0	0.648	0.759
LYN	PTPN11	9606.ENSP00000428924	9606.ENSP00000489597	0	0	0	0	0.103	0.097	0.500	0.579	0.807
LYN	PRKCB	9606.ENSP00000428924	9606.ENSP00000496129	0	0	0	0.578	0.100	0.327	0.900	0.238	0.947
LYN	PIK3CB	9606.ENSP00000428924	9606.ENSP00000501150	0	0	0	0	0.057	0.069	0.900	0.568	0.957
LYN	PLCG2	9606.ENSP00000428924	9606.ENSP00000482457	0	0	0	0.563	0.263	0.516	0.400	0.839	0.961
MAGED1	XIAP	9606.ENSP00000364847	9606.ENSP00000360242	0	0	0	0	0.068	0.519	0	0.834	0.919
MAGI2	PTEN	9606.ENSP00000346151	9606.ENSP00000361021	0	0	0	0	0	0.523	0.900	0.974	0.998
MAP3K1	NFKBIA	9606.ENSP00000382423	9606.ENSP00000216797	0	0	0	0	0.062	0.295	0.500	0.402	0.776
MAP3K1	TRAF2	9606.ENSP00000382423	9606.ENSP00000247668	0	0	0	0	0.067	0.806	0.900	0.250	0.984
MAP3K1	PIK3CA	9606.ENSP00000382423	9606.ENSP00000263967	0	0	0	0	0.098	0	0	0.609	0.632
MAP3K1	TP53	9606.ENSP00000382423	9606.ENSP00000269305	0	0	0	0	0.085	0.510	0	0.727	0.866
MAP3K1	PAK1	9606.ENSP00000382423	9606.ENSP00000278568	0	0	0	0.633	0.054	0.395	0.750	0.146	0.861
MAP3K1	MAP4K4	9606.ENSP00000382423	9606.ENSP00000343658	0	0	0	0.554	0.055	0.292	0	0.516	0.647
MAP3K1	RAC1	9606.ENSP00000382423	9606.ENSP00000348461	0	0	0	0	0.074	0.128	0.500	0.222	0.644
MAP3K1	PTEN	9606.ENSP00000382423	9606.ENSP00000361021	0	0	0	0	0.068	0.126	0	0.675	0.712
MAP3K1	RAF1	9606.ENSP00000382423	9606.ENSP00000401888	0	0	0	0.576	0.049	0.313	0	0.461	0.617
MAP3K1	RHOA	9606.ENSP00000382423	9606.ENSP00000400175	0	0	0	0	0.128	0.759	0	0.391	0.861
MAP3K13	SMAD4	9606.ENSP00000265026	9606.ENSP00000341551	0	0	0	0	0	0	0	0.694	0.694
MAP3K14	NFKBIA	9606.ENSP00000482657	9606.ENSP00000216797	0	0	0	0	0.065	0.295	0	0.789	0.849
MAP3K14	TRAF2	9606.ENSP00000482657	9606.ENSP00000247668	0	0	0	0	0.064	0.858	0.900	0.720	0.995
MAP3K14	PAK1	9606.ENSP00000482657	9606.ENSP00000278568	0	0	0	0.604	0	0.143	0.900	0.115	0.917
MAP3K14	REL	9606.ENSP00000482657	9606.ENSP00000295025	0	0	0	0	0.063	0.125	0	0.577	0.623
MAP3K14	MAP3K7	9606.ENSP00000482657	9606.ENSP00000358335	0	0	0	0.568	0.050	0.524	0.900	0.204	0.959
MAP3K21	PTPRK	9606.ENSP00000355583	9606.ENSP00000432973	0	0	0	0	0.042	0.097	0	0.732	0.748
MAP3K7	NFKBIA	9606.ENSP00000358335	9606.ENSP00000216797	0	0	0	0	0	0.331	0.500	0.600	0.855
MAP3K7	NOD1	9606.ENSP00000358335	9606.ENSP00000222823	0	0	0	0	0.055	0	0.500	0.367	0.675
MAP3K7	TRAF2	9606.ENSP00000358335	9606.ENSP00000247668	0	0	0	0	0.106	0.813	0.900	0.398	0.988
MAP3K7	REL	9606.ENSP00000358335	9606.ENSP00000295025	0	0	0	0	0.047	0.098	0.500	0.452	0.733
MAP3K7	SMAD3	9606.ENSP00000358335	9606.ENSP00000332973	0	0	0	0	0.068	0.418	0	0.665	0.803
MAP3K7	TRRAP	9606.ENSP00000358335	9606.ENSP00000352925	0	0	0	0	0.075	0.065	0.720	0.057	0.741
MAP3K7	XIAP	9606.ENSP00000358335	9606.ENSP00000360242	0	0	0	0	0.058	0.663	0.500	0.731	0.951
MAX	MGA	9606.ENSP00000351490	9606.ENSP00000219905	0	0	0	0	0.042	0.782	0.900	0.828	0.995
MAX	MSH2	9606.ENSP00000351490	9606.ENSP00000233146	0	0	0	0	0.049	0.600	0	0.097	0.626
MAX	MYCN	9606.ENSP00000351490	9606.ENSP00000281043	0	0	0	0.696	0	0.894	0	0.964	0.996
MAX	SDHAF2	9606.ENSP00000351490	9606.ENSP00000301761	0	0	0	0	0.049	0	0	0.625	0.628
MAX	SMAD3	9606.ENSP00000351490	9606.ENSP00000332973	0	0	0	0	0.049	0.598	0	0.171	0.656
MAX	MEN1	9606.ENSP00000351490	9606.ENSP00000337088	0	0	0	0	0.057	0	0.540	0.192	0.618
MAX	TRRAP	9606.ENSP00000351490	9606.ENSP00000352925	0	0	0	0	0.054	0.784	0	0.417	0.871
MBD4	MLH1	9606.ENSP00000249910	9606.ENSP00000231790	0	0	0	0	0.049	0.589	0	0.921	0.966
MBD4	MBD6	9606.ENSP00000249910	9606.ENSP00000347896	0	0	0	0	0.062	0.053	0	0.623	0.636
MECOM	MYH11	9606.ENSP00000264674	9606.ENSP00000379616	0	0	0	0	0.056	0.063	0	0.607	0.622
MECOM	TP53	9606.ENSP00000264674	9606.ENSP00000269305	0	0	0	0	0	0.044	0.500	0.399	0.687
MECOM	SETBP1	9606.ENSP00000264674	9606.ENSP00000497406	0	0	0	0	0.067	0.095	0	0.670	0.697
MECOM	SUZ12	9606.ENSP00000264674	9606.ENSP00000316578	0	0	0	0	0	0.110	0.500	0.530	0.772
MECOM	RPL22	9606.ENSP00000264674	9606.ENSP00000346088	0	0	0	0	0	0	0	0.801	0.801
MECOM	SMAD3	9606.ENSP00000264674	9606.ENSP00000332973	0	0	0	0	0.042	0.523	0	0.715	0.858
MED12	NCOR1	9606.ENSP00000363193	9606.ENSP00000268712	0	0	0	0	0.133	0	0.500	0.489	0.759
MED12	TP53	9606.ENSP00000363193	9606.ENSP00000269305	0	0	0	0	0.049	0	0	0.666	0.668
MED12	TRRAP	9606.ENSP00000363193	9606.ENSP00000352925	0	0	0	0	0.504	0.336	0	0.189	0.710
MED12	NCOR2	9606.ENSP00000363193	9606.ENSP00000384018	0	0	0	0	0.147	0	0.500	0.148	0.605
MED12	NCOA2	9606.ENSP00000363193	9606.ENSP00000399968	0	0	0	0	0.121	0	0.500	0.253	0.643
MED12	RXRA	9606.ENSP00000363193	9606.ENSP00000419692	0	0	0	0	0.083	0.091	0.650	0.087	0.697
MEF2C	PDGFRA	9606.ENSP00000340874	9606.ENSP00000257290	0	0	0	0	0.055	0	0	0.613	0.619
MEF2C	TCF3	9606.ENSP00000340874	9606.ENSP00000262965	0	0	0	0	0.043	0	0.500	0.297	0.634
MEF2C	MEF2D	9606.ENSP00000340874	9606.ENSP00000271555	0	0	0.058	0.920	0.089	0	0.500	0.181	0.602
MEF2C	SOX2	9606.ENSP00000340874	9606.ENSP00000323588	0	0	0	0	0	0.292	0	0.494	0.626
MEF2C	SMAD3	9606.ENSP00000340874	9606.ENSP00000332973	0	0	0	0	0.048	0.046	0	0.689	0.693
MEF2C	SMARCA4	9606.ENSP00000340874	9606.ENSP00000343896	0	0	0	0	0	0.091	0	0.610	0.630
MEF2C	TCF12	9606.ENSP00000340874	9606.ENSP00000388940	0	0	0	0	0.054	0	0.500	0.301	0.640
MEF2C	NCOR2	9606.ENSP00000340874	9606.ENSP00000384018	0	0	0	0	0.055	0	0	0.645	0.650
MEF2C	NCOA2	9606.ENSP00000340874	9606.ENSP00000399968	0	0	0	0	0.057	0.295	0	0.631	0.733
MEF2D	TCF12	9606.ENSP00000271555	9606.ENSP00000388940	0	0	0	0	0	0	0.500	0.488	0.733
MEF2D	ZNF384	9606.ENSP00000271555	9606.ENSP00000380019	0	0	0	0	0.107	0.078	0	0.753	0.779
MEF2D	NFATC2	9606.ENSP00000271555	9606.ENSP00000379330	0	0	0	0	0.153	0.292	0.900	0.295	0.952
MEN1	MYH9	9606.ENSP00000337088	9606.ENSP00000216181	0	0	0	0	0.043	0.345	0	0.458	0.630
MEN1	PALB2	9606.ENSP00000337088	9606.ENSP00000261584	0	0	0	0	0.105	0.297	0	0.493	0.653
MEN1	SETD1A	9606.ENSP00000337088	9606.ENSP00000262519	0	0	0	0	0.102	0.380	0	0.463	0.675
MEN1	TP53	9606.ENSP00000337088	9606.ENSP00000269305	0	0	0	0	0.091	0.292	0	0.600	0.720
MEN1	TERT	9606.ENSP00000337088	9606.ENSP00000309572	0	0	0	0	0.072	0	0	0.619	0.631
MEN1	SMAD3	9606.ENSP00000337088	9606.ENSP00000332973	0	0	0	0	0.078	0.294	0.500	0.954	0.983
MEN1	MUTYH	9606.ENSP00000337088	9606.ENSP00000500891	0	0	0	0	0.150	0	0	0.597	0.643
MEN1	NF1	9606.ENSP00000337088	9606.ENSP00000351015	0	0	0	0	0.055	0	0	0.679	0.684
MEN1	SMAD4	9606.ENSP00000337088	9606.ENSP00000341551	0	0	0	0	0.066	0.162	0.500	0.435	0.749
MEN1	PRKAR1A	9606.ENSP00000337088	9606.ENSP00000376475	0	0	0	0	0.086	0.226	0	0.681	0.755
MEN1	SETD1B	9606.ENSP00000337088	9606.ENSP00000474253	0	0	0	0	0.074	0.378	0	0.637	0.773
MERTK	PRPF8	9606.ENSP00000295408	9606.ENSP00000460348	0	0	0	0	0	0.071	0	0.589	0.601
MET	PIK3R2	9606.ENSP00000317272	9606.ENSP00000222254	0	0	0	0	0	0.197	0.650	0.240	0.768
MET	PIK3R3	9606.ENSP00000317272	9606.ENSP00000262741	0	0	0	0	0	0.197	0.650	0.490	0.844
MET	PIK3CA	9606.ENSP00000317272	9606.ENSP00000263967	0	0	0	0	0.042	0.069	0.900	0.617	0.961
MET	TP53	9606.ENSP00000317272	9606.ENSP00000269305	0	0	0	0	0	0.189	0	0.769	0.804
MET	MTOR	9606.ENSP00000317272	9606.ENSP00000354558	0	0	0	0	0	0.073	0	0.607	0.620
MET	NTRK1	9606.ENSP00000317272	9606.ENSP00000431418	0	0	0	0.631	0	0.113	0	0.617	0.646
MET	PARP1	9606.ENSP00000317272	9606.ENSP00000355759	0	0	0	0	0.067	0	0	0.692	0.701
MET	RAC1	9606.ENSP00000317272	9606.ENSP00000348461	0	0	0	0	0.080	0.365	0.400	0.253	0.703
MET	PTEN	9606.ENSP00000317272	9606.ENSP00000361021	0	0	0	0	0.068	0.277	0	0.665	0.755
MET	MUC1	9606.ENSP00000317272	9606.ENSP00000484824	0	0	0	0	0.067	0.331	0	0.649	0.762
MET	RHOA	9606.ENSP00000317272	9606.ENSP00000400175	0	0	0	0	0.074	0.274	0.500	0.457	0.793
MET	PIK3R1	9606.ENSP00000317272	9606.ENSP00000428056	0	0	0	0	0	0.197	0.650	0.582	0.872
MET	PLCG2	9606.ENSP00000317272	9606.ENSP00000482457	0	0	0	0	0.063	0.152	0.900	0.068	0.916
MET	PIK3CD	9606.ENSP00000317272	9606.ENSP00000366563	0	0	0	0	0	0.069	0.900	0.232	0.922
MET	PIK3CB	9606.ENSP00000317272	9606.ENSP00000501150	0	0	0	0	0.042	0.069	0.900	0.265	0.925
MET	PTPN11	9606.ENSP00000317272	9606.ENSP00000489597	0	0	0	0	0.049	0.407	0.400	0.810	0.927
MITF	TFE3	9606.ENSP00000391803	9606.ENSP00000314129	0	0	0.056	0.918	0	0.832	0.800	0.905	0.996
MKI67	TP53	9606.ENSP00000357643	9606.ENSP00000269305	0	0	0	0	0.086	0	0	0.607	0.626
MKI67	NUF2	9606.ENSP00000357643	9606.ENSP00000271452	0	0	0	0	0.617	0	0	0.396	0.759
MKI67	POLE	9606.ENSP00000357643	9606.ENSP00000322570	0	0	0	0	0.581	0	0	0.115	0.614
MKI67	PGR	9606.ENSP00000357643	9606.ENSP00000325120	0	0	0	0	0.057	0.045	0	0.636	0.644
MKI67	TOP2A	9606.ENSP00000357643	9606.ENSP00000411532	0	0	0	0	0.957	0	0	0.845	0.993
MLH1	PARP2	9606.ENSP00000231790	9606.ENSP00000250416	0	0	0	0	0.151	0	0	0.568	0.618
MLH1	SMC1A	9606.ENSP00000231790	9606.ENSP00000323421	0	0	0	0	0.130	0.142	0	0.547	0.632
MLH1	XPC	9606.ENSP00000231790	9606.ENSP00000285021	0	0	0	0	0.082	0.098	0.540	0.234	0.669
MLH1	SMAD4	9606.ENSP00000231790	9606.ENSP00000341551	0	0	0	0	0.058	0	0	0.682	0.687
MLH1	RAD52	9606.ENSP00000231790	9606.ENSP00000351284	0	0	0	0	0.055	0.260	0	0.596	0.693
MLH1	TGFBR2	9606.ENSP00000231790	9606.ENSP00000351905	0	0	0	0	0	0	0	0.702	0.702
MLH1	STK11	9606.ENSP00000231790	9606.ENSP00000324856	0	0	0	0	0.055	0	0	0.726	0.730
MLH1	NF1	9606.ENSP00000231790	9606.ENSP00000351015	0	0	0	0	0.042	0	0	0.763	0.764
MLH1	PIK3CA	9606.ENSP00000231790	9606.ENSP00000263967	0	0	0	0	0.049	0	0	0.788	0.789
MLH1	RECQL4	9606.ENSP00000231790	9606.ENSP00000482313	0.045	0	0	0	0.142	0.509	0	0.591	0.813
MLH1	RAD51C	9606.ENSP00000231790	9606.ENSP00000336701	0.057	0	0	0	0.085	0.151	0	0.786	0.822
MLH1	MRE11	9606.ENSP00000231790	9606.ENSP00000325863	0.042	0	0	0	0.157	0.321	0	0.715	0.823
MLH1	PTEN	9606.ENSP00000231790	9606.ENSP00000361021	0	0	0	0	0.086	0.098	0	0.810	0.830
MLH1	WRN	9606.ENSP00000231790	9606.ENSP00000298139	0.045	0	0	0	0.145	0.216	0	0.772	0.835
MLH1	POLE	9606.ENSP00000231790	9606.ENSP00000322570	0	0	0	0	0.149	0.114	0	0.852	0.879
MLH1	NBN	9606.ENSP00000231790	9606.ENSP00000265433	0	0	0	0	0.099	0.510	0	0.774	0.891
MLH1	PALB2	9606.ENSP00000231790	9606.ENSP00000261584	0	0	0	0	0.085	0	0.540	0.765	0.892
MLH1	RAD51	9606.ENSP00000231790	9606.ENSP00000493712	0.057	0	0	0	0.065	0.151	0.500	0.758	0.893
MLH1	MUTYH	9606.ENSP00000231790	9606.ENSP00000500891	0.069	0	0	0	0.083	0	0	0.914	0.920
MLH1	POLD1	9606.ENSP00000231790	9606.ENSP00000472445	0	0	0	0	0.292	0.278	0.540	0.790	0.944
MLH1	TP53	9606.ENSP00000231790	9606.ENSP00000269305	0	0	0	0	0	0	0.750	0.867	0.965
MLH1	MLH3	9606.ENSP00000231790	9606.ENSP00000348020	0	0	0	0.575	0.074	0.986	0.900	0.992	0.999
MLH1	PMS1	9606.ENSP00000231790	9606.ENSP00000406490	0	0	0.124	0.587	0.095	0.935	0.540	0.992	0.999
MLH1	MSH3	9606.ENSP00000231790	9606.ENSP00000265081	0.061	0	0.284	0	0.380	0.829	0.540	0.999	0.999
MLH1	MSH2	9606.ENSP00000231790	9606.ENSP00000233146	0.061	0	0.286	0	0.384	0.923	0.540	0.999	0.999
MLH1	MSH6	9606.ENSP00000231790	9606.ENSP00000234420	0.061	0	0.247	0	0.360	0.864	0.540	0.999	0.999
MLH3	MSH2	9606.ENSP00000348020	9606.ENSP00000233146	0.061	0	0	0	0.333	0.417	0.540	0.997	0.999
MLH3	MSH6	9606.ENSP00000348020	9606.ENSP00000234420	0.061	0	0	0	0.333	0.417	0.540	0.995	0.999
MLH3	PALB2	9606.ENSP00000348020	9606.ENSP00000261584	0	0	0	0	0.060	0	0.540	0.419	0.727
MLH3	MSH3	9606.ENSP00000348020	9606.ENSP00000265081	0.061	0	0	0	0.400	0.417	0.540	0.996	0.999
MLH3	XPC	9606.ENSP00000348020	9606.ENSP00000285021	0	0	0	0	0.060	0.091	0.540	0.219	0.652
MLH3	POLE	9606.ENSP00000348020	9606.ENSP00000322570	0	0	0	0	0.086	0.114	0	0.646	0.688
MLH3	MUTYH	9606.ENSP00000348020	9606.ENSP00000500891	0.069	0	0	0	0	0	0	0.863	0.867
MLH3	RAD51	9606.ENSP00000348020	9606.ENSP00000493712	0.057	0	0	0	0	0.151	0.500	0.727	0.876
MLH3	POLD1	9606.ENSP00000348020	9606.ENSP00000472445	0	0	0	0	0.086	0.114	0.540	0.793	0.912
MLH3	PMS1	9606.ENSP00000348020	9606.ENSP00000406490	0	0	0	0.560	0.060	0.105	0.540	0.978	0.990
MLLT10	SMARCB1	9606.ENSP00000307411	9606.ENSP00000340883	0	0	0	0	0	0.292	0	0.476	0.613
MLLT10	NUP214	9606.ENSP00000307411	9606.ENSP00000352400	0	0	0	0	0.098	0	0	0.625	0.647
MLLT10	NSD1	9606.ENSP00000307411	9606.ENSP00000395929	0	0	0	0	0.096	0	0	0.655	0.675
MLLT10	SEPTIN6	9606.ENSP00000307411	9606.ENSP00000341524	0	0	0	0	0	0	0	0.709	0.709
MLLT10	NUP98	9606.ENSP00000307411	9606.ENSP00000316032	0	0	0	0	0.082	0	0	0.758	0.768
MLLT10	MLLT3	9606.ENSP00000307411	9606.ENSP00000369695	0	0	0	0	0.044	0.510	0	0.992	0.996
MLLT3	NUP98	9606.ENSP00000369695	9606.ENSP00000316032	0	0	0	0	0.046	0	0	0.633	0.635
MLLT3	SMARCB1	9606.ENSP00000369695	9606.ENSP00000340883	0	0	0	0	0	0.288	0	0.646	0.737
MLLT3	SEPTIN6	9606.ENSP00000369695	9606.ENSP00000341524	0	0	0	0	0.049	0	0	0.647	0.649
MLLT3	TRRAP	9606.ENSP00000369695	9606.ENSP00000352925	0	0	0	0	0	0.485	0.540	0.293	0.818
MLLT3	NSD1	9606.ENSP00000369695	9606.ENSP00000395929	0	0	0	0	0.055	0.069	0	0.623	0.640
MLLT3	TET2	9606.ENSP00000369695	9606.ENSP00000442788	0	0	0	0	0.042	0	0	0.678	0.678
MLLT3	TCEA1	9606.ENSP00000369695	9606.ENSP00000428426	0	0	0	0	0	0.152	0.800	0.164	0.845
MRE11	MSH2	9606.ENSP00000325863	9606.ENSP00000233146	0.057	0	0	0	0.164	0.327	0	0.746	0.847
MRE11	MSH6	9606.ENSP00000325863	9606.ENSP00000234420	0.057	0	0	0	0.274	0.327	0	0.735	0.862
MRE11	PARP2	9606.ENSP00000325863	9606.ENSP00000250416	0	0	0	0	0.107	0	0.500	0.325	0.672
MRE11	PALB2	9606.ENSP00000325863	9606.ENSP00000261584	0	0	0	0	0.094	0	0.500	0.736	0.870
MRE11	POLQ	9606.ENSP00000325863	9606.ENSP00000264233	0	0	0	0	0.128	0.292	0.500	0.355	0.774
MRE11	MSH3	9606.ENSP00000325863	9606.ENSP00000265081	0.057	0	0	0	0.136	0.095	0	0.586	0.654
MRE11	NBN	9606.ENSP00000325863	9606.ENSP00000265433	0	0	0	0	0.124	0.999	0.800	0.997	0.999
MRE11	TP53	9606.ENSP00000325863	9606.ENSP00000269305	0	0	0	0	0	0.621	0.500	0.541	0.905
MRE11	SLX4	9606.ENSP00000325863	9606.ENSP00000294008	0.057	0	0	0	0.067	0.292	0.500	0.474	0.806
MRE11	WRN	9606.ENSP00000325863	9606.ENSP00000298139	0.054	0	0	0	0.168	0.508	0.500	0.763	0.945
MRE11	POLE	9606.ENSP00000325863	9606.ENSP00000322570	0	0	0	0	0.250	0.131	0.400	0.570	0.809
MRE11	SMC1A	9606.ENSP00000325863	9606.ENSP00000323421	0.087	0	0	0	0.199	0.053	0	0.774	0.823
MRE11	TOP2A	9606.ENSP00000325863	9606.ENSP00000411532	0.057	0	0	0	0.133	0.292	0	0.442	0.634
MRE11	RTEL1	9606.ENSP00000325863	9606.ENSP00000353332	0	0	0	0	0.093	0	0.400	0.393	0.641
MRE11	PMS1	9606.ENSP00000325863	9606.ENSP00000406490	0.042	0	0	0	0.109	0.070	0	0.605	0.645
MRE11	RAD54L	9606.ENSP00000325863	9606.ENSP00000361043	0.057	0	0	0	0.113	0.111	0	0.680	0.730
MRE11	MUTYH	9606.ENSP00000325863	9606.ENSP00000500891	0.061	0	0	0	0.108	0	0	0.735	0.759
MRE11	POLD1	9606.ENSP00000325863	9606.ENSP00000472445	0	0	0	0	0.176	0.108	0.400	0.587	0.794
MRE11	PARP1	9606.ENSP00000325863	9606.ENSP00000355759	0	0	0	0	0.133	0.292	0.500	0.448	0.808
MRE11	RAD52	9606.ENSP00000325863	9606.ENSP00000351284	0	0	0	0	0.065	0.287	0.500	0.680	0.879
MRE11	RECQL4	9606.ENSP00000325863	9606.ENSP00000482313	0.054	0	0	0	0.131	0.723	0	0.545	0.882
MRE11	RAD51C	9606.ENSP00000325863	9606.ENSP00000336701	0.095	0	0	0	0.111	0.273	0.500	0.806	0.933
MRE11	TP53BP1	9606.ENSP00000325863	9606.ENSP00000371475	0	0	0	0	0.067	0.585	0.500	0.721	0.938
MRE11	RAD51	9606.ENSP00000325863	9606.ENSP00000493712	0.095	0	0	0	0.127	0.622	0.500	0.914	0.984
MRE11	RAD50	9606.ENSP00000325863	9606.ENSP00000368100	0.120	0	0	0	0.861	0.998	0.900	0.996	0.999
MRTFA	SMARCA4	9606.ENSP00000498671	9606.ENSP00000343896	0	0	0	0	0.053	0.292	0	0.648	0.743
MRTFA	RBM15	9606.ENSP00000498671	9606.ENSP00000358799	0	0	0	0	0.076	0	0	0.953	0.954
MRTFA	RHOA	9606.ENSP00000498671	9606.ENSP00000400175	0	0	0	0	0.051	0.060	0.500	0.777	0.887
MS4A1	PRDM1	9606.ENSP00000433277	9606.ENSP00000358092	0	0	0	0	0.087	0.226	0	0.517	0.629
MS4A1	POU2AF1	9606.ENSP00000433277	9606.ENSP00000376786	0	0	0	0	0.737	0	0	0.595	0.889
MS4A1	PTPRC	9606.ENSP00000433277	9606.ENSP00000411355	0	0	0	0	0.366	0	0	0.441	0.631
MS4A1	TCL1A	9606.ENSP00000433277	9606.ENSP00000451506	0	0	0	0	0.679	0	0	0.513	0.837
MSH2	RAD21	9606.ENSP00000233146	9606.ENSP00000297338	0	0	0	0	0.273	0.220	0	0.354	0.602
MSH2	SMC3	9606.ENSP00000233146	9606.ENSP00000354720	0.041	0	0	0	0.298	0.073	0	0.449	0.610
MSH2	RAD50	9606.ENSP00000233146	9606.ENSP00000368100	0	0	0	0	0.171	0.287	0	0.397	0.613
MSH2	PIK3CA	9606.ENSP00000233146	9606.ENSP00000263967	0	0	0	0	0.083	0	0	0.601	0.618
MSH2	TP53BP1	9606.ENSP00000233146	9606.ENSP00000371475	0	0	0	0	0.062	0	0.360	0.416	0.619
MSH2	TOP2A	9606.ENSP00000233146	9606.ENSP00000411532	0.055	0	0	0	0.293	0.164	0	0.404	0.623
MSH2	SMAD4	9606.ENSP00000233146	9606.ENSP00000341551	0	0	0	0	0.056	0	0	0.620	0.625
MSH2	SMC1A	9606.ENSP00000233146	9606.ENSP00000323421	0.041	0	0	0	0.244	0	0	0.538	0.636
MSH2	STK11	9606.ENSP00000233146	9606.ENSP00000324856	0	0	0	0	0	0.046	0	0.692	0.694
MSH2	PARP1	9606.ENSP00000233146	9606.ENSP00000355759	0	0	0	0	0.249	0.221	0	0.549	0.713
MSH2	RECQL	9606.ENSP00000233146	9606.ENSP00000416739	0	0	0	0	0.110	0.480	0	0.449	0.722
MSH2	NF1	9606.ENSP00000233146	9606.ENSP00000351015	0	0	0	0	0.071	0	0	0.717	0.726
MSH2	PTEN	9606.ENSP00000233146	9606.ENSP00000361021	0	0	0	0	0.100	0	0	0.764	0.778
MSH2	RECQL4	9606.ENSP00000233146	9606.ENSP00000482313	0.047	0	0	0	0.130	0.477	0	0.554	0.781
MSH2	NBN	9606.ENSP00000233146	9606.ENSP00000265433	0	0	0	0	0.082	0.319	0	0.742	0.824
MSH2	WRN	9606.ENSP00000233146	9606.ENSP00000298139	0.047	0	0	0	0.145	0.177	0	0.775	0.829
MSH2	RAD51C	9606.ENSP00000233146	9606.ENSP00000336701	0.057	0	0	0	0.226	0.104	0	0.795	0.848
MSH2	RAD52	9606.ENSP00000233146	9606.ENSP00000351284	0	0	0	0	0.042	0.585	0	0.671	0.857
MSH2	PALB2	9606.ENSP00000233146	9606.ENSP00000261584	0	0	0	0	0.108	0	0.540	0.773	0.898
MSH2	XPC	9606.ENSP00000233146	9606.ENSP00000285021	0	0	0	0	0.083	0.079	0.900	0.422	0.944
MSH2	RAD51	9606.ENSP00000233146	9606.ENSP00000493712	0.057	0	0	0	0.242	0.354	0	0.893	0.944
MSH2	MUTYH	9606.ENSP00000233146	9606.ENSP00000500891	0.046	0	0	0	0.060	0.510	0	0.891	0.946
MSH2	POLE	9606.ENSP00000233146	9606.ENSP00000322570	0	0	0	0	0.122	0.620	0	0.855	0.947
MSH2	SLX4	9606.ENSP00000233146	9606.ENSP00000294008	0	0	0	0	0.055	0.735	0	0.900	0.972
MSH2	TP53	9606.ENSP00000233146	9606.ENSP00000269305	0	0	0	0	0.061	0.599	0.500	0.882	0.974
MSH2	POLD1	9606.ENSP00000233146	9606.ENSP00000472445	0	0	0	0	0.293	0.637	0.900	0.811	0.994
MSH2	MSH6	9606.ENSP00000233146	9606.ENSP00000234420	0	0	0.140	0.639	0.682	0.997	0.900	0.991	0.999
MSH2	MSH3	9606.ENSP00000233146	9606.ENSP00000265081	0	0	0.177	0.645	0.107	0.997	0.900	0.991	0.999
MSH2	PMS1	9606.ENSP00000233146	9606.ENSP00000406490	0.061	0	0.342	0	0.485	0.569	0.540	0.999	0.999
MSH3	MSH6	9606.ENSP00000265081	9606.ENSP00000234420	0	0	0.162	0.647	0.063	0.937	0.900	0.991	0.999
MSH3	PALB2	9606.ENSP00000265081	9606.ENSP00000261584	0	0	0	0	0.247	0	0.540	0.475	0.802
MSH3	TP53BP1	9606.ENSP00000265081	9606.ENSP00000371475	0	0	0	0	0.062	0	0.360	0.412	0.616
MSH3	REV3L	9606.ENSP00000265081	9606.ENSP00000351697	0	0	0	0	0.117	0.144	0	0.537	0.620
MSH3	WRN	9606.ENSP00000265081	9606.ENSP00000298139	0.047	0	0	0	0.115	0.169	0	0.620	0.698
MSH3	RAD50	9606.ENSP00000265081	9606.ENSP00000368100	0	0	0	0	0.267	0	0	0.623	0.712
MSH3	RAD51	9606.ENSP00000265081	9606.ENSP00000493712	0.057	0	0	0	0.065	0.299	0	0.646	0.752
MSH3	RAD52	9606.ENSP00000265081	9606.ENSP00000351284	0	0	0	0	0.049	0.245	0	0.711	0.774
MSH3	MUTYH	9606.ENSP00000265081	9606.ENSP00000500891	0.046	0	0	0	0.049	0	0	0.809	0.812
MSH3	POLE	9606.ENSP00000265081	9606.ENSP00000322570	0	0	0	0	0.122	0.144	0	0.776	0.817
MSH3	XPC	9606.ENSP00000265081	9606.ENSP00000285021	0	0	0	0	0.122	0.068	0.720	0.330	0.826
MSH3	POLD1	9606.ENSP00000265081	9606.ENSP00000472445	0	0	0	0	0.133	0.144	0.720	0.774	0.946
MSH3	SLX4	9606.ENSP00000265081	9606.ENSP00000294008	0	0	0	0	0.055	0.292	0	0.954	0.967
MSH3	PMS1	9606.ENSP00000265081	9606.ENSP00000406490	0.061	0	0.429	0	0.400	0.417	0.540	0.995	0.999
MSH6	RAD50	9606.ENSP00000234420	9606.ENSP00000368100	0	0	0	0	0.134	0.287	0	0.440	0.624
MSH6	PIK3CA	9606.ENSP00000234420	9606.ENSP00000263967	0	0	0	0	0.061	0	0	0.624	0.631
MSH6	SMAD4	9606.ENSP00000234420	9606.ENSP00000341551	0	0	0	0	0.109	0	0	0.637	0.663
MSH6	SETD2	9606.ENSP00000234420	9606.ENSP00000386759	0	0	0	0	0.092	0	0	0.644	0.663
MSH6	TP53BP1	9606.ENSP00000234420	9606.ENSP00000371475	0	0	0	0	0.067	0	0.360	0.505	0.678
MSH6	SMC3	9606.ENSP00000234420	9606.ENSP00000354720	0.041	0	0	0	0.356	0.211	0	0.433	0.687
MSH6	TGFBR2	9606.ENSP00000234420	9606.ENSP00000351905	0	0	0	0	0	0.045	0	0.702	0.703
MSH6	STK11	9606.ENSP00000234420	9606.ENSP00000324856	0	0	0	0	0.055	0.045	0	0.705	0.710
MSH6	SLX4	9606.ENSP00000234420	9606.ENSP00000294008	0	0	0	0	0.069	0.510	0	0.455	0.730
MSH6	PTEN	9606.ENSP00000234420	9606.ENSP00000361021	0	0	0	0	0.153	0	0	0.707	0.742
MSH6	NF1	9606.ENSP00000234420	9606.ENSP00000351015	0	0	0	0	0.113	0	0	0.736	0.756
MSH6	SMC1A	9606.ENSP00000234420	9606.ENSP00000323421	0.041	0	0	0	0.296	0.292	0	0.571	0.767
MSH6	REV3L	9606.ENSP00000234420	9606.ENSP00000351697	0	0	0	0	0.116	0.144	0	0.730	0.778
MSH6	PARP1	9606.ENSP00000234420	9606.ENSP00000355759	0	0	0	0	0.350	0.186	0	0.648	0.798
MSH6	RAD51C	9606.ENSP00000234420	9606.ENSP00000336701	0.057	0	0	0	0.132	0.104	0	0.761	0.802
MSH6	TP53	9606.ENSP00000234420	9606.ENSP00000269305	0	0	0	0	0.049	0.292	0	0.762	0.826
MSH6	RAD52	9606.ENSP00000234420	9606.ENSP00000351284	0	0	0	0	0.042	0.553	0	0.648	0.836
MSH6	RECQL4	9606.ENSP00000234420	9606.ENSP00000482313	0.047	0	0	0	0.168	0.590	0	0.594	0.850
MSH6	RAD21	9606.ENSP00000234420	9606.ENSP00000297338	0	0	0	0	0.603	0.484	0	0.382	0.862
MSH6	WRN	9606.ENSP00000234420	9606.ENSP00000298139	0.047	0	0	0	0.218	0.315	0	0.785	0.875
MSH6	RAD51	9606.ENSP00000234420	9606.ENSP00000493712	0.057	0	0	0	0.265	0.338	0	0.794	0.893
MSH6	PALB2	9606.ENSP00000234420	9606.ENSP00000261584	0	0	0	0	0.075	0	0.540	0.773	0.894
MSH6	NBN	9606.ENSP00000234420	9606.ENSP00000265433	0	0	0	0	0.082	0.326	0	0.862	0.907
MSH6	XPC	9606.ENSP00000234420	9606.ENSP00000285021	0	0	0	0	0.075	0.068	0.900	0.323	0.933
MSH6	POLE	9606.ENSP00000234420	9606.ENSP00000322570	0	0	0	0	0.284	0.574	0	0.871	0.957
MSH6	MUTYH	9606.ENSP00000234420	9606.ENSP00000500891	0.046	0	0	0	0.049	0.292	0	0.976	0.982
MSH6	POLD1	9606.ENSP00000234420	9606.ENSP00000472445	0	0	0	0	0.445	0.528	0.900	0.839	0.995
MSH6	PMS1	9606.ENSP00000234420	9606.ENSP00000406490	0.061	0	0.315	0	0.395	0.569	0.540	0.997	0.999
MSI1	NOTCH1	9606.ENSP00000257552	9606.ENSP00000498587	0	0	0	0	0.043	0.071	0	0.660	0.671
MSI1	SOX2	9606.ENSP00000257552	9606.ENSP00000323588	0	0	0	0	0.115	0	0	0.786	0.803
MSI1	MSI2	9606.ENSP00000257552	9606.ENSP00000284073	0	0	0.053	0.974	0.045	0.166	0.900	0.390	0.945
MSI2	SOX2	9606.ENSP00000284073	9606.ENSP00000323588	0	0	0	0	0.044	0.292	0	0.690	0.772
MSI2	NUP98	9606.ENSP00000284073	9606.ENSP00000316032	0	0	0	0	0.076	0.125	0	0.844	0.862
MTOR	NFKBIA	9606.ENSP00000354558	9606.ENSP00000216797	0	0	0	0	0	0.340	0	0.487	0.647
MTOR	TSC2	9606.ENSP00000354558	9606.ENSP00000219476	0	0	0	0	0.149	0.458	0.500	0.961	0.990
MTOR	PIK3R2	9606.ENSP00000354558	9606.ENSP00000222254	0	0	0	0	0.060	0	0.900	0.453	0.944
MTOR	RPS6KB1	9606.ENSP00000354558	9606.ENSP00000225577	0	0	0	0	0.049	0.995	0.900	0.977	0.999
MTOR	RHEB	9606.ENSP00000354558	9606.ENSP00000262187	0	0	0	0	0.049	0.975	0.900	0.996	0.999
MTOR	PIK3R3	9606.ENSP00000354558	9606.ENSP00000262741	0	0	0	0	0.049	0	0.900	0.397	0.937
MTOR	PIK3CA	9606.ENSP00000354558	9606.ENSP00000263967	0	0	0	0.548	0.060	0.166	0.900	0.592	0.963
MTOR	TP53	9606.ENSP00000354558	9606.ENSP00000269305	0	0	0	0	0	0.466	0	0.773	0.874
MTOR	RASA1	9606.ENSP00000354558	9606.ENSP00000274376	0	0	0	0	0.092	0.080	0	0.645	0.677
MTOR	TSC1	9606.ENSP00000354558	9606.ENSP00000298552	0	0	0	0	0.272	0.274	0.500	0.914	0.974
MTOR	TERT	9606.ENSP00000354558	9606.ENSP00000309572	0	0	0	0	0.042	0.335	0	0.622	0.738
MTOR	PRKACA	9606.ENSP00000354558	9606.ENSP00000309591	0	0	0	0	0.049	0.091	0	0.653	0.674
MTOR	STK11	9606.ENSP00000354558	9606.ENSP00000324856	0	0	0	0	0.049	0.103	0	0.775	0.791
MTOR	SMAD3	9606.ENSP00000354558	9606.ENSP00000332973	0	0	0	0	0.049	0	0	0.667	0.670
MTOR	NF1	9606.ENSP00000354558	9606.ENSP00000351015	0	0	0	0	0.125	0	0	0.579	0.616
MTOR	TRRAP	9606.ENSP00000354558	9606.ENSP00000352925	0	0.096	0	0.546	0.583	0.079	0	0.426	0.774
MTOR	PRKD1	9606.ENSP00000354558	9606.ENSP00000390535	0	0	0	0	0	0	0	0.609	0.609
MTOR	SMG1	9606.ENSP00000354558	9606.ENSP00000402515	0	0	0	0.556	0.049	0	0.540	0.247	0.641
MTOR	PARP1	9606.ENSP00000354558	9606.ENSP00000355759	0	0	0	0	0.067	0.041	0	0.649	0.658
MTOR	PRKCB	9606.ENSP00000354558	9606.ENSP00000496129	0	0	0	0	0.044	0	0.900	0.401	0.937
MTOR	PTEN	9606.ENSP00000354558	9606.ENSP00000361021	0	0	0	0	0	0.281	0	0.922	0.942
MTOR	PIK3CD	9606.ENSP00000354558	9606.ENSP00000366563	0	0	0	0.550	0.056	0.166	0.900	0.360	0.942
MTOR	PIK3CB	9606.ENSP00000354558	9606.ENSP00000501150	0	0	0	0.549	0.082	0.166	0.900	0.350	0.943
MTOR	PIK3R1	9606.ENSP00000354558	9606.ENSP00000428056	0	0	0	0	0.044	0	0.900	0.577	0.956
MTOR	RHOA	9606.ENSP00000354558	9606.ENSP00000400175	0	0	0	0	0.053	0.139	0.900	0.555	0.958
MUC1	TP53	9606.ENSP00000484824	9606.ENSP00000269305	0	0	0	0	0	0.294	0	0.954	0.966
MUC1	PGR	9606.ENSP00000484824	9606.ENSP00000325120	0	0	0	0	0.050	0	0	0.661	0.664
MUC1	SMAD3	9606.ENSP00000484824	9606.ENSP00000332973	0	0	0	0	0.042	0.046	0	0.676	0.678
MUTYH	PALB2	9606.ENSP00000500891	9606.ENSP00000261584	0	0	0	0	0.074	0	0	0.723	0.732
MUTYH	PIK3CA	9606.ENSP00000500891	9606.ENSP00000263967	0	0	0	0	0	0	0	0.632	0.632
MUTYH	TP53	9606.ENSP00000500891	9606.ENSP00000269305	0	0	0	0	0.060	0	0	0.741	0.746
MUTYH	WRN	9606.ENSP00000500891	9606.ENSP00000298139	0.043	0	0	0	0.067	0	0	0.647	0.658
MUTYH	POLE	9606.ENSP00000500891	9606.ENSP00000322570	0.111	0	0	0	0.126	0	0	0.789	0.822
MUTYH	STK11	9606.ENSP00000500891	9606.ENSP00000324856	0	0	0	0	0.060	0	0	0.690	0.696
MUTYH	RAD51C	9606.ENSP00000500891	9606.ENSP00000336701	0	0	0	0	0.049	0	0	0.768	0.770
MUTYH	SMAD4	9606.ENSP00000500891	9606.ENSP00000341551	0	0	0	0	0	0	0	0.621	0.621
MUTYH	PTEN	9606.ENSP00000500891	9606.ENSP00000361021	0	0	0	0	0	0	0	0.601	0.601
MUTYH	PMS1	9606.ENSP00000500891	9606.ENSP00000406490	0.069	0	0	0	0.095	0	0	0.813	0.828
MUTYH	POLD1	9606.ENSP00000500891	9606.ENSP00000472445	0.111	0	0	0	0.138	0	0	0.868	0.890
MYCN	PHOX2B	9606.ENSP00000281043	9606.ENSP00000226382	0	0	0	0	0.042	0	0	0.684	0.685
MYCN	TP53	9606.ENSP00000281043	9606.ENSP00000269305	0	0	0	0	0.090	0	0	0.844	0.852
MYCN	NTRK1	9606.ENSP00000281043	9606.ENSP00000431418	0	0	0	0	0.059	0.060	0	0.592	0.607
MYCN	PTCH1	9606.ENSP00000281043	9606.ENSP00000332353	0	0	0	0	0.049	0	0	0.621	0.624
MYCN	SUZ12	9606.ENSP00000281043	9606.ENSP00000316578	0	0	0	0	0	0.342	0	0.552	0.692
MYCN	TRRAP	9606.ENSP00000281043	9606.ENSP00000352925	0	0	0	0	0	0.368	0	0.574	0.719
MYCN	SOX2	9606.ENSP00000281043	9606.ENSP00000323588	0	0	0	0	0.147	0.297	0	0.630	0.759
MYCN	NDRG1	9606.ENSP00000281043	9606.ENSP00000404854	0	0	0	0	0	0.292	0	0.916	0.937
MYH11	MYH9	9606.ENSP00000379616	9606.ENSP00000216181	0	0	0.051	0.979	0.060	0	0.900	0.383	0.937
MYH11	NPM1	9606.ENSP00000379616	9606.ENSP00000296930	0	0	0	0	0	0.053	0	0.663	0.667
MYH11	RHOA	9606.ENSP00000379616	9606.ENSP00000400175	0	0	0	0	0	0.072	0.500	0.323	0.658
MYH9	RAC1	9606.ENSP00000216181	9606.ENSP00000348461	0	0	0	0	0.084	0.190	0.500	0.175	0.653
MYH9	WAS	9606.ENSP00000216181	9606.ENSP00000365891	0	0	0	0	0.083	0.069	0	0.646	0.671
MYH9	MYO18A	9606.ENSP00000216181	9606.ENSP00000437073	0	0	0	0.644	0.056	0.168	0.540	0.209	0.676
MYH9	USP6	9606.ENSP00000216181	9606.ENSP00000460380	0	0	0	0	0	0.051	0	0.673	0.676
MYH9	MYO5A	9606.ENSP00000216181	9606.ENSP00000382177	0	0	0	0.671	0.081	0.371	0.400	0.194	0.683
MYH9	RHOA	9606.ENSP00000216181	9606.ENSP00000400175	0	0	0	0	0.156	0.072	0.500	0.427	0.745
MYH9	RNF213	9606.ENSP00000216181	9606.ENSP00000464087	0	0	0	0	0.067	0.126	0.750	0.532	0.892
MYO18A	PIK3CA	9606.ENSP00000437073	9606.ENSP00000263967	0	0	0	0	0	0	0.500	0.343	0.657
MYO18A	TRIP11	9606.ENSP00000437073	9606.ENSP00000267622	0	0	0	0	0.055	0.113	0.500	0.701	0.858
MYO18A	TRIM24	9606.ENSP00000437073	9606.ENSP00000340507	0	0	0	0	0.057	0.047	0.400	0.512	0.701
NACA	RPL22	9606.ENSP00000448035	9606.ENSP00000346088	0	0	0	0	0.452	0.800	0	0.165	0.900
NACA	RPL5	9606.ENSP00000448035	9606.ENSP00000359345	0	0	0	0	0.885	0.828	0	0.096	0.980
NBN	PARP2	9606.ENSP00000265433	9606.ENSP00000250416	0	0	0	0	0	0	0.500	0.283	0.626
NBN	PALB2	9606.ENSP00000265433	9606.ENSP00000261584	0	0	0	0	0.095	0	0.500	0.596	0.801
NBN	POLQ	9606.ENSP00000265433	9606.ENSP00000264233	0	0	0	0	0.049	0	0.500	0.253	0.613
NBN	SMC1A	9606.ENSP00000265433	9606.ENSP00000323421	0	0	0	0	0.109	0	0	0.624	0.651
NBN	RAD52	9606.ENSP00000265433	9606.ENSP00000351284	0	0	0	0	0	0	0.500	0.408	0.691
NBN	SLX4	9606.ENSP00000265433	9606.ENSP00000294008	0	0	0	0	0	0.292	0.500	0.231	0.703
NBN	TP53	9606.ENSP00000265433	9606.ENSP00000269305	0	0	0	0	0	0.166	0.500	0.479	0.763
NBN	PARP1	9606.ENSP00000265433	9606.ENSP00000355759	0	0	0	0	0.057	0.292	0.500	0.446	0.790
NBN	RAD51C	9606.ENSP00000265433	9606.ENSP00000336701	0	0	0	0	0.042	0.068	0.500	0.637	0.816
NBN	TP53BP1	9606.ENSP00000265433	9606.ENSP00000371475	0	0	0	0	0.067	0.628	0.500	0.609	0.923
NBN	RAD51	9606.ENSP00000265433	9606.ENSP00000493712	0	0	0	0	0.042	0.273	0.500	0.811	0.925
NBN	WRN	9606.ENSP00000265433	9606.ENSP00000298139	0	0	0	0	0.063	0.516	0.500	0.716	0.927
NBN	RAD50	9606.ENSP00000265433	9606.ENSP00000368100	0	0	0	0	0.126	0.994	0.900	0.994	0.999
NCOA2	NCOR1	9606.ENSP00000399968	9606.ENSP00000268712	0	0	0	0	0.122	0.046	0.500	0.790	0.900
NCOA2	TP53	9606.ENSP00000399968	9606.ENSP00000269305	0	0	0	0	0.042	0.127	0	0.639	0.671
NCOA2	PGR	9606.ENSP00000399968	9606.ENSP00000325120	0	0	0	0	0	0.582	0	0.796	0.911
NCOA2	SMARCA4	9606.ENSP00000399968	9606.ENSP00000343896	0	0	0	0	0.066	0.074	0	0.695	0.713
NCOA2	NCOR2	9606.ENSP00000399968	9606.ENSP00000384018	0	0	0	0	0.056	0.046	0.500	0.759	0.877
NCOA2	RXRA	9606.ENSP00000399968	9606.ENSP00000419692	0	0	0	0	0.099	0.991	0.800	0.638	0.999
NCOR1	PML	9606.ENSP00000268712	9606.ENSP00000268058	0	0	0	0	0.049	0.512	0.400	0.433	0.821
NCOR1	SF3B1	9606.ENSP00000268712	9606.ENSP00000335321	0	0	0	0	0.607	0	0	0.049	0.611
NCOR1	NOTCH1	9606.ENSP00000268712	9606.ENSP00000498587	0	0	0	0	0.081	0.054	0.500	0.298	0.654
NCOR1	SOX2	9606.ENSP00000268712	9606.ENSP00000323588	0	0	0	0	0	0.606	0	0.274	0.702
NCOR1	RBM15	9606.ENSP00000268712	9606.ENSP00000358799	0	0	0	0	0.080	0	0	0.727	0.739
NCOR1	SUZ12	9606.ENSP00000268712	9606.ENSP00000316578	0	0	0	0	0.060	0	0.500	0.511	0.750
NCOR1	SMARCB1	9606.ENSP00000268712	9606.ENSP00000340883	0	0	0	0	0.068	0.312	0	0.648	0.754
NCOR1	SMARCA2	9606.ENSP00000268712	9606.ENSP00000371638	0	0	0	0	0.080	0.470	0	0.589	0.782
NCOR1	SMARCA4	9606.ENSP00000268712	9606.ENSP00000343896	0	0	0	0	0.080	0.292	0	0.746	0.820
NCOR1	TRRAP	9606.ENSP00000268712	9606.ENSP00000352925	0	0	0	0	0.128	0.764	0	0.273	0.837
NCOR1	TP53	9606.ENSP00000268712	9606.ENSP00000269305	0	0	0	0	0.054	0.495	0	0.717	0.853
NCOR1	SMAD4	9606.ENSP00000268712	9606.ENSP00000341551	0	0	0	0	0.067	0.292	0.500	0.615	0.855
NCOR1	SPEN	9606.ENSP00000268712	9606.ENSP00000364912	0	0	0	0	0.152	0.292	0	0.844	0.898
NCOR1	SMAD3	9606.ENSP00000268712	9606.ENSP00000332973	0	0	0	0	0.054	0	0.500	0.851	0.923
NCOR1	ZBTB16	9606.ENSP00000268712	9606.ENSP00000338157	0	0	0	0	0.042	0.803	0	0.879	0.975
NCOR1	RXRA	9606.ENSP00000268712	9606.ENSP00000419692	0	0	0	0	0.075	0.711	0.650	0.789	0.977
NCOR1	PGR	9606.ENSP00000268712	9606.ENSP00000325120	0	0	0	0	0	0.932	0.500	0.831	0.993
NCOR1	NCOR2	9606.ENSP00000268712	9606.ENSP00000384018	0	0	0	0.846	0.122	0.622	0.800	0.985	0.998
NCOR2	NFKBIA	9606.ENSP00000384018	9606.ENSP00000216797	0	0	0	0	0.055	0.535	0	0.229	0.632
NCOR2	PML	9606.ENSP00000384018	9606.ENSP00000268058	0	0	0	0	0.139	0.512	0.400	0.449	0.842
NCOR2	TP53	9606.ENSP00000384018	9606.ENSP00000269305	0	0	0	0	0.049	0.376	0	0.502	0.678
NCOR2	STAT5B	9606.ENSP00000384018	9606.ENSP00000293328	0	0	0	0	0.060	0	0	0.701	0.707
NCOR2	PGR	9606.ENSP00000384018	9606.ENSP00000325120	0	0	0	0	0	0.963	0.500	0.619	0.992
NCOR2	SMAD3	9606.ENSP00000384018	9606.ENSP00000332973	0	0	0	0	0.074	0	0.500	0.423	0.709
NCOR2	ZBTB16	9606.ENSP00000384018	9606.ENSP00000338157	0	0	0	0	0	0.847	0	0.867	0.978
NCOR2	STAT5A	9606.ENSP00000384018	9606.ENSP00000341208	0	0	0	0	0.061	0	0	0.693	0.699
NCOR2	SMAD4	9606.ENSP00000384018	9606.ENSP00000341551	0	0	0	0	0.049	0	0.500	0.469	0.725
NCOR2	TRRAP	9606.ENSP00000384018	9606.ENSP00000352925	0	0	0	0	0.182	0.764	0	0.186	0.829
NCOR2	RBM15	9606.ENSP00000384018	9606.ENSP00000358799	0	0	0	0	0.062	0	0	0.849	0.853
NCOR2	SPEN	9606.ENSP00000384018	9606.ENSP00000364912	0	0	0	0	0.142	0.622	0	0.930	0.975
NCOR2	NOTCH1	9606.ENSP00000384018	9606.ENSP00000498587	0	0	0	0	0.138	0.054	0.500	0.514	0.775
NCOR2	RXRA	9606.ENSP00000384018	9606.ENSP00000419692	0	0	0	0	0.107	0.982	0.500	0.639	0.996
NDRG1	TP53	9606.ENSP00000404854	9606.ENSP00000269305	0	0	0	0	0	0	0.750	0.459	0.859
NF1	TSC2	9606.ENSP00000351015	9606.ENSP00000219476	0	0	0	0	0.060	0	0	0.703	0.709
NF1	PDGFRA	9606.ENSP00000351015	9606.ENSP00000257290	0	0	0	0	0.044	0	0	0.803	0.804
NF1	PALB2	9606.ENSP00000351015	9606.ENSP00000261584	0	0	0	0	0.049	0	0	0.603	0.606
NF1	PIK3CA	9606.ENSP00000351015	9606.ENSP00000263967	0	0	0	0	0.060	0	0	0.789	0.793
NF1	SDHA	9606.ENSP00000351015	9606.ENSP00000264932	0	0	0	0	0	0	0	0.653	0.653
NF1	TP53	9606.ENSP00000351015	9606.ENSP00000269305	0	0	0	0	0	0	0	0.880	0.880
NF1	RASA1	9606.ENSP00000351015	9606.ENSP00000274376	0	0	0	0.557	0.108	0.126	0.400	0.640	0.809
NF1	SPRED1	9606.ENSP00000351015	9606.ENSP00000299084	0	0	0	0	0.049	0.792	0.400	0.946	0.992
NF1	SDHAF2	9606.ENSP00000351015	9606.ENSP00000301761	0	0	0	0	0	0	0	0.666	0.666
NF1	TERT	9606.ENSP00000351015	9606.ENSP00000309572	0	0	0	0	0	0	0	0.665	0.665
NF1	PRKACA	9606.ENSP00000351015	9606.ENSP00000309591	0	0	0	0	0	0.152	0	0.634	0.676
NF1	STK11	9606.ENSP00000351015	9606.ENSP00000324856	0	0	0	0	0.083	0.051	0	0.712	0.728
NF1	RAD51C	9606.ENSP00000351015	9606.ENSP00000336701	0	0	0	0	0.105	0	0	0.577	0.606
NF1	SMAD4	9606.ENSP00000351015	9606.ENSP00000341551	0	0	0	0	0.104	0	0	0.864	0.873
NF1	SMARCA4	9606.ENSP00000351015	9606.ENSP00000343896	0	0	0	0	0.071	0.301	0	0.648	0.751
NF1	NF2	9606.ENSP00000351015	9606.ENSP00000344666	0	0	0	0	0.049	0	0	0.970	0.970
NF1	SETD2	9606.ENSP00000351015	9606.ENSP00000386759	0	0	0	0	0.190	0	0	0.532	0.605
NF1	PIK3R1	9606.ENSP00000351015	9606.ENSP00000428056	0	0	0	0	0.057	0	0	0.602	0.608
NF1	TET2	9606.ENSP00000351015	9606.ENSP00000442788	0	0	0	0	0.127	0	0	0.571	0.610
NF1	RNF213	9606.ENSP00000351015	9606.ENSP00000464087	0	0	0	0	0.062	0.043	0	0.629	0.637
NF1	ROS1	9606.ENSP00000351015	9606.ENSP00000357494	0	0	0	0	0	0.146	0	0.602	0.645
NF1	RAF1	9606.ENSP00000351015	9606.ENSP00000401888	0	0	0	0	0.049	0.343	0	0.723	0.812
NF1	PTPN11	9606.ENSP00000351015	9606.ENSP00000489597	0	0	0	0	0.133	0	0	0.836	0.852
NF1	PTEN	9606.ENSP00000351015	9606.ENSP00000361021	0	0	0	0	0.084	0.218	0	0.838	0.874
NF2	TSC2	9606.ENSP00000344666	9606.ENSP00000219476	0	0	0	0	0.098	0	0	0.665	0.685
NF2	SLC9A3R1	9606.ENSP00000344666	9606.ENSP00000262613	0	0	0	0	0.042	0.660	0	0.870	0.954
NF2	TP53	9606.ENSP00000344666	9606.ENSP00000269305	0	0	0	0	0.049	0.185	0	0.731	0.773
NF2	RASA1	9606.ENSP00000344666	9606.ENSP00000274376	0	0	0	0	0.044	0	0	0.706	0.706
NF2	PAK1	9606.ENSP00000344666	9606.ENSP00000278568	0	0	0	0	0.067	0.301	0.700	0.611	0.914
NF2	TSC1	9606.ENSP00000344666	9606.ENSP00000298552	0	0	0	0	0.154	0.179	0	0.684	0.761
NF2	SMARCB1	9606.ENSP00000344666	9606.ENSP00000340883	0	0	0	0	0.064	0.071	0	0.820	0.830
NF2	PTEN	9606.ENSP00000344666	9606.ENSP00000361021	0	0	0	0	0	0.046	0	0.604	0.606
NF2	RAC1	9606.ENSP00000344666	9606.ENSP00000348461	0	0	0	0	0.047	0.152	0.500	0.201	0.634
NFATC2	REL	9606.ENSP00000379330	9606.ENSP00000295025	0	0	0	0	0.068	0.095	0	0.685	0.711
NFATC2	SMAD3	9606.ENSP00000379330	9606.ENSP00000332973	0	0	0	0	0.108	0	0	0.925	0.930
NFKBIA	PARP1	9606.ENSP00000216797	9606.ENSP00000355759	0	0	0	0	0	0.069	0	0.603	0.614
NFKBIA	RHOA	9606.ENSP00000216797	9606.ENSP00000400175	0	0	0	0	0.066	0.356	0	0.422	0.622
NFKBIA	XIAP	9606.ENSP00000216797	9606.ENSP00000360242	0	0	0	0	0.055	0.071	0	0.619	0.636
NFKBIA	STAT5A	9606.ENSP00000216797	9606.ENSP00000341208	0	0	0	0	0.107	0.045	0	0.625	0.653
NFKBIA	NOD1	9606.ENSP00000216797	9606.ENSP00000222823	0	0	0	0	0.083	0.042	0	0.657	0.672
NFKBIA	PTPN13	9606.ENSP00000216797	9606.ENSP00000394794	0	0	0	0	0	0.475	0	0.474	0.712
NFKBIA	SYK	9606.ENSP00000216797	9606.ENSP00000364898	0	0	0	0	0.064	0.095	0	0.707	0.730
NFKBIA	TRAF2	9606.ENSP00000216797	9606.ENSP00000247668	0	0	0	0	0.063	0.045	0.500	0.529	0.761
NFKBIA	PIK3R1	9606.ENSP00000216797	9606.ENSP00000428056	0	0	0	0	0.049	0.370	0	0.652	0.773
NFKBIA	TP53	9606.ENSP00000216797	9606.ENSP00000269305	0	0	0	0	0.051	0.623	0	0.781	0.915
NFKBIA	PRKACA	9606.ENSP00000216797	9606.ENSP00000309591	0	0	0	0	0.063	0.045	0.900	0.664	0.965
NFKBIA	REL	9606.ENSP00000216797	9606.ENSP00000295025	0	0.002	0	0	0.113	0.908	0.500	0.999	0.999
NOD1	XIAP	9606.ENSP00000222823	9606.ENSP00000360242	0	0	0	0	0	0.292	0	0.549	0.667
NOTCH1	NOTCH2	9606.ENSP00000498587	9606.ENSP00000256646	0	0	0.065	0.950	0.145	0.180	0.900	0.122	0.932
NOTCH1	NOTCH3	9606.ENSP00000498587	9606.ENSP00000263388	0	0	0.068	0.942	0.134	0.313	0.500	0.424	0.811
NOTCH1	PIK3CA	9606.ENSP00000498587	9606.ENSP00000263967	0	0	0	0	0	0.314	0	0.700	0.786
NOTCH1	TP53	9606.ENSP00000498587	9606.ENSP00000269305	0	0	0	0	0.049	0.045	0	0.786	0.789
NOTCH1	REL	9606.ENSP00000498587	9606.ENSP00000295025	0	0	0	0	0.042	0.292	0	0.652	0.743
NOTCH1	SOX2	9606.ENSP00000498587	9606.ENSP00000323588	0	0	0	0	0	0.050	0	0.689	0.692
NOTCH1	PHF6	9606.ENSP00000498587	9606.ENSP00000329097	0	0	0	0	0.078	0.071	0	0.574	0.603
NOTCH1	SMAD3	9606.ENSP00000498587	9606.ENSP00000332973	0	0	0	0	0.060	0.293	0	0.942	0.958
NOTCH1	SMAD4	9606.ENSP00000498587	9606.ENSP00000341551	0	0	0	0	0.049	0.043	0	0.809	0.811
NOTCH1	SMARCA4	9606.ENSP00000498587	9606.ENSP00000343896	0	0	0	0	0.096	0.401	0	0.430	0.665
NOTCH1	RBM15	9606.ENSP00000498587	9606.ENSP00000358799	0	0	0	0	0.054	0.071	0	0.630	0.646
NOTCH1	RUNX2	9606.ENSP00000498587	9606.ENSP00000360493	0	0	0	0	0	0	0	0.660	0.660
NOTCH1	PTEN	9606.ENSP00000498587	9606.ENSP00000361021	0	0	0	0	0.062	0.099	0	0.736	0.758
NOTCH1	NOTCH4	9606.ENSP00000498587	9606.ENSP00000364163	0	0	0.078	0.878	0.049	0	0.500	0.690	0.846
NOTCH1	SPEN	9606.ENSP00000498587	9606.ENSP00000364912	0	0	0	0	0.095	0.052	0	0.775	0.790
NOTCH1	PIK3R1	9606.ENSP00000498587	9606.ENSP00000428056	0	0	0	0	0.049	0.097	0	0.608	0.633
NOTCH1	TLE3	9606.ENSP00000498587	9606.ENSP00000452871	0	0	0	0	0.072	0.154	0.500	0.246	0.664
NOTCH2	TP53	9606.ENSP00000256646	9606.ENSP00000269305	0	0	0	0	0.049	0.045	0	0.602	0.607
NOTCH2	SPEN	9606.ENSP00000256646	9606.ENSP00000364912	0	0	0	0	0.060	0.223	0	0.507	0.608
NOTCH2	PDGFRA	9606.ENSP00000256646	9606.ENSP00000257290	0	0	0	0	0.064	0	0	0.623	0.632
NOTCH2	NOTCH3	9606.ENSP00000256646	9606.ENSP00000263388	0	0	0.068	0.943	0	0.206	0.500	0.468	0.777
NOTCH2	NOTCH4	9606.ENSP00000256646	9606.ENSP00000364163	0	0	0.083	0.874	0	0.126	0.500	0.611	0.823
NOTCH3	TP53	9606.ENSP00000263388	9606.ENSP00000269305	0	0	0	0	0	0.045	0	0.709	0.710
NOTCH3	NOTCH4	9606.ENSP00000263388	9606.ENSP00000364163	0	0	0.089	0.864	0.076	0.109	0.500	0.613	0.828
NOTCH4	SMAD3	9606.ENSP00000364163	9606.ENSP00000332973	0	0	0	0	0	0.293	0.900	0.312	0.947
NPM1	STAG2	9606.ENSP00000296930	9606.ENSP00000218089	0	0	0	0	0.083	0	0	0.599	0.616
NPM1	PARP2	9606.ENSP00000296930	9606.ENSP00000250416	0	0	0	0	0.151	0.059	0	0.708	0.746
NPM1	PIK3CA	9606.ENSP00000296930	9606.ENSP00000263967	0	0	0	0	0.055	0	0.500	0.441	0.712
NPM1	RB1	9606.ENSP00000296930	9606.ENSP00000267163	0	0	0	0	0.077	0.625	0	0.509	0.815
NPM1	PML	9606.ENSP00000296930	9606.ENSP00000268058	0	0	0	0	0.042	0.510	0	0.558	0.774
NPM1	TP53	9606.ENSP00000296930	9606.ENSP00000269305	0	0	0	0	0.124	0.847	0.500	0.967	0.997
NPM1	RANBP2	9606.ENSP00000296930	9606.ENSP00000283195	0	0	0	0	0.206	0	0.500	0.369	0.727
NPM1	STAT5B	9606.ENSP00000296930	9606.ENSP00000293328	0	0	0	0	0.042	0	0	0.727	0.727
NPM1	SETBP1	9606.ENSP00000296930	9606.ENSP00000497406	0	0	0	0	0.056	0	0	0.621	0.626
NPM1	SMARCA4	9606.ENSP00000296930	9606.ENSP00000343896	0	0	0	0	0.070	0.292	0	0.531	0.664
NPM1	TPR	9606.ENSP00000296930	9606.ENSP00000356448	0	0	0	0	0.126	0.294	0.500	0.093	0.683
NPM1	PRKAR1A	9606.ENSP00000296930	9606.ENSP00000376475	0	0	0	0	0.062	0.292	0.400	0.348	0.705
NPM1	WT1	9606.ENSP00000296930	9606.ENSP00000368370	0	0	0	0	0	0.051	0	0.720	0.722
NPM1	NUP214	9606.ENSP00000296930	9606.ENSP00000352400	0	0	0	0	0.090	0	0.500	0.447	0.726
NPM1	SRSF2	9606.ENSP00000296930	9606.ENSP00000376276	0	0	0	0	0.124	0.073	0	0.695	0.730
NPM1	PHF6	9606.ENSP00000296930	9606.ENSP00000329097	0	0	0	0	0.090	0.292	0	0.621	0.734
NPM1	SEC31A	9606.ENSP00000296930	9606.ENSP00000378721	0	0	0	0	0.060	0	0.500	0.486	0.737
NPM1	ZBTB16	9606.ENSP00000296930	9606.ENSP00000338157	0	0	0	0	0	0.052	0	0.736	0.739
NPM1	TET2	9606.ENSP00000296930	9606.ENSP00000442788	0	0	0	0	0	0	0	0.776	0.776
NPM1	PIK3R1	9606.ENSP00000296930	9606.ENSP00000428056	0	0	0	0	0.048	0.162	0.500	0.518	0.782
NPM1	PTPN11	9606.ENSP00000296930	9606.ENSP00000489597	0	0	0	0	0.075	0.059	0	0.777	0.789
NPM1	NUP98	9606.ENSP00000296930	9606.ENSP00000316032	0	0	0	0	0.057	0.162	0.500	0.541	0.794
NPM1	STAT5A	9606.ENSP00000296930	9606.ENSP00000341208	0	0	0	0	0	0	0.500	0.635	0.809
NPM1	NUMA1	9606.ENSP00000296930	9606.ENSP00000377298	0	0	0	0	0.154	0.162	0	0.817	0.858
NPM1	PARP1	9606.ENSP00000296930	9606.ENSP00000355759	0	0	0	0	0.180	0.331	0	0.949	0.970
NPM1	RPL5	9606.ENSP00000296930	9606.ENSP00000359345	0	0	0	0	0.675	0.623	0	0.820	0.976
NQO1	TP53	9606.ENSP00000319788	9606.ENSP00000269305	0	0	0	0	0	0.735	0	0.806	0.946
NQO1	PARP1	9606.ENSP00000319788	9606.ENSP00000355759	0	0	0	0	0.060	0.292	0	0.479	0.622
NSD1	NUP98	9606.ENSP00000395929	9606.ENSP00000316032	0	0	0	0	0.116	0.053	0	0.930	0.937
NSD1	SETD3	9606.ENSP00000395929	9606.ENSP00000327436	0	0	0	0	0.082	0.047	0	0.602	0.621
NSD1	PBRM1	9606.ENSP00000395929	9606.ENSP00000386593	0	0	0	0	0.488	0.062	0	0.355	0.663
NSD1	SETD2	9606.ENSP00000395929	9606.ENSP00000386759	0	0	0	0.552	0.457	0	0	0.366	0.641
NSD1	SETBP1	9606.ENSP00000395929	9606.ENSP00000497406	0	0	0	0	0.094	0	0	0.663	0.682
NSD3	SETD2	9606.ENSP00000313983	9606.ENSP00000386759	0	0	0	0.570	0.142	0	0	0.562	0.608
NSD3	SETBP1	9606.ENSP00000313983	9606.ENSP00000497406	0	0	0	0	0.086	0	0	0.590	0.609
NSD3	SETD3	9606.ENSP00000313983	9606.ENSP00000327436	0	0	0	0	0	0.047	0.400	0.628	0.769
NSD3	NUTM1	9606.ENSP00000313983	9606.ENSP00000444896	0	0	0	0	0.054	0.079	0	0.810	0.820
NSD3	NUP98	9606.ENSP00000313983	9606.ENSP00000316032	0	0	0	0	0.069	0.053	0	0.823	0.831
NTRK1	PIK3R2	9606.ENSP00000431418	9606.ENSP00000222254	0	0	0	0	0	0.179	0.900	0.224	0.930
NTRK1	PIK3R3	9606.ENSP00000431418	9606.ENSP00000262741	0	0	0	0	0	0.145	0.900	0.186	0.924
NTRK1	PIK3CA	9606.ENSP00000431418	9606.ENSP00000263967	0	0	0	0	0.050	0.087	0.900	0.593	0.960
NTRK1	TP53	9606.ENSP00000431418	9606.ENSP00000269305	0	0	0	0	0.088	0	0	0.619	0.637
NTRK1	NTRK2	9606.ENSP00000431418	9606.ENSP00000277120	0	0	0.064	0.929	0.067	0.095	0.500	0.978	0.989
NTRK1	STAT5B	9606.ENSP00000431418	9606.ENSP00000293328	0	0	0	0	0	0.113	0	0.568	0.600
NTRK1	TPR	9606.ENSP00000431418	9606.ENSP00000356448	0	0	0	0	0	0.104	0.900	0.379	0.939
NTRK1	PTEN	9606.ENSP00000431418	9606.ENSP00000361021	0	0	0	0	0	0.092	0	0.586	0.608
NTRK1	PIK3CD	9606.ENSP00000431418	9606.ENSP00000366563	0	0	0	0	0.050	0.069	0.900	0.222	0.922
NTRK1	PIK3R1	9606.ENSP00000431418	9606.ENSP00000428056	0	0	0	0	0	0.453	0.900	0.370	0.962
NTRK1	PLCG2	9606.ENSP00000431418	9606.ENSP00000482457	0	0	0	0	0	0.059	0.900	0.108	0.908
NTRK1	PIK3CB	9606.ENSP00000431418	9606.ENSP00000501150	0	0	0	0	0.050	0.087	0.900	0.313	0.932
NTRK2	PIK3CA	9606.ENSP00000277120	9606.ENSP00000263967	0	0	0	0	0.050	0.069	0.500	0.353	0.675
NTRK2	RAC1	9606.ENSP00000277120	9606.ENSP00000348461	0	0	0	0	0.074	0.110	0.500	0.171	0.612
NTRK2	PIK3R1	9606.ENSP00000277120	9606.ENSP00000428056	0	0	0	0	0.067	0.360	0.500	0.236	0.741
NTRK2	PLCG2	9606.ENSP00000277120	9606.ENSP00000482457	0	0	0	0	0	0.059	0.900	0.100	0.907
NTRK2	PTPN11	9606.ENSP00000277120	9606.ENSP00000489597	0	0	0	0	0.042	0.215	0.500	0.858	0.939
NUF2	STIL	9606.ENSP00000271452	9606.ENSP00000360944	0	0	0	0	0.446	0	0	0.317	0.606
NUF2	RAD51	9606.ENSP00000271452	9606.ENSP00000493712	0	0	0	0	0.749	0	0	0.190	0.788
NUF2	TOP2A	9606.ENSP00000271452	9606.ENSP00000411532	0	0	0	0	0.819	0	0	0.661	0.936
NUMA1	TP53	9606.ENSP00000377298	9606.ENSP00000269305	0	0	0	0	0.069	0	0	0.609	0.620
NUMA1	STAT5B	9606.ENSP00000377298	9606.ENSP00000293328	0	0	0	0	0.049	0	0	0.647	0.649
NUMA1	NUP98	9606.ENSP00000377298	9606.ENSP00000316032	0	0	0	0	0.067	0.442	0	0.297	0.602
NUMA1	ZBTB16	9606.ENSP00000377298	9606.ENSP00000338157	0	0	0	0	0.055	0.091	0	0.816	0.828
NUMA1	STAG1	9606.ENSP00000377298	9606.ENSP00000372689	0	0	0	0	0.096	0	0	0.624	0.646
NUMA1	PRKAR1A	9606.ENSP00000377298	9606.ENSP00000376475	0	0	0	0	0.053	0	0	0.708	0.711
NUP214	RANBP2	9606.ENSP00000352400	9606.ENSP00000283195	0	0	0	0	0.079	0.921	0.800	0.997	0.999
NUP214	TLX3	9606.ENSP00000352400	9606.ENSP00000296921	0	0	0	0	0	0	0	0.848	0.848
NUP214	NUP93	9606.ENSP00000352400	9606.ENSP00000310668	0	0	0	0	0.049	0.984	0.800	0.844	0.999
NUP214	PTPN2	9606.ENSP00000352400	9606.ENSP00000311857	0	0	0	0	0.166	0	0	0.644	0.690
NUP214	NUP98	9606.ENSP00000352400	9606.ENSP00000316032	0	0	0	0.547	0.117	0.993	0.500	0.820	0.999
NUP214	PHF6	9606.ENSP00000352400	9606.ENSP00000329097	0	0	0	0	0.179	0	0	0.706	0.748
NUP214	SMAD3	9606.ENSP00000352400	9606.ENSP00000332973	0	0	0	0	0.056	0.292	0	0.597	0.707
NUP214	SMAD4	9606.ENSP00000352400	9606.ENSP00000341551	0	0	0	0	0.057	0.292	0	0.653	0.748
NUP214	TNFSF13	9606.ENSP00000352400	9606.ENSP00000343505	0	0	0	0	0	0	0.800	0	0.800
NUP214	SRSF2	9606.ENSP00000352400	9606.ENSP00000376276	0	0	0	0	0.391	0	0.400	0.227	0.693
NUP214	TPR	9606.ENSP00000352400	9606.ENSP00000356448	0	0	0	0	0.163	0.296	0.800	0.688	0.958
NUP93	RANBP2	9606.ENSP00000310668	9606.ENSP00000283195	0	0	0	0	0.238	0.957	0.800	0.852	0.998
NUP93	TPR	9606.ENSP00000310668	9606.ENSP00000356448	0	0	0	0	0.155	0.480	0.800	0.662	0.966
NUP93	NUP98	9606.ENSP00000310668	9606.ENSP00000316032	0	0	0	0	0.421	0.987	0.500	0.897	0.999
NUP98	PRRX1	9606.ENSP00000316032	9606.ENSP00000239461	0	0	0	0	0	0	0	0.842	0.842
NUP98	SETD1A	9606.ENSP00000316032	9606.ENSP00000262519	0	0	0	0	0.083	0.053	0	0.587	0.610
NUP98	RANBP2	9606.ENSP00000316032	9606.ENSP00000283195	0	0	0	0	0.279	0.965	0.900	0.974	0.999
NUP98	SETBP1	9606.ENSP00000316032	9606.ENSP00000497406	0	0	0	0	0.060	0.053	0	0.805	0.811
NUP98	TPR	9606.ENSP00000316032	9606.ENSP00000356448	0	0	0	0	0.278	0.644	0.900	0.793	0.994
P2RY8	PHF6	9606.ENSP00000370697	9606.ENSP00000329097	0	0	0	0	0	0.081	0	0.641	0.656
PAG1	PTPN11	9606.ENSP00000220597	9606.ENSP00000489597	0	0	0	0	0	0.046	0.500	0.322	0.648
PAG1	SLC9A3R1	9606.ENSP00000220597	9606.ENSP00000262613	0	0	0	0	0	0.406	0	0.838	0.899
PAK1	RHOA	9606.ENSP00000278568	9606.ENSP00000400175	0	0	0	0	0.061	0.165	0	0.552	0.619
PAK1	PCBP1	9606.ENSP00000278568	9606.ENSP00000305556	0	0	0	0	0.050	0.314	0	0.497	0.644
PAK1	WAS	9606.ENSP00000278568	9606.ENSP00000365891	0	0	0	0	0.044	0.071	0.400	0.471	0.680
PAK1	ROBO1	9606.ENSP00000278568	9606.ENSP00000420321	0	0	0	0	0.074	0.073	0.900	0.102	0.912
PAK1	RAF1	9606.ENSP00000278568	9606.ENSP00000401888	0	0	0	0.593	0.060	0.525	0.900	0.169	0.957
PAK1	PAK3	9606.ENSP00000278568	9606.ENSP00000353864	0	0	0.053	0.975	0	0.597	0.900	0.053	0.959
PAK1	RAC1	9606.ENSP00000278568	9606.ENSP00000348461	0	0	0	0	0.063	0.995	0.700	0.580	0.999
PAK3	RAC1	9606.ENSP00000353864	9606.ENSP00000348461	0	0	0	0	0.056	0.729	0.700	0.208	0.931
PAK3	RAF1	9606.ENSP00000353864	9606.ENSP00000401888	0	0	0	0.591	0	0.071	0.900	0.105	0.909
PAK3	ROBO1	9606.ENSP00000353864	9606.ENSP00000420321	0	0	0	0	0.088	0.073	0.900	0.077	0.911
PALB2	RTEL1	9606.ENSP00000261584	9606.ENSP00000353332	0	0	0	0	0.116	0	0.400	0.342	0.621
PALB2	RAD50	9606.ENSP00000261584	9606.ENSP00000368100	0.057	0	0	0	0.139	0	0.500	0.272	0.665
PALB2	RAD54L	9606.ENSP00000261584	9606.ENSP00000361043	0	0	0	0	0.166	0	0	0.651	0.697
PALB2	PARP1	9606.ENSP00000261584	9606.ENSP00000355759	0	0	0	0	0.059	0	0	0.720	0.725
PALB2	PTEN	9606.ENSP00000261584	9606.ENSP00000361021	0	0	0	0	0.074	0	0	0.718	0.727
PALB2	TP53	9606.ENSP00000261584	9606.ENSP00000269305	0	0	0	0	0.049	0.097	0	0.720	0.738
PALB2	POLE	9606.ENSP00000261584	9606.ENSP00000322570	0	0	0	0	0.074	0	0.400	0.610	0.764
PALB2	PMS1	9606.ENSP00000261584	9606.ENSP00000406490	0	0	0	0	0.097	0	0.540	0.481	0.765
PALB2	TP53BP1	9606.ENSP00000261584	9606.ENSP00000371475	0	0	0	0	0.047	0.088	0.360	0.632	0.768
PALB2	WRN	9606.ENSP00000261584	9606.ENSP00000298139	0	0	0	0	0.088	0	0.500	0.558	0.781
PALB2	POLD1	9606.ENSP00000261584	9606.ENSP00000472445	0	0	0	0	0.058	0	0.540	0.586	0.805
PALB2	STK11	9606.ENSP00000261584	9606.ENSP00000324856	0	0	0	0	0	0	0	0.843	0.843
PALB2	RAD52	9606.ENSP00000261584	9606.ENSP00000351284	0	0	0	0	0.047	0	0	0.844	0.845
PALB2	SLX4	9606.ENSP00000261584	9606.ENSP00000294008	0.056	0	0	0	0.078	0	0.500	0.732	0.868
PALB2	RAD51	9606.ENSP00000261584	9606.ENSP00000493712	0.061	0	0	0	0.145	0.911	0.500	0.997	0.999
PALB2	RAD51C	9606.ENSP00000261584	9606.ENSP00000336701	0.061	0	0	0	0.088	0.294	0.900	0.995	0.999
PARP1	RPS6KB1	9606.ENSP00000355759	9606.ENSP00000225577	0	0	0	0	0.070	0	0	0.633	0.644
PARP1	PARP2	9606.ENSP00000355759	9606.ENSP00000250416	0	0	0.098	0.870	0.130	0.613	0.800	0.513	0.965
PARP1	PIK3CA	9606.ENSP00000355759	9606.ENSP00000263967	0	0	0	0	0.056	0	0	0.611	0.617
PARP1	POLQ	9606.ENSP00000355759	9606.ENSP00000264233	0	0	0	0	0.088	0	0.500	0.678	0.840
PARP1	TP53	9606.ENSP00000355759	9606.ENSP00000269305	0	0	0	0	0.067	0.794	0	0.870	0.972
PARP1	XPC	9606.ENSP00000355759	9606.ENSP00000285021	0	0	0	0	0.049	0.830	0.500	0.221	0.928
PARP1	RAD21	9606.ENSP00000355759	9606.ENSP00000297338	0	0	0	0	0.537	0.090	0	0.267	0.665
PARP1	WRN	9606.ENSP00000355759	9606.ENSP00000298139	0	0	0	0	0.049	0.521	0	0.828	0.915
PARP1	SOX2	9606.ENSP00000355759	9606.ENSP00000323588	0	0	0	0	0.071	0.332	0	0.456	0.633
PARP1	PGR	9606.ENSP00000355759	9606.ENSP00000325120	0	0	0	0	0.092	0.309	0	0.577	0.711
PARP1	SMAD3	9606.ENSP00000355759	9606.ENSP00000332973	0	0	0	0	0.049	0	0.500	0.746	0.869
PARP1	RAD51C	9606.ENSP00000355759	9606.ENSP00000336701	0	0	0	0	0.096	0	0	0.643	0.663
PARP1	SMAD4	9606.ENSP00000355759	9606.ENSP00000341551	0	0	0	0	0.049	0	0.500	0.784	0.888
PARP1	SMARCA4	9606.ENSP00000355759	9606.ENSP00000343896	0	0	0	0	0.221	0.216	0	0.995	0.996
PARP1	RAD52	9606.ENSP00000355759	9606.ENSP00000351284	0	0	0	0	0	0	0.400	0.531	0.706
PARP1	RAD50	9606.ENSP00000355759	9606.ENSP00000368100	0	0	0	0	0.095	0.078	0.500	0.195	0.619
PARP1	RECQL	9606.ENSP00000355759	9606.ENSP00000416739	0	0	0	0	0.063	0.422	0	0.453	0.678
PARP1	XIAP	9606.ENSP00000355759	9606.ENSP00000360242	0	0	0	0	0.055	0	0	0.714	0.718
PARP1	PTEN	9606.ENSP00000355759	9606.ENSP00000361021	0	0	0	0	0.086	0	0	0.712	0.726
PARP1	TOP2A	9606.ENSP00000355759	9606.ENSP00000411532	0	0	0	0	0.174	0.434	0	0.492	0.742
PARP1	RECQL4	9606.ENSP00000355759	9606.ENSP00000482313	0	0	0	0	0.122	0.312	0	0.676	0.787
PARP1	RAD51	9606.ENSP00000355759	9606.ENSP00000493712	0	0	0	0	0.144	0	0	0.844	0.860
PARP1	TIPARP	9606.ENSP00000355759	9606.ENSP00000420612	0	0	0	0	0	0	0	0.862	0.862
PARP1	TP53BP1	9606.ENSP00000355759	9606.ENSP00000371475	0	0	0	0	0.074	0.303	0	0.828	0.879
PARP2	RAD52	9606.ENSP00000250416	9606.ENSP00000351284	0	0	0	0	0.049	0	0.400	0.381	0.616
PARP2	RAD51	9606.ENSP00000250416	9606.ENSP00000493712	0	0	0	0	0.151	0	0	0.615	0.659
PARP2	POLQ	9606.ENSP00000250416	9606.ENSP00000264233	0	0	0	0	0.099	0	0.500	0.330	0.672
PARP2	XPC	9606.ENSP00000250416	9606.ENSP00000285021	0	0	0	0	0.049	0.695	0.500	0.159	0.861
PAX8	SMAD4	9606.ENSP00000263334	9606.ENSP00000341551	0	0	0	0	0.055	0.497	0	0.250	0.612
PAX8	TFE3	9606.ENSP00000263334	9606.ENSP00000314129	0	0	0	0	0	0	0	0.621	0.621
PAX8	TP53	9606.ENSP00000263334	9606.ENSP00000269305	0	0	0	0	0.095	0	0	0.759	0.772
PAX8	WT1	9606.ENSP00000263334	9606.ENSP00000368370	0	0	0	0	0.049	0.047	0	0.777	0.781
PAX8	SMAD3	9606.ENSP00000263334	9606.ENSP00000332973	0	0	0	0	0.057	0	0	0.837	0.839
PAX8	RXRA	9606.ENSP00000263334	9606.ENSP00000419692	0	0	0	0	0	0.045	0.900	0.100	0.906
PAX8	PRKACA	9606.ENSP00000263334	9606.ENSP00000309591	0	0	0	0	0	0	0.900	0.165	0.913
PAX8	PRKCB	9606.ENSP00000263334	9606.ENSP00000496129	0	0	0	0	0.060	0	0.900	0.201	0.918
PBRM1	PIK3CA	9606.ENSP00000386593	9606.ENSP00000263967	0	0	0	0	0.158	0	0	0.591	0.641
PBRM1	RB1	9606.ENSP00000386593	9606.ENSP00000267163	0	0	0	0	0.146	0	0.720	0.173	0.785
PBRM1	TP53	9606.ENSP00000386593	9606.ENSP00000269305	0	0	0	0	0	0	0	0.622	0.622
PBRM1	SMARCB1	9606.ENSP00000386593	9606.ENSP00000340883	0	0	0	0	0.109	0.992	0.720	0.995	0.999
PBRM1	SMAD4	9606.ENSP00000386593	9606.ENSP00000341551	0	0	0	0	0.263	0.084	0	0.475	0.615
PBRM1	SMARCA4	9606.ENSP00000386593	9606.ENSP00000343896	0	0	0	0.549	0.214	0.994	0.720	0.991	0.999
PBRM1	PTEN	9606.ENSP00000386593	9606.ENSP00000361021	0	0	0	0	0.108	0.052	0	0.589	0.622
PBRM1	SMARCA2	9606.ENSP00000386593	9606.ENSP00000371638	0	0	0	0.549	0.150	0.921	0.720	0.965	0.999
PBRM1	SETD2	9606.ENSP00000386593	9606.ENSP00000386759	0	0	0	0	0.333	0.091	0	0.857	0.906
PCBP1	SFPQ	9606.ENSP00000305556	9606.ENSP00000349748	0	0	0	0	0.352	0.162	0	0.332	0.606
PCBP1	SRSF2	9606.ENSP00000305556	9606.ENSP00000376276	0	0	0	0	0.138	0	0.400	0.676	0.818
PCBP1	SMAD3	9606.ENSP00000305556	9606.ENSP00000332973	0	0	0	0	0.047	0	0	0.928	0.928
PCBP1	PRPF8	9606.ENSP00000305556	9606.ENSP00000460348	0	0	0	0	0.190	0.994	0	0.156	0.995
PCSK7	PTPRC	9606.ENSP00000325917	9606.ENSP00000411355	0	0	0	0	0.061	0	0	0.630	0.638
PDCD11	RPL5	9606.ENSP00000358812	9606.ENSP00000359345	0.056	0	0	0	0.922	0.590	0	0.490	0.982
PDE4DIP	PRKACA	9606.ENSP00000358363	9606.ENSP00000309591	0	0	0	0	0.051	0.806	0	0.159	0.832
PDGFRA	PIK3R2	9606.ENSP00000257290	9606.ENSP00000222254	0	0	0	0	0.044	0.230	0.900	0.263	0.938
PDGFRA	PRRX1	9606.ENSP00000257290	9606.ENSP00000239461	0	0	0	0	0.247	0.045	0	0.503	0.611
PDGFRA	SMO	9606.ENSP00000257290	9606.ENSP00000249373	0	0	0	0	0.066	0	0	0.624	0.633
PDGFRA	SOX2	9606.ENSP00000257290	9606.ENSP00000323588	0	0	0	0	0.070	0	0	0.590	0.602
PDGFRA	STAT6	9606.ENSP00000257290	9606.ENSP00000300134	0	0	0	0	0.052	0.079	0.500	0.220	0.614
PDGFRA	SDHA	9606.ENSP00000257290	9606.ENSP00000264932	0	0	0	0	0	0	0	0.616	0.616
PDGFRA	TERT	9606.ENSP00000257290	9606.ENSP00000309572	0	0	0	0	0	0.178	0	0.566	0.628
PDGFRA	SH3GL1	9606.ENSP00000257290	9606.ENSP00000269886	0	0	0	0	0	0	0.650	0	0.650
PDGFRA	STAT5A	9606.ENSP00000257290	9606.ENSP00000341208	0	0	0	0	0.052	0.079	0.500	0.339	0.673
PDGFRA	PTPRC	9606.ENSP00000257290	9606.ENSP00000411355	0	0	0	0	0.056	0.051	0	0.669	0.678
PDGFRA	STAT5B	9606.ENSP00000257290	9606.ENSP00000293328	0	0	0	0	0.052	0.079	0.500	0.352	0.679
PDGFRA	TP53	9606.ENSP00000257290	9606.ENSP00000269305	0	0	0	0	0.059	0.193	0	0.712	0.762
PDGFRA	PTEN	9606.ENSP00000257290	9606.ENSP00000361021	0	0	0	0	0.042	0.192	0	0.796	0.828
PDGFRA	PLCG2	9606.ENSP00000257290	9606.ENSP00000482457	0	0	0	0	0	0.094	0.900	0.125	0.913
PDGFRA	PIK3CD	9606.ENSP00000257290	9606.ENSP00000366563	0	0	0	0	0	0.098	0.900	0.227	0.924
PDGFRA	PIK3R3	9606.ENSP00000257290	9606.ENSP00000262741	0	0	0	0	0	0.266	0.900	0.231	0.938
PDGFRA	PIK3CB	9606.ENSP00000257290	9606.ENSP00000501150	0	0	0	0	0	0.098	0.900	0.562	0.957
PDGFRA	PIK3CA	9606.ENSP00000257290	9606.ENSP00000263967	0	0	0	0	0	0.334	0.900	0.866	0.990
PDGFRA	PTPN11	9606.ENSP00000257290	9606.ENSP00000489597	0	0	0	0	0.060	0.607	0.900	0.888	0.995
PDGFRA	PIK3R1	9606.ENSP00000257290	9606.ENSP00000428056	0	0	0	0	0.054	0.808	0.900	0.795	0.995
PGR	PIK3R2	9606.ENSP00000325120	9606.ENSP00000222254	0	0	0	0	0	0.065	0.900	0.138	0.912
PGR	PIK3R3	9606.ENSP00000325120	9606.ENSP00000262741	0	0	0	0	0	0.065	0.900	0.132	0.911
PGR	PIK3CA	9606.ENSP00000325120	9606.ENSP00000263967	0	0	0	0	0.060	0	0.900	0.626	0.961
PGR	RB1	9606.ENSP00000325120	9606.ENSP00000267163	0	0	0	0	0.087	0.053	0	0.768	0.782
PGR	TP53	9606.ENSP00000325120	9606.ENSP00000269305	0	0	0	0	0	0	0	0.849	0.849
PGR	STAT5B	9606.ENSP00000325120	9606.ENSP00000293328	0	0	0	0	0	0.309	0	0.832	0.879
PGR	PRKACA	9606.ENSP00000325120	9606.ENSP00000309591	0	0	0	0	0	0	0.900	0.398	0.937
PGR	PTEN	9606.ENSP00000325120	9606.ENSP00000361021	0	0	0	0	0	0.046	0	0.665	0.667
PGR	WT1	9606.ENSP00000325120	9606.ENSP00000368370	0	0	0	0	0.117	0.067	0	0.655	0.691
PGR	STAT5A	9606.ENSP00000325120	9606.ENSP00000341208	0	0	0	0	0	0.309	0	0.841	0.885
PGR	PIK3CD	9606.ENSP00000325120	9606.ENSP00000366563	0	0	0	0	0.060	0	0.900	0.136	0.911
PGR	PIK3CB	9606.ENSP00000325120	9606.ENSP00000501150	0	0	0	0	0.060	0	0.900	0.220	0.920
PGR	PIK3R1	9606.ENSP00000325120	9606.ENSP00000428056	0	0	0	0	0	0.065	0.900	0.322	0.931
PHF1	TP53	9606.ENSP00000363640	9606.ENSP00000269305	0	0	0	0	0	0.615	0	0.507	0.802
PHF1	SUZ12	9606.ENSP00000363640	9606.ENSP00000316578	0	0	0	0	0.068	0.883	0.500	0.885	0.992
PHF1	PHF19	9606.ENSP00000363640	9606.ENSP00000483946	0	0	0.077	0.885	0.042	0.302	0.500	0.899	0.963
PHF19	SUZ12	9606.ENSP00000483946	9606.ENSP00000316578	0	0	0	0	0.070	0.985	0.500	0.766	0.998
PHF6	STAG2	9606.ENSP00000329097	9606.ENSP00000218089	0	0	0	0	0.243	0	0	0.670	0.739
PHF6	TLX3	9606.ENSP00000329097	9606.ENSP00000296921	0	0	0	0	0	0.045	0	0.896	0.896
PHF6	SUZ12	9606.ENSP00000329097	9606.ENSP00000316578	0	0	0	0	0.156	0.310	0	0.490	0.677
PHF6	SMC1A	9606.ENSP00000329097	9606.ENSP00000323421	0	0	0	0	0.156	0.066	0	0.579	0.639
PHF6	PTPN11	9606.ENSP00000329097	9606.ENSP00000489597	0	0	0	0	0.082	0	0	0.582	0.600
PHF6	PTEN	9606.ENSP00000329097	9606.ENSP00000361021	0	0	0	0	0	0.053	0	0.658	0.663
PHF6	WT1	9606.ENSP00000329097	9606.ENSP00000368370	0	0	0	0	0.067	0.095	0	0.662	0.689
PHF6	TET2	9606.ENSP00000329097	9606.ENSP00000442788	0	0	0	0	0.081	0	0	0.694	0.706
PHF6	SRSF2	9606.ENSP00000329097	9606.ENSP00000376276	0	0	0	0	0.124	0	0	0.696	0.723
PHF6	SETBP1	9606.ENSP00000329097	9606.ENSP00000497406	0	0	0	0	0	0.109	0	0.717	0.737
PHLPP1	RPS6KB1	9606.ENSP00000262719	9606.ENSP00000225577	0	0	0	0	0	0.328	0	0.541	0.678
PHLPP1	PTEN	9606.ENSP00000262719	9606.ENSP00000361021	0	0	0	0	0	0.236	0	0.767	0.814
PHLPP1	PHLPP2	9606.ENSP00000262719	9606.ENSP00000457991	0	0	0.061	0.946	0.067	0.711	0.900	0.572	0.987
PHLPP2	RPS6KB1	9606.ENSP00000457991	9606.ENSP00000225577	0	0	0	0	0.049	0.328	0	0.457	0.623
PHLPP2	SLC9A3R1	9606.ENSP00000457991	9606.ENSP00000262613	0	0	0	0	0	0.524	0	0.683	0.842
PHLPP2	PTEN	9606.ENSP00000457991	9606.ENSP00000361021	0	0	0	0	0	0.236	0	0.725	0.781
PIK3C2B	PIK3R2	9606.ENSP00000356155	9606.ENSP00000222254	0	0	0	0	0.124	0	0.900	0.505	0.952
PIK3C2B	PIK3R3	9606.ENSP00000356155	9606.ENSP00000262741	0	0	0	0	0.049	0	0.900	0.504	0.948
PIK3C2B	PIK3CA	9606.ENSP00000356155	9606.ENSP00000263967	0	0	0	0.717	0	0.066	0.540	0.529	0.780
PIK3C2B	PIK3CD	9606.ENSP00000356155	9606.ENSP00000366563	0	0	0	0.703	0.042	0.071	0.540	0.220	0.638
PIK3C2B	PLCG2	9606.ENSP00000356155	9606.ENSP00000482457	0	0	0	0	0.101	0	0.650	0.125	0.700
PIK3C2B	PIK3CB	9606.ENSP00000356155	9606.ENSP00000501150	0	0	0	0.694	0	0.066	0.540	0.510	0.771
PIK3C2B	PTEN	9606.ENSP00000356155	9606.ENSP00000361021	0	0	0	0	0.067	0	0.900	0.424	0.941
PIK3C2B	PIK3R1	9606.ENSP00000356155	9606.ENSP00000428056	0	0	0	0	0.044	0.138	0.900	0.498	0.953
PIK3C2B	PIK3C2G	9606.ENSP00000356155	9606.ENSP00000445381	0	0	0	0.847	0	0	0.900	0.688	0.967
PIK3C2G	PIK3R2	9606.ENSP00000445381	9606.ENSP00000222254	0	0	0	0	0	0	0.900	0.507	0.948
PIK3C2G	PIK3R3	9606.ENSP00000445381	9606.ENSP00000262741	0	0	0	0	0	0	0.900	0.473	0.945
PIK3C2G	PIK3CA	9606.ENSP00000445381	9606.ENSP00000263967	0	0	0	0.672	0	0.066	0.540	0.497	0.765
PIK3C2G	PTEN	9606.ENSP00000445381	9606.ENSP00000361021	0	0	0	0	0.067	0	0.900	0.393	0.938
PIK3C2G	PIK3CD	9606.ENSP00000445381	9606.ENSP00000366563	0	0	0	0.660	0	0.071	0.540	0.223	0.639
PIK3C2G	PIK3R1	9606.ENSP00000445381	9606.ENSP00000428056	0	0	0	0	0.050	0	0.900	0.450	0.943
PIK3C2G	PLCG2	9606.ENSP00000445381	9606.ENSP00000482457	0	0	0	0	0.069	0	0.650	0.112	0.685
PIK3C2G	PIK3CB	9606.ENSP00000445381	9606.ENSP00000501150	0	0	0	0.650	0	0.066	0.540	0.483	0.758
PIK3CA	TSC2	9606.ENSP00000263967	9606.ENSP00000219476	0	0	0	0	0	0	0	0.687	0.687
PIK3CA	PIK3R2	9606.ENSP00000263967	9606.ENSP00000222254	0	0	0	0	0	0.881	0.922	0.996	0.999
PIK3CA	RPS6KB1	9606.ENSP00000263967	9606.ENSP00000225577	0	0	0	0	0.125	0	0	0.689	0.716
PIK3CA	TRAF2	9606.ENSP00000263967	9606.ENSP00000247668	0	0	0	0	0.068	0	0.900	0.063	0.905
PIK3CA	PIK3R3	9606.ENSP00000263967	9606.ENSP00000262741	0	0	0	0	0	0.881	0.944	0.994	0.999
PIK3CA	RALGDS	9606.ENSP00000263967	9606.ENSP00000361120	0	0	0	0	0.050	0	0	0.637	0.641
PIK3CA	POLE	9606.ENSP00000263967	9606.ENSP00000322570	0	0	0	0	0	0	0	0.664	0.664
PIK3CA	TERT	9606.ENSP00000263967	9606.ENSP00000309572	0	0	0	0	0.060	0	0	0.669	0.675
PIK3CA	RASA1	9606.ENSP00000263967	9606.ENSP00000274376	0	0	0	0	0.483	0	0	0.448	0.702
PIK3CA	ROS1	9606.ENSP00000263967	9606.ENSP00000357494	0	0	0	0	0	0.069	0	0.727	0.735
PIK3CA	RHOA	9606.ENSP00000263967	9606.ENSP00000400175	0	0	0	0	0.056	0.105	0.500	0.465	0.743
PIK3CA	RAC1	9606.ENSP00000263967	9606.ENSP00000348461	0	0	0	0	0.105	0.463	0.400	0.226	0.747
PIK3CA	SMAD4	9606.ENSP00000263967	9606.ENSP00000341551	0	0	0	0	0.210	0	0	0.763	0.805
PIK3CA	STK11	9606.ENSP00000263967	9606.ENSP00000324856	0	0	0	0	0.049	0.178	0	0.817	0.844
PIK3CA	PLCG2	9606.ENSP00000263967	9606.ENSP00000482457	0	0	0	0	0	0	0.900	0.315	0.928
PIK3CA	SYK	9606.ENSP00000263967	9606.ENSP00000364898	0	0	0	0	0	0.069	0.900	0.364	0.935
PIK3CA	TP53	9606.ENSP00000263967	9606.ENSP00000269305	0	0	0	0	0	0.292	0	0.920	0.941
PIK3CA	RAF1	9606.ENSP00000263967	9606.ENSP00000401888	0	0	0	0	0.066	0.069	0.900	0.719	0.972
PIK3CA	PTPN11	9606.ENSP00000263967	9606.ENSP00000489597	0	0	0	0	0.118	0.661	0.900	0.725	0.990
PIK3CA	PTEN	9606.ENSP00000263967	9606.ENSP00000361021	0	0	0	0	0.112	0.134	0.900	0.949	0.995
PIK3CA	PIK3CD	9606.ENSP00000263967	9606.ENSP00000366563	0	0	0.060	0.888	0	0	0.900	0.983	0.998
PIK3CA	PIK3CB	9606.ENSP00000263967	9606.ENSP00000501150	0	0	0.060	0.882	0.083	0	0.900	0.984	0.998
PIK3CA	PIK3R1	9606.ENSP00000263967	9606.ENSP00000428056	0	0	0	0	0.156	0.997	0.967	0.998	0.999
PIK3CB	PIK3R2	9606.ENSP00000501150	9606.ENSP00000222254	0	0	0	0	0	0.916	0.914	0.996	0.999
PIK3CB	TRAF2	9606.ENSP00000501150	9606.ENSP00000247668	0	0	0	0	0.068	0	0.900	0.063	0.905
PIK3CB	PIK3R3	9606.ENSP00000501150	9606.ENSP00000262741	0	0	0	0	0	0.857	0.914	0.996	0.999
PIK3CB	RAC1	9606.ENSP00000501150	9606.ENSP00000348461	0	0	0	0	0.107	0.504	0	0.223	0.626
PIK3CB	PTEN	9606.ENSP00000501150	9606.ENSP00000361021	0	0	0	0	0.058	0.134	0.900	0.829	0.984
PIK3CB	SYK	9606.ENSP00000501150	9606.ENSP00000364898	0	0	0	0	0.049	0.069	0.900	0.390	0.938
PIK3CB	PIK3CD	9606.ENSP00000501150	9606.ENSP00000366563	0	0	0.060	0.956	0	0	0.900	0.983	0.998
PIK3CB	RHOA	9606.ENSP00000501150	9606.ENSP00000400175	0	0	0	0	0	0.105	0.500	0.311	0.664
PIK3CB	RAF1	9606.ENSP00000501150	9606.ENSP00000401888	0	0	0	0	0.059	0.069	0.900	0.387	0.939
PIK3CB	PIK3R1	9606.ENSP00000501150	9606.ENSP00000428056	0	0	0	0	0.049	0.936	0.914	0.996	0.999
PIK3CB	PLCG2	9606.ENSP00000501150	9606.ENSP00000482457	0	0	0	0	0	0	0.900	0.409	0.938
PIK3CB	PTPN11	9606.ENSP00000501150	9606.ENSP00000489597	0	0	0	0	0.121	0.049	0.900	0.310	0.934
PIK3CD	PIK3R2	9606.ENSP00000366563	9606.ENSP00000222254	0	0	0	0	0.042	0.563	0.914	0.996	0.999
PIK3CD	TRAF2	9606.ENSP00000366563	9606.ENSP00000247668	0	0	0	0	0.074	0	0.900	0.063	0.905
PIK3CD	PIK3R3	9606.ENSP00000366563	9606.ENSP00000262741	0	0	0	0	0	0.610	0.914	0.996	0.999
PIK3CD	PTEN	9606.ENSP00000366563	9606.ENSP00000361021	0	0	0	0	0.058	0.134	0.900	0.708	0.973
PIK3CD	SYK	9606.ENSP00000366563	9606.ENSP00000364898	0	0	0	0	0.092	0.069	0.900	0.758	0.976
PIK3CD	PRKD1	9606.ENSP00000366563	9606.ENSP00000390535	0	0	0	0	0	0	0	0.612	0.612
PIK3CD	PRKCB	9606.ENSP00000366563	9606.ENSP00000496129	0	0	0	0	0.127	0	0	0.593	0.629
PIK3CD	PTPN11	9606.ENSP00000366563	9606.ENSP00000489597	0	0	0	0	0.104	0.049	0.900	0.289	0.931
PIK3CD	RAF1	9606.ENSP00000366563	9606.ENSP00000401888	0	0	0	0	0.060	0.069	0.900	0.322	0.932
PIK3CD	PLCG2	9606.ENSP00000366563	9606.ENSP00000482457	0	0	0	0	0.103	0	0.900	0.743	0.974
PIK3CD	PIK3R1	9606.ENSP00000366563	9606.ENSP00000428056	0	0	0	0	0.042	0.987	0.914	0.995	0.999
PIK3R1	XBP1	9606.ENSP00000428056	9606.ENSP00000216037	0	0	0	0	0	0	0	0.802	0.802
PIK3R1	PIK3R2	9606.ENSP00000428056	9606.ENSP00000222254	0	0	0.052	0.960	0.044	0.864	0.900	0.959	0.999
PIK3R1	TRAF2	9606.ENSP00000428056	9606.ENSP00000247668	0	0	0	0	0.042	0	0.900	0.112	0.907
PIK3R1	PIK3R3	9606.ENSP00000428056	9606.ENSP00000262741	0	0	0.050	0.974	0.042	0.807	0.944	0.768	0.997
PIK3R1	TP53	9606.ENSP00000428056	9606.ENSP00000269305	0	0	0	0	0	0	0	0.853	0.853
PIK3R1	STAT5B	9606.ENSP00000428056	9606.ENSP00000293328	0	0	0	0	0.095	0	0	0.585	0.609
PIK3R1	RAC1	9606.ENSP00000428056	9606.ENSP00000348461	0	0	0	0	0.042	0.610	0.400	0.189	0.794
PIK3R1	TGFBR2	9606.ENSP00000428056	9606.ENSP00000351905	0	0	0	0	0.081	0.648	0	0.353	0.772
PIK3R1	PTEN	9606.ENSP00000428056	9606.ENSP00000361021	0	0	0	0	0.056	0.554	0.900	0.943	0.997
PIK3R1	SYK	9606.ENSP00000428056	9606.ENSP00000364898	0	0	0	0	0.050	0.536	0.900	0.605	0.980
PIK3R1	WAS	9606.ENSP00000428056	9606.ENSP00000365891	0	0	0	0	0.049	0.516	0	0.492	0.746
PIK3R1	PRKAR1A	9606.ENSP00000428056	9606.ENSP00000376475	0	0	0	0	0.085	0	0.500	0.229	0.617
PIK3R1	RHOA	9606.ENSP00000428056	9606.ENSP00000400175	0	0	0	0	0.047	0.173	0.500	0.354	0.711
PIK3R1	RAF1	9606.ENSP00000428056	9606.ENSP00000401888	0	0	0	0	0.042	0.263	0.900	0.303	0.944
PIK3R1	PLCG2	9606.ENSP00000428056	9606.ENSP00000482457	0	0	0	0.553	0.049	0.616	0.900	0.503	0.979
PIK3R1	PTPN11	9606.ENSP00000428056	9606.ENSP00000489597	0	0	0	0	0.048	0.880	0.900	0.691	0.996
PIK3R2	XBP1	9606.ENSP00000222254	9606.ENSP00000216037	0	0	0	0	0	0	0	0.936	0.936
PIK3R2	RHOA	9606.ENSP00000222254	9606.ENSP00000400175	0	0	0	0	0.042	0.173	0.500	0.249	0.663
PIK3R2	TGFBR2	9606.ENSP00000222254	9606.ENSP00000351905	0	0	0	0	0.059	0.745	0	0.189	0.789
PIK3R2	SPRED1	9606.ENSP00000222254	9606.ENSP00000299084	0	0	0	0	0.044	0.071	0	0.804	0.811
PIK3R2	TRAF2	9606.ENSP00000222254	9606.ENSP00000247668	0	0	0	0	0.082	0	0.900	0.057	0.905
PIK3R2	PLCG2	9606.ENSP00000222254	9606.ENSP00000482457	0	0	0	0.552	0.042	0.046	0.900	0.134	0.910
PIK3R2	RAF1	9606.ENSP00000222254	9606.ENSP00000401888	0	0	0	0	0.082	0.093	0.900	0.206	0.925
PIK3R2	PTPN11	9606.ENSP00000222254	9606.ENSP00000489597	0	0	0	0	0.044	0.443	0.900	0.336	0.960
PIK3R2	SYK	9606.ENSP00000222254	9606.ENSP00000364898	0	0	0	0	0.049	0.271	0.900	0.552	0.964
PIK3R2	PTEN	9606.ENSP00000222254	9606.ENSP00000361021	0	0	0	0	0	0.313	0.900	0.806	0.985
PIK3R2	PIK3R3	9606.ENSP00000222254	9606.ENSP00000262741	0	0	0.049	0.971	0.049	0.835	0.900	0.957	0.999
PIK3R3	TRAF2	9606.ENSP00000262741	9606.ENSP00000247668	0	0	0	0	0	0	0.900	0.057	0.901
PIK3R3	TGFBR2	9606.ENSP00000262741	9606.ENSP00000351905	0	0	0	0	0.059	0.640	0	0.162	0.691
PIK3R3	PLCG2	9606.ENSP00000262741	9606.ENSP00000482457	0	0	0	0.570	0	0.046	0.900	0.130	0.909
PIK3R3	RAF1	9606.ENSP00000262741	9606.ENSP00000401888	0	0	0	0	0.049	0.093	0.900	0.120	0.913
PIK3R3	PTPN11	9606.ENSP00000262741	9606.ENSP00000489597	0	0	0	0	0	0.195	0.900	0.222	0.932
PIK3R3	SYK	9606.ENSP00000262741	9606.ENSP00000364898	0	0	0	0	0	0.093	0.900	0.371	0.937
PIK3R3	PTEN	9606.ENSP00000262741	9606.ENSP00000361021	0	0	0	0	0	0.070	0.900	0.558	0.955
PLCG2	PTEN	9606.ENSP00000482457	9606.ENSP00000361021	0	0	0	0	0.062	0	0.900	0.332	0.931
PLCG2	SYK	9606.ENSP00000482457	9606.ENSP00000364898	0	0	0	0.554	0.282	0.292	0.900	0.987	0.999
PLCG2	WAS	9606.ENSP00000482457	9606.ENSP00000365891	0	0	0	0	0.190	0	0	0.590	0.654
PLCG2	PTPRC	9606.ENSP00000482457	9606.ENSP00000411355	0	0	0	0	0.320	0	0	0.541	0.675
PLCG2	PTPN11	9606.ENSP00000482457	9606.ENSP00000489597	0	0	0	0.573	0.121	0.297	0.800	0.531	0.934
PLCG2	PRKCB	9606.ENSP00000482457	9606.ENSP00000496129	0	0	0	0	0.174	0	0.900	0.701	0.973
PML	TET2	9606.ENSP00000268058	9606.ENSP00000442788	0	0	0	0	0.049	0.292	0	0.457	0.602
PML	SMAD3	9606.ENSP00000268058	9606.ENSP00000332973	0	0	0	0	0.060	0.310	0	0.449	0.611
PML	TP53BP1	9606.ENSP00000268058	9606.ENSP00000371475	0	0	0	0	0.042	0.520	0	0.241	0.620
PML	SUZ12	9606.ENSP00000268058	9606.ENSP00000316578	0	0	0	0	0.042	0.292	0.500	0.077	0.645
PML	RAD51	9606.ENSP00000268058	9606.ENSP00000493712	0	0	0	0	0.054	0.292	0	0.519	0.649
PML	ZBTB16	9606.ENSP00000268058	9606.ENSP00000338157	0	0	0	0	0.055	0.309	0	0.521	0.660
PML	RANBP2	9606.ENSP00000268058	9606.ENSP00000283195	0	0	0	0	0.049	0.292	0.400	0.348	0.701
PML	TRIM27	9606.ENSP00000268058	9606.ENSP00000366404	0	0	0	0	0.042	0.292	0	0.695	0.775
PML	TP53	9606.ENSP00000268058	9606.ENSP00000269305	0	0	0	0	0.085	0.874	0.500	0.509	0.967
PMS1	TP53	9606.ENSP00000406490	9606.ENSP00000269305	0	0	0	0	0.049	0.164	0	0.660	0.706
PMS1	XPC	9606.ENSP00000406490	9606.ENSP00000285021	0	0	0	0	0.082	0.091	0.540	0.270	0.682
PMS1	POLE	9606.ENSP00000406490	9606.ENSP00000322570	0	0	0	0	0.093	0.166	0	0.621	0.688
PMS1	RAD52	9606.ENSP00000406490	9606.ENSP00000351284	0	0	0	0	0.070	0.125	0	0.615	0.659
PMS1	RAD51	9606.ENSP00000406490	9606.ENSP00000493712	0.057	0	0	0	0.058	0.151	0	0.647	0.698
PMS1	POLD1	9606.ENSP00000406490	9606.ENSP00000472445	0	0	0	0	0.091	0.276	0.540	0.758	0.917
POLD1	POLQ	9606.ENSP00000472445	9606.ENSP00000264233	0	0	0	0	0.255	0.066	0	0.699	0.773
POLD1	XPC	9606.ENSP00000472445	9606.ENSP00000285021	0	0	0	0	0.067	0.068	0.900	0.188	0.919
POLD1	WRN	9606.ENSP00000472445	9606.ENSP00000298139	0	0	0	0	0.206	0.114	0.400	0.793	0.901
POLD1	POLE	9606.ENSP00000472445	9606.ENSP00000322570	0	0	0	0	0.495	0.705	0.900	0.987	0.999
POLD1	RAD51C	9606.ENSP00000472445	9606.ENSP00000336701	0.054	0	0	0	0.090	0.186	0.400	0.622	0.812
POLD1	RAD52	9606.ENSP00000472445	9606.ENSP00000351284	0	0	0	0	0	0.562	0	0.524	0.782
POLD1	REV3L	9606.ENSP00000472445	9606.ENSP00000351697	0	0	0	0.657	0	0.635	0.900	0.610	0.984
POLD1	RTEL1	9606.ENSP00000472445	9606.ENSP00000353332	0.042	0	0	0	0.198	0.071	0.500	0.573	0.819
POLD1	RAD54L	9606.ENSP00000472445	9606.ENSP00000361043	0.048	0	0	0	0.367	0.106	0	0.555	0.728
POLD1	RAD50	9606.ENSP00000472445	9606.ENSP00000368100	0	0	0	0	0.101	0.302	0.400	0.394	0.741
POLD1	TP53BP1	9606.ENSP00000472445	9606.ENSP00000371475	0	0	0	0	0.178	0.555	0.360	0.374	0.834
POLD1	POLG	9606.ENSP00000472445	9606.ENSP00000399851	0	0	0	0	0.141	0.066	0.900	0.632	0.966
POLD1	RECQL	9606.ENSP00000472445	9606.ENSP00000416739	0	0	0	0	0.070	0	0	0.612	0.623
POLD1	RECQL4	9606.ENSP00000472445	9606.ENSP00000482313	0	0	0	0	0.687	0.114	0	0.481	0.843
POLD1	RAD51	9606.ENSP00000472445	9606.ENSP00000493712	0.054	0	0	0	0.214	0.622	0.400	0.607	0.921
POLE	POLQ	9606.ENSP00000322570	9606.ENSP00000264233	0	0	0	0	0.275	0.066	0	0.639	0.734
POLE	TP53	9606.ENSP00000322570	9606.ENSP00000269305	0	0	0	0	0.044	0	0	0.696	0.697
POLE	WRN	9606.ENSP00000322570	9606.ENSP00000298139	0	0	0	0	0.200	0.114	0.400	0.548	0.782
POLE	RAD50	9606.ENSP00000322570	9606.ENSP00000368100	0	0	0	0	0.086	0.185	0.400	0.220	0.605
POLE	STK11	9606.ENSP00000322570	9606.ENSP00000324856	0	0	0	0	0.075	0	0	0.593	0.607
POLE	PTEN	9606.ENSP00000322570	9606.ENSP00000361021	0	0	0	0	0	0.050	0	0.641	0.644
POLE	TOP2A	9606.ENSP00000322570	9606.ENSP00000411532	0	0	0	0	0.338	0.098	0	0.455	0.646
POLE	TP53BP1	9606.ENSP00000322570	9606.ENSP00000371475	0	0	0	0	0.119	0.457	0	0.321	0.647
POLE	RECQL4	9606.ENSP00000322570	9606.ENSP00000482313	0	0	0	0	0.402	0.114	0	0.499	0.711
POLE	RAD51C	9606.ENSP00000322570	9606.ENSP00000336701	0.054	0	0	0	0.069	0.186	0.400	0.632	0.813
POLE	RAD51	9606.ENSP00000322570	9606.ENSP00000493712	0.054	0	0	0	0.260	0.186	0.400	0.574	0.828
POLE	POLG	9606.ENSP00000322570	9606.ENSP00000399851	0	0	0	0	0.129	0.066	0.900	0.633	0.966
POLE	REV3L	9606.ENSP00000322570	9606.ENSP00000351697	0	0	0	0	0	0.419	0.900	0.838	0.989
POLG	POLQ	9606.ENSP00000399851	9606.ENSP00000264233	0	0	0	0	0.074	0	0	0.890	0.894
POLG	REV3L	9606.ENSP00000399851	9606.ENSP00000351697	0	0	0	0	0.112	0.088	0.900	0.346	0.940
POLQ	RAD52	9606.ENSP00000264233	9606.ENSP00000351284	0	0	0	0	0.042	0	0.400	0.519	0.699
POLQ	REV3L	9606.ENSP00000264233	9606.ENSP00000351697	0	0	0	0	0.112	0.066	0	0.686	0.717
POLQ	STIL	9606.ENSP00000264233	9606.ENSP00000360944	0	0	0	0	0.784	0	0	0	0.784
POLQ	RAD51	9606.ENSP00000264233	9606.ENSP00000493712	0.054	0	0	0	0.394	0.366	0	0.568	0.822
POU2AF1	XBP1	9606.ENSP00000376786	9606.ENSP00000216037	0	0	0	0	0.092	0	0	0.614	0.634
POU2AF1	SYK	9606.ENSP00000376786	9606.ENSP00000364898	0	0	0	0	0.132	0.217	0	0.755	0.819
POU3F2	TP53	9606.ENSP00000329170	9606.ENSP00000269305	0	0	0	0	0.070	0	0	0.622	0.633
POU3F2	SOX2	9606.ENSP00000329170	9606.ENSP00000323588	0	0	0	0	0.140	0.132	0	0.875	0.899
POU3F2	SMAD3	9606.ENSP00000329170	9606.ENSP00000332973	0	0	0	0	0.057	0.045	0	0.597	0.605
PPFIBP1	RANBP2	9606.ENSP00000314724	9606.ENSP00000283195	0	0	0	0	0.049	0	0.500	0.324	0.650
PPFIBP1	SEC31A	9606.ENSP00000314724	9606.ENSP00000378721	0	0	0	0	0.067	0	0.500	0.476	0.734
PPFIBP1	PTPRD	9606.ENSP00000314724	9606.ENSP00000370593	0	0	0	0	0.073	0	0.500	0.661	0.829
PPP2R2A	RPS6KB1	9606.ENSP00000325074	9606.ENSP00000225577	0	0	0	0	0.106	0.527	0	0.265	0.662
PPP2R2A	WWTR1	9606.ENSP00000325074	9606.ENSP00000419465	0	0	0	0	0.057	0	0.900	0.068	0.904
PRDM1	XBP1	9606.ENSP00000358092	9606.ENSP00000216037	0	0	0	0	0.100	0	0	0.858	0.866
PRDM1	TCF3	9606.ENSP00000358092	9606.ENSP00000262965	0	0	0	0	0	0	0	0.601	0.601
PRDM1	TP53	9606.ENSP00000358092	9606.ENSP00000269305	0	0	0	0	0	0	0.750	0.502	0.870
PRDM1	PTPRC	9606.ENSP00000358092	9606.ENSP00000411355	0	0	0	0	0.152	0	0	0.575	0.624
PRDM14	SALL4	9606.ENSP00000276594	9606.ENSP00000217086	0	0	0	0.560	0.084	0.067	0.800	0.529	0.908
PRDM14	TCL1A	9606.ENSP00000276594	9606.ENSP00000451506	0	0	0	0	0.107	0	0	0.624	0.651
PRDM14	TET2	9606.ENSP00000276594	9606.ENSP00000442788	0	0	0	0	0	0	0	0.854	0.854
PRDM14	TET1	9606.ENSP00000276594	9606.ENSP00000362748	0	0	0	0	0.067	0	0	0.880	0.883
PRDM14	SOX2	9606.ENSP00000276594	9606.ENSP00000323588	0	0	0	0	0.067	0.094	0.800	0.821	0.965
PRDM16	SMAD3	9606.ENSP00000270722	9606.ENSP00000332973	0	0	0	0	0	0.314	0	0.544	0.674
PRDM16	SETBP1	9606.ENSP00000270722	9606.ENSP00000497406	0	0	0	0	0.067	0.095	0	0.673	0.700
PREX2	RAC1	9606.ENSP00000288368	9606.ENSP00000348461	0	0	0	0	0	0.506	0.400	0.315	0.779
PREX2	RHOA	9606.ENSP00000288368	9606.ENSP00000400175	0	0	0	0	0	0.383	0.400	0.485	0.793
PREX2	PTEN	9606.ENSP00000288368	9606.ENSP00000361021	0	0	0	0	0	0	0.700	0.968	0.990
PRKACA	RPS6KB1	9606.ENSP00000309591	9606.ENSP00000225577	0	0	0.066	0.869	0.057	0.252	0.900	0.159	0.934
PRKACA	SMO	9606.ENSP00000309591	9606.ENSP00000249373	0	0	0	0	0	0.241	0.900	0.579	0.965
PRKACA	SLC9A3R1	9606.ENSP00000309591	9606.ENSP00000262613	0	0	0	0	0.103	0.046	0.900	0.681	0.969
PRKACA	SMAD3	9606.ENSP00000309591	9606.ENSP00000332973	0	0	0	0	0.051	0.143	0	0.590	0.637
PRKACA	RAF1	9606.ENSP00000309591	9606.ENSP00000401888	0	0	0	0.588	0.054	0.088	0.900	0.216	0.923
PRKACA	RUNX2	9606.ENSP00000309591	9606.ENSP00000360493	0	0	0	0	0.055	0	0.900	0.391	0.937
PRKACA	SUFU	9606.ENSP00000309591	9606.ENSP00000358918	0	0	0	0	0.067	0.101	0.500	0.928	0.966
PRKACA	RHOA	9606.ENSP00000309591	9606.ENSP00000400175	0	0	0	0	0.056	0.213	0.900	0.614	0.967
PRKACA	PRKAR1A	9606.ENSP00000309591	9606.ENSP00000376475	0	0.306	0	0	0.160	0.953	0.900	0.955	0.999
PRKAR1A	RANBP2	9606.ENSP00000376475	9606.ENSP00000283195	0	0	0	0	0.049	0.065	0.500	0.222	0.607
PRKAR1A	SUFU	9606.ENSP00000376475	9606.ENSP00000358918	0	0	0	0	0	0	0.500	0.325	0.648
PRKAR1A	SEC31A	9606.ENSP00000376475	9606.ENSP00000378721	0	0	0	0	0.050	0	0.500	0.255	0.615
PRKCB	SLC9A3R1	9606.ENSP00000496129	9606.ENSP00000262613	0	0	0	0	0.055	0.108	0.900	0.045	0.908
PRKCB	PRKD1	9606.ENSP00000496129	9606.ENSP00000390535	0	0	0	0.610	0	0	0.900	0.144	0.910
PRKCB	RAF1	9606.ENSP00000496129	9606.ENSP00000401888	0	0	0	0.572	0.047	0.050	0.900	0.111	0.908
PRPF8	SDHA	9606.ENSP00000460348	9606.ENSP00000264932	0	0	0	0	0.129	0.840	0	0	0.854
PRPF8	SF3B1	9606.ENSP00000460348	9606.ENSP00000335321	0	0	0	0	0.517	0.982	0.900	0.540	0.999
PRPF8	TPR	9606.ENSP00000460348	9606.ENSP00000356448	0	0	0	0	0.589	0	0	0.100	0.614
PRPF8	RPL5	9606.ENSP00000460348	9606.ENSP00000359345	0	0	0	0	0.318	0.209	0	0.484	0.697
PRPF8	SRSF2	9606.ENSP00000460348	9606.ENSP00000376276	0	0	0	0	0.136	0.170	0	0.532	0.635
PRRX1	SIX1	9606.ENSP00000239461	9606.ENSP00000494686	0	0	0	0	0.098	0.051	0	0.620	0.646
PTCH1	SMO	9606.ENSP00000332353	9606.ENSP00000249373	0	0	0	0	0.043	0.736	0.900	0.999	0.999
PTCH1	TP53	9606.ENSP00000332353	9606.ENSP00000269305	0	0	0	0	0.042	0	0	0.662	0.662
PTCH1	SUFU	9606.ENSP00000332353	9606.ENSP00000358918	0	0	0	0	0.060	0.189	0	0.974	0.979
PTEN	TSC2	9606.ENSP00000361021	9606.ENSP00000219476	0	0	0	0	0	0	0	0.889	0.889
PTEN	RPS6KB1	9606.ENSP00000361021	9606.ENSP00000225577	0	0	0	0	0.100	0.086	0	0.904	0.914
PTEN	RHEB	9606.ENSP00000361021	9606.ENSP00000262187	0	0	0	0	0.059	0.099	0	0.788	0.805
PTEN	SLC9A3R1	9606.ENSP00000361021	9606.ENSP00000262613	0	0	0	0	0	0.825	0	0.905	0.982
PTEN	RB1	9606.ENSP00000361021	9606.ENSP00000267163	0	0	0	0	0.105	0	0	0.715	0.734
PTEN	TP53	9606.ENSP00000361021	9606.ENSP00000269305	0	0	0	0	0.067	0.748	0.900	0.968	0.999
PTEN	TSC1	9606.ENSP00000361021	9606.ENSP00000298552	0	0	0	0	0	0.113	0	0.785	0.801
PTEN	TERT	9606.ENSP00000361021	9606.ENSP00000309572	0	0	0	0	0.111	0	0	0.808	0.822
PTEN	SOX2	9606.ENSP00000361021	9606.ENSP00000323588	0	0	0	0	0	0.045	0	0.741	0.743
PTEN	STK11	9606.ENSP00000361021	9606.ENSP00000324856	0	0	0	0	0	0.331	0	0.971	0.979
PTEN	SMAD3	9606.ENSP00000361021	9606.ENSP00000332973	0	0	0	0	0	0.067	0	0.600	0.611
PTEN	RAD51C	9606.ENSP00000361021	9606.ENSP00000336701	0	0	0	0	0	0	0	0.621	0.621
PTEN	STAT5A	9606.ENSP00000361021	9606.ENSP00000341208	0	0	0	0	0.072	0	0	0.775	0.783
PTEN	SMAD4	9606.ENSP00000361021	9606.ENSP00000341551	0	0	0	0	0.072	0.053	0	0.908	0.912
PTEN	SMARCA4	9606.ENSP00000361021	9606.ENSP00000343896	0	0	0	0	0.107	0	0	0.684	0.705
PTEN	TGFBR2	9606.ENSP00000361021	9606.ENSP00000351905	0	0	0	0	0.076	0.092	0	0.585	0.622
PTEN	ROS1	9606.ENSP00000361021	9606.ENSP00000357494	0	0	0	0	0	0.092	0	0.592	0.614
PTEN	XIAP	9606.ENSP00000361021	9606.ENSP00000360242	0	0	0	0	0.103	0.534	0.400	0.723	0.921
PTEN	TP53BP1	9606.ENSP00000361021	9606.ENSP00000371475	0	0	0	0	0.140	0.334	0	0.393	0.622
PTEN	TOP2A	9606.ENSP00000361021	9606.ENSP00000411532	0	0	0	0	0.078	0	0	0.621	0.636
PTEN	RAF1	9606.ENSP00000361021	9606.ENSP00000401888	0	0	0	0	0.073	0.092	0	0.629	0.661
PTEN	RHOA	9606.ENSP00000361021	9606.ENSP00000400175	0	0	0	0	0.054	0.334	0	0.600	0.726
PTEN	PTPN11	9606.ENSP00000361021	9606.ENSP00000489597	0	0	0	0	0.049	0.071	0	0.734	0.745
PTEN	RAD51	9606.ENSP00000361021	9606.ENSP00000493712	0	0	0	0	0	0.516	0	0.522	0.759
PTEN	TRIM27	9606.ENSP00000361021	9606.ENSP00000366404	0	0	0	0	0.042	0.292	0.900	0.530	0.963
PTPN11	TP53	9606.ENSP00000489597	9606.ENSP00000269305	0	0	0	0	0.052	0	0	0.608	0.612
PTPN11	STAT5B	9606.ENSP00000489597	9606.ENSP00000293328	0	0	0	0	0.065	0.315	0.800	0.743	0.962
PTPN11	STAT6	9606.ENSP00000489597	9606.ENSP00000300134	0	0	0	0	0.063	0.073	0	0.624	0.645
PTPN11	STAT2	9606.ENSP00000489597	9606.ENSP00000315768	0	0	0	0	0.074	0.073	0.400	0.331	0.610
PTPN11	SMAD3	9606.ENSP00000489597	9606.ENSP00000332973	0	0	0	0	0.077	0.068	0.500	0.449	0.731
PTPN11	STAT5A	9606.ENSP00000489597	9606.ENSP00000341208	0	0	0	0	0.063	0.526	0.800	0.742	0.974
PTPN11	TNFRSF14	9606.ENSP00000489597	9606.ENSP00000347948	0	0	0	0	0.106	0.095	0.500	0.411	0.729
PTPN11	SYK	9606.ENSP00000489597	9606.ENSP00000364898	0	0	0	0.555	0.067	0.097	0.900	0.616	0.963
PTPN11	RAF1	9606.ENSP00000489597	9606.ENSP00000401888	0	0	0	0	0.095	0.098	0	0.693	0.728
PTPN11	TET2	9606.ENSP00000489597	9606.ENSP00000442788	0	0	0	0	0	0	0	0.620	0.620
PTPN11	SETBP1	9606.ENSP00000489597	9606.ENSP00000497406	0	0	0	0	0.057	0	0	0.617	0.623
PTPN13	PTPN14	9606.ENSP00000394794	9606.ENSP00000355923	0	0	0	0.578	0.067	0.098	0.400	0.401	0.657
PTPN2	STAT5B	9606.ENSP00000311857	9606.ENSP00000293328	0	0	0	0	0.053	0.071	0.900	0.483	0.948
PTPN2	STAT6	9606.ENSP00000311857	9606.ENSP00000300134	0	0	0	0	0.060	0.314	0.900	0.358	0.953
PTPN2	STAT2	9606.ENSP00000311857	9606.ENSP00000315768	0	0	0	0	0.065	0.071	0.900	0.364	0.937
PTPN2	STAT5A	9606.ENSP00000311857	9606.ENSP00000341208	0	0	0	0	0.053	0.071	0.900	0.479	0.948
PTPRC	TP53	9606.ENSP00000411355	9606.ENSP00000269305	0	0	0	0	0.086	0	0	0.605	0.624
PTPRC	STAT5B	9606.ENSP00000411355	9606.ENSP00000293328	0	0	0	0	0.095	0.052	0	0.591	0.619
PTPRC	STAT5A	9606.ENSP00000411355	9606.ENSP00000341208	0	0	0	0	0.162	0.052	0	0.590	0.646
PTPRC	RUNX2	9606.ENSP00000411355	9606.ENSP00000360493	0	0	0	0	0.104	0	0	0.623	0.648
PTPRC	SYK	9606.ENSP00000411355	9606.ENSP00000364898	0	0	0	0	0.272	0.097	0	0.681	0.772
PTPRC	WAS	9606.ENSP00000411355	9606.ENSP00000365891	0	0	0	0	0.443	0.162	0	0.327	0.659
RABEP1	TSC2	9606.ENSP00000445408	9606.ENSP00000219476	0	0	0	0	0.049	0	0	0.736	0.738
RABEP1	TRIP11	9606.ENSP00000445408	9606.ENSP00000267622	0	0	0	0	0.109	0.130	0	0.634	0.691
RAC1	ROBO1	9606.ENSP00000348461	9606.ENSP00000420321	0	0	0	0	0.052	0.139	0.500	0.163	0.613
RAC1	SYK	9606.ENSP00000348461	9606.ENSP00000364898	0	0	0	0	0.112	0.190	0.500	0.150	0.654
RAC1	XIAP	9606.ENSP00000348461	9606.ENSP00000360242	0	0	0	0	0.049	0.636	0	0.149	0.680
RAC1	RHOA	9606.ENSP00000348461	9606.ENSP00000400175	0	0	0.058	0.944	0.196	0.191	0.500	0.365	0.770
RAC1	WAS	9606.ENSP00000348461	9606.ENSP00000365891	0	0	0	0	0.138	0.449	0.500	0.621	0.898
RAD21	STAG2	9606.ENSP00000297338	9606.ENSP00000218089	0	0	0	0	0.419	0.999	0.900	0.999	0.999
RAD21	SMARCA2	9606.ENSP00000297338	9606.ENSP00000371638	0	0	0	0	0.088	0.152	0	0.529	0.604
RAD21	RAD51	9606.ENSP00000297338	9606.ENSP00000493712	0	0	0	0	0.074	0.094	0	0.583	0.619
RAD21	TOP2A	9606.ENSP00000297338	9606.ENSP00000411532	0	0	0	0	0.152	0	0	0.653	0.693
RAD21	SUZ12	9606.ENSP00000297338	9606.ENSP00000316578	0	0	0	0	0.187	0.044	0	0.677	0.727
RAD21	SMARCA4	9606.ENSP00000297338	9606.ENSP00000343896	0	0	0	0	0.098	0.152	0	0.726	0.772
RAD21	STAG1	9606.ENSP00000297338	9606.ENSP00000372689	0	0	0	0	0.214	0.999	0.900	0.999	0.999
RAD21	SMC1A	9606.ENSP00000297338	9606.ENSP00000323421	0	0	0	0	0.553	0.999	0.900	0.998	0.999
RAD21	SMC3	9606.ENSP00000297338	9606.ENSP00000354720	0	0	0	0	0.526	0.999	0.900	0.999	0.999
RAD50	TP53	9606.ENSP00000368100	9606.ENSP00000269305	0	0	0	0	0.078	0.253	0.500	0.256	0.709
RAD50	WRN	9606.ENSP00000368100	9606.ENSP00000298139	0.052	0	0	0	0.113	0.263	0.500	0.334	0.756
RAD50	RAD51C	9606.ENSP00000368100	9606.ENSP00000336701	0.069	0	0	0	0.094	0.174	0.500	0.279	0.703
RAD50	RAD52	9606.ENSP00000368100	9606.ENSP00000351284	0	0	0	0	0.054	0.513	0.500	0.556	0.884
RAD50	RECQL4	9606.ENSP00000368100	9606.ENSP00000482313	0.052	0	0	0	0.087	0.480	0	0.293	0.639
RAD50	RAD51	9606.ENSP00000368100	9606.ENSP00000493712	0.069	0	0	0	0.072	0.416	0.500	0.525	0.858
RAD50	TP53BP1	9606.ENSP00000368100	9606.ENSP00000371475	0	0	0	0	0.100	0.586	0.500	0.329	0.858
RAD51	TP53	9606.ENSP00000493712	9606.ENSP00000269305	0	0	0	0	0.135	0.884	0	0.995	0.999
RAD51	XPC	9606.ENSP00000493712	9606.ENSP00000285021	0	0	0	0	0	0.088	0	0.599	0.619
RAD51	SLX4	9606.ENSP00000493712	9606.ENSP00000294008	0.042	0	0	0	0.049	0	0.500	0.716	0.853
RAD51	WRN	9606.ENSP00000493712	9606.ENSP00000298139	0.042	0	0	0	0.090	0.657	0.500	0.965	0.993
RAD51	TERT	9606.ENSP00000493712	9606.ENSP00000309572	0	0	0.240	0	0.084	0.088	0	0.502	0.642
RAD51	SMC1A	9606.ENSP00000493712	9606.ENSP00000323421	0	0	0	0	0.097	0.116	0	0.551	0.610
RAD51	RAD51C	9606.ENSP00000493712	9606.ENSP00000336701	0	0	0.141	0.652	0.138	0.938	0.500	0.863	0.996
RAD51	SMARCA4	9606.ENSP00000493712	9606.ENSP00000343896	0	0	0	0	0.092	0.047	0	0.750	0.765
RAD51	RAD52	9606.ENSP00000493712	9606.ENSP00000351284	0	0	0	0	0.042	0.993	0	0.999	0.999
RAD51	REV3L	9606.ENSP00000493712	9606.ENSP00000351697	0.054	0	0	0	0.062	0.593	0	0.710	0.881
RAD51	RTEL1	9606.ENSP00000493712	9606.ENSP00000353332	0.057	0	0	0	0.107	0.129	0.400	0.638	0.812
RAD51	SMC3	9606.ENSP00000493712	9606.ENSP00000354720	0	0	0	0	0.093	0.116	0	0.591	0.643
RAD51	RAD54L	9606.ENSP00000493712	9606.ENSP00000361043	0.042	0	0	0	0.737	0.709	0	0.903	0.992
RAD51	TP53BP1	9606.ENSP00000493712	9606.ENSP00000371475	0	0	0	0	0.057	0.398	0	0.903	0.940
RAD51	SMARCA2	9606.ENSP00000493712	9606.ENSP00000371638	0	0	0	0	0.067	0.047	0	0.765	0.772
RAD51	TOP2A	9606.ENSP00000493712	9606.ENSP00000411532	0	0	0	0	0.402	0.069	0	0.669	0.799
RAD51	RECQL	9606.ENSP00000493712	9606.ENSP00000416739	0	0	0	0	0.058	0	0	0.776	0.780
RAD51	RECQL4	9606.ENSP00000493712	9606.ENSP00000482313	0.042	0	0	0	0.278	0.844	0	0.855	0.982
RAD51C	TP53	9606.ENSP00000336701	9606.ENSP00000269305	0	0	0	0	0.057	0.073	0	0.645	0.662
RAD51C	SLX4	9606.ENSP00000336701	9606.ENSP00000294008	0.042	0	0	0	0	0	0.500	0.802	0.897
RAD51C	WRN	9606.ENSP00000336701	9606.ENSP00000298139	0.042	0	0	0	0.089	0.347	0.500	0.597	0.864
RAD51C	STK11	9606.ENSP00000336701	9606.ENSP00000324856	0	0	0	0	0.075	0.067	0	0.650	0.671
RAD51C	TP53BP1	9606.ENSP00000336701	9606.ENSP00000371475	0	0	0	0	0.050	0.136	0	0.584	0.628
RAD51C	RECQL	9606.ENSP00000336701	9606.ENSP00000416739	0	0	0	0	0.050	0	0	0.637	0.640
RAD51C	RTEL1	9606.ENSP00000336701	9606.ENSP00000353332	0.057	0	0	0	0.060	0	0.400	0.442	0.663
RAD51C	REV3L	9606.ENSP00000336701	9606.ENSP00000351697	0.054	0	0	0	0.062	0.486	0	0.489	0.735
RAD51C	RECQL4	9606.ENSP00000336701	9606.ENSP00000482313	0.042	0	0	0	0.089	0.576	0	0.589	0.827
RAD51C	RAD54L	9606.ENSP00000336701	9606.ENSP00000361043	0.042	0	0	0	0.124	0.312	0	0.764	0.845
RAD51C	RAD52	9606.ENSP00000336701	9606.ENSP00000351284	0	0	0	0	0.067	0.514	0	0.850	0.926
RAD52	SLX4	9606.ENSP00000351284	9606.ENSP00000294008	0	0	0	0	0	0.071	0	0.740	0.748
RAD52	WRN	9606.ENSP00000351284	9606.ENSP00000298139	0	0	0	0	0.063	0.766	0.500	0.969	0.996
RAD52	TERT	9606.ENSP00000351284	9606.ENSP00000309572	0	0	0	0	0.056	0.565	0	0.486	0.770
RAD52	SMARCA4	9606.ENSP00000351284	9606.ENSP00000343896	0	0	0	0	0	0	0	0.660	0.660
RAD52	TOP2A	9606.ENSP00000351284	9606.ENSP00000411532	0	0	0	0	0.091	0.079	0	0.567	0.606
RAD52	RTEL1	9606.ENSP00000351284	9606.ENSP00000353332	0	0	0	0	0.044	0.176	0	0.557	0.621
RAD52	RECQL	9606.ENSP00000351284	9606.ENSP00000416739	0	0	0	0	0.042	0	0	0.645	0.645
RAD52	SMARCA2	9606.ENSP00000351284	9606.ENSP00000371638	0	0	0	0	0	0	0	0.700	0.700
RAD52	UBE2A	9606.ENSP00000351284	9606.ENSP00000360613	0	0	0	0	0	0.294	0	0.604	0.708
RAD52	RECQL4	9606.ENSP00000351284	9606.ENSP00000482313	0	0	0	0	0.063	0.763	0	0.640	0.913
RAD52	RAD54L	9606.ENSP00000351284	9606.ENSP00000361043	0	0	0	0	0.044	0.402	0	0.899	0.937
RAD52	REV3L	9606.ENSP00000351284	9606.ENSP00000351697	0	0	0	0	0	0.757	0	0.758	0.938
RAD52	TP53BP1	9606.ENSP00000351284	9606.ENSP00000371475	0	0	0	0	0	0.770	0	0.865	0.967
RAD54L	WRN	9606.ENSP00000361043	9606.ENSP00000298139	0.048	0	0	0	0.072	0.309	0	0.539	0.681
RAD54L	TOP2A	9606.ENSP00000361043	9606.ENSP00000411532	0	0	0	0	0.450	0.108	0	0.413	0.687
RAD54L	RECQL4	9606.ENSP00000361043	9606.ENSP00000482313	0.048	0	0	0	0.462	0.401	0	0.482	0.820
RAF1	TSC2	9606.ENSP00000401888	9606.ENSP00000219476	0	0	0	0	0.138	0.046	0	0.629	0.669
RAF1	RHEB	9606.ENSP00000401888	9606.ENSP00000262187	0	0	0	0	0.079	0.754	0	0.503	0.877
RAF1	RB1	9606.ENSP00000401888	9606.ENSP00000267163	0	0	0	0	0.042	0.785	0	0.211	0.824
RAF1	TP53	9606.ENSP00000401888	9606.ENSP00000269305	0	0	0	0	0.081	0	0	0.588	0.605
RAF1	SPRED1	9606.ENSP00000401888	9606.ENSP00000299084	0	0	0	0	0	0.094	0	0.699	0.715
RAF1	XIAP	9606.ENSP00000401888	9606.ENSP00000360242	0	0	0	0	0.071	0.786	0	0.331	0.856
RAF1	RALGDS	9606.ENSP00000401888	9606.ENSP00000361120	0	0	0	0	0	0.292	0	0.675	0.760
RAF1	RHOA	9606.ENSP00000401888	9606.ENSP00000400175	0	0	0	0	0.150	0.110	0.900	0.402	0.948
RALGDS	RHOA	9606.ENSP00000361120	9606.ENSP00000400175	0	0	0	0	0	0.132	0.900	0.592	0.961
RANBP2	TP53	9606.ENSP00000283195	9606.ENSP00000269305	0	0	0	0	0.064	0.610	0	0.526	0.812
RANBP2	RASA1	9606.ENSP00000283195	9606.ENSP00000274376	0	0	0	0	0.093	0	0	0.865	0.872
RANBP2	SEC31A	9606.ENSP00000283195	9606.ENSP00000378721	0	0	0	0	0.074	0	0.500	0.551	0.774
RANBP2	TOP2A	9606.ENSP00000283195	9606.ENSP00000411532	0.042	0	0	0	0.114	0.455	0.400	0.472	0.827
RANBP2	TPR	9606.ENSP00000283195	9606.ENSP00000356448	0	0	0	0	0.114	0.206	0.900	0.886	0.990
RASA1	TSC2	9606.ENSP00000274376	9606.ENSP00000219476	0	0	0	0	0.049	0	0	0.928	0.928
RASA1	RHEB	9606.ENSP00000274376	9606.ENSP00000262187	0	0	0	0	0.047	0.092	0	0.798	0.810
RASA1	STK11	9606.ENSP00000274376	9606.ENSP00000324856	0	0	0	0	0	0.126	0	0.632	0.665
RASA1	SPRED1	9606.ENSP00000274376	9606.ENSP00000299084	0	0	0	0	0.061	0	0.400	0.591	0.750
RASA1	RHOA	9606.ENSP00000274376	9606.ENSP00000400175	0	0	0	0	0.074	0.092	0	0.796	0.813
RASA1	TSC1	9606.ENSP00000274376	9606.ENSP00000298552	0	0	0	0	0.082	0.230	0	0.913	0.933
RB1	SUZ12	9606.ENSP00000267163	9606.ENSP00000316578	0	0	0	0	0.111	0	0.360	0.587	0.744
RB1	SMARCB1	9606.ENSP00000267163	9606.ENSP00000340883	0	0	0	0	0.109	0.091	0.720	0.232	0.802
RB1	SMARCA2	9606.ENSP00000267163	9606.ENSP00000371638	0	0	0	0	0.066	0.314	0.720	0.178	0.832
RB1	TP53BP1	9606.ENSP00000267163	9606.ENSP00000371475	0	0	0	0	0.119	0.900	0	0.256	0.928
RB1	TP53	9606.ENSP00000267163	9606.ENSP00000269305	0	0	0	0	0.064	0.510	0	0.872	0.936
RB1	RUNX2	9606.ENSP00000267163	9606.ENSP00000360493	0	0	0	0	0	0.512	0.700	0.816	0.970
RB1	SMARCA4	9606.ENSP00000267163	9606.ENSP00000343896	0	0	0	0	0.066	0.842	0.720	0.553	0.979
RBM15	SETD1B	9606.ENSP00000358799	9606.ENSP00000474253	0	0	0	0	0.074	0.045	0	0.584	0.600
RECQL	SLX4	9606.ENSP00000416739	9606.ENSP00000294008	0	0	0	0	0.055	0	0	0.644	0.649
RECQL	WRN	9606.ENSP00000416739	9606.ENSP00000298139	0	0	0.160	0.733	0.066	0.071	0	0.580	0.653
RECQL	TP53BP1	9606.ENSP00000416739	9606.ENSP00000371475	0	0	0	0	0.063	0.330	0	0.448	0.623
RECQL4	TP53	9606.ENSP00000482313	9606.ENSP00000269305	0	0	0	0	0	0	0	0.660	0.660
RECQL4	TERT	9606.ENSP00000482313	9606.ENSP00000309572	0	0	0	0	0.156	0.290	0	0.465	0.651
RECQL4	SMARCB1	9606.ENSP00000482313	9606.ENSP00000340883	0	0	0	0	0.080	0.315	0	0.462	0.632
RECQL4	RTEL1	9606.ENSP00000482313	9606.ENSP00000353332	0.047	0	0	0	0.359	0	0	0.593	0.730
RECQL4	TP53BP1	9606.ENSP00000482313	9606.ENSP00000371475	0	0	0	0	0.063	0.747	0	0.727	0.929
RECQL4	TOP2A	9606.ENSP00000482313	9606.ENSP00000411532	0.069	0	0	0	0.223	0.281	0	0.387	0.638
REL	TP53	9606.ENSP00000295025	9606.ENSP00000269305	0	0	0	0	0.049	0.169	0	0.803	0.831
REL	STAT6	9606.ENSP00000295025	9606.ENSP00000300134	0	0	0	0	0.062	0.079	0	0.644	0.666
RELN	SLIT3	9606.ENSP00000392423	9606.ENSP00000332164	0	0	0	0	0.088	0	0	0.623	0.641
REST	TP53	9606.ENSP00000311816	9606.ENSP00000269305	0	0	0	0	0.049	0.166	0.500	0.373	0.718
REST	TCF12	9606.ENSP00000311816	9606.ENSP00000388940	0	0	0	0	0.049	0.065	0.500	0.240	0.616
REST	SOX2	9606.ENSP00000311816	9606.ENSP00000323588	0	0	0	0	0	0.094	0	0.619	0.640
REST	SMARCA4	9606.ENSP00000311816	9606.ENSP00000343896	0	0	0	0	0	0.527	0	0.357	0.683
REST	SUZ12	9606.ENSP00000311816	9606.ENSP00000316578	0	0	0	0	0.117	0.112	0.500	0.371	0.720
REV3L	XPC	9606.ENSP00000351697	9606.ENSP00000285021	0	0	0	0	0.055	0.088	0	0.604	0.629
REV3L	WRN	9606.ENSP00000351697	9606.ENSP00000298139	0	0	0	0	0.141	0.114	0	0.571	0.645
REV3L	TP53BP1	9606.ENSP00000351697	9606.ENSP00000371475	0	0	0	0	0.130	0.303	0	0.611	0.743
RHEB	TSC2	9606.ENSP00000262187	9606.ENSP00000219476	0	0	0	0	0.047	0.934	0.900	0.996	0.999
RHEB	RPS6KB1	9606.ENSP00000262187	9606.ENSP00000225577	0	0	0	0	0.059	0.357	0.400	0.923	0.968
RHEB	SZT2	9606.ENSP00000262187	9606.ENSP00000457168	0	0	0	0	0	0	0.400	0.370	0.605
RHEB	STK11	9606.ENSP00000262187	9606.ENSP00000324856	0	0	0	0	0.054	0.090	0	0.678	0.699
RHEB	TSC1	9606.ENSP00000262187	9606.ENSP00000298552	0.042	0	0	0	0.056	0.805	0.900	0.976	0.999
RHOA	SLC9A3R1	9606.ENSP00000400175	9606.ENSP00000262613	0	0	0	0	0.042	0.071	0	0.587	0.600
RHOA	TP53	9606.ENSP00000400175	9606.ENSP00000269305	0	0	0	0	0.091	0	0	0.644	0.662
RHOA	TGFBR2	9606.ENSP00000400175	9606.ENSP00000351905	0	0	0	0	0.106	0.110	0.900	0.474	0.952
RHOA	XIAP	9606.ENSP00000400175	9606.ENSP00000360242	0	0	0	0	0.044	0.065	0	0.593	0.604
RHOA	SYK	9606.ENSP00000400175	9606.ENSP00000364898	0	0	0	0	0.107	0.110	0.500	0.425	0.741
RHOA	WAS	9606.ENSP00000400175	9606.ENSP00000365891	0	0	0	0	0.080	0.123	0	0.808	0.831
RHOA	ROBO1	9606.ENSP00000400175	9606.ENSP00000420321	0	0	0	0	0.055	0.184	0.400	0.306	0.636
RHOA	SLIT2	9606.ENSP00000400175	9606.ENSP00000422591	0	0	0	0	0	0.100	0.400	0.520	0.718
RNF43	TP53	9606.ENSP00000463069	9606.ENSP00000269305	0	0	0	0	0	0.292	0	0.584	0.692
RNF43	SMAD4	9606.ENSP00000463069	9606.ENSP00000341551	0	0	0	0	0	0.052	0	0.641	0.645
RNF43	SFPQ	9606.ENSP00000463069	9606.ENSP00000349748	0	0	0	0	0	0.292	0	0.648	0.740
ROBO1	SLIT3	9606.ENSP00000420321	9606.ENSP00000332164	0	0	0	0	0.106	0.406	0.900	0.999	0.999
ROBO1	SLIT2	9606.ENSP00000420321	9606.ENSP00000422591	0	0	0	0	0.147	0.966	0.900	0.999	0.999
ROS1	TP53	9606.ENSP00000357494	9606.ENSP00000269305	0	0	0	0	0	0	0	0.633	0.633
ROS1	TERT	9606.ENSP00000357494	9606.ENSP00000309572	0	0	0	0	0	0.049	0	0.645	0.648
ROS1	SLC34A2	9606.ENSP00000357494	9606.ENSP00000371483	0	0	0	0	0.112	0.108	0	0.815	0.841
RPL22	XBP1	9606.ENSP00000346088	9606.ENSP00000216037	0	0	0	0	0.095	0.800	0	0.087	0.820
RPL22	SRP72	9606.ENSP00000346088	9606.ENSP00000495128	0	0	0	0	0.167	0.878	0	0.057	0.896
RPL22	RPL5	9606.ENSP00000346088	9606.ENSP00000359345	0	0	0	0	0.845	0.994	0	0.772	0.999
RPL5	XBP1	9606.ENSP00000359345	9606.ENSP00000216037	0	0	0	0	0.048	0.800	0	0.135	0.821
RPL5	TP53	9606.ENSP00000359345	9606.ENSP00000269305	0	0	0	0	0	0.783	0	0.758	0.945
RPL5	SRP72	9606.ENSP00000359345	9606.ENSP00000495128	0	0	0	0	0.110	0.875	0	0.236	0.908
RPS6KB1	TSC2	9606.ENSP00000225577	9606.ENSP00000219476	0	0	0	0	0.055	0.189	0	0.943	0.952
RPS6KB1	TERT	9606.ENSP00000225577	9606.ENSP00000309572	0	0	0	0	0	0.312	0	0.534	0.666
RPS6KB1	TP53	9606.ENSP00000225577	9606.ENSP00000269305	0	0	0	0	0	0	0	0.700	0.700
RPS6KB1	STK11	9606.ENSP00000225577	9606.ENSP00000324856	0	0	0	0.628	0.067	0.437	0	0.515	0.723
RPS6KB1	TSC1	9606.ENSP00000225577	9606.ENSP00000298552	0	0	0	0	0.075	0.125	0	0.893	0.906
RTEL1	SLX4	9606.ENSP00000353332	9606.ENSP00000294008	0.069	0	0	0	0.160	0.510	0	0.898	0.955
RTEL1	WRN	9606.ENSP00000353332	9606.ENSP00000298139	0.047	0	0	0	0.088	0	0.400	0.755	0.855
RTEL1	TERT	9606.ENSP00000353332	9606.ENSP00000309572	0	0	0	0	0.107	0	0.500	0.831	0.918
RUNX2	TP53	9606.ENSP00000360493	9606.ENSP00000269305	0	0	0	0	0.042	0.292	0	0.740	0.808
RUNX2	SOX2	9606.ENSP00000360493	9606.ENSP00000323588	0	0	0	0	0.086	0.292	0	0.564	0.693
RUNX2	SMAD3	9606.ENSP00000360493	9606.ENSP00000332973	0	0	0	0	0.094	0.608	0	0.896	0.960
RUNX2	SMAD4	9606.ENSP00000360493	9606.ENSP00000341551	0	0	0	0	0.055	0.091	0.500	0.783	0.894
RUNX2	SYK	9606.ENSP00000360493	9606.ENSP00000364898	0	0	0	0	0.076	0	0	0.694	0.706
RUNX2	WWTR1	9606.ENSP00000360493	9606.ENSP00000419465	0	0	0	0	0.042	0.067	0.700	0.784	0.934
RXRA	TRIM24	9606.ENSP00000419692	9606.ENSP00000340507	0	0	0	0	0.068	0.652	0	0.395	0.787
SALL4	SMAD4	9606.ENSP00000217086	9606.ENSP00000341551	0	0	0	0	0	0	0.500	0.233	0.600
SALL4	SUZ12	9606.ENSP00000217086	9606.ENSP00000316578	0	0	0	0	0.044	0.044	0.500	0.349	0.662
SALL4	SMARCA4	9606.ENSP00000217086	9606.ENSP00000343896	0	0	0	0	0.084	0.095	0	0.629	0.665
SALL4	SETD2	9606.ENSP00000217086	9606.ENSP00000386759	0	0	0	0	0	0.052	0	0.688	0.691
SALL4	TP53	9606.ENSP00000217086	9606.ENSP00000269305	0	0	0	0	0	0	0.500	0.418	0.696
SALL4	TBX3	9606.ENSP00000217086	9606.ENSP00000257566	0	0	0	0	0.076	0.060	0	0.819	0.829
SALL4	SOX2	9606.ENSP00000217086	9606.ENSP00000323588	0	0	0	0	0.145	0.141	0.800	0.901	0.983
SAMHD1	STAT2	9606.ENSP00000493536	9606.ENSP00000315768	0	0	0	0	0.112	0	0.500	0.353	0.688
SDHA	SDHAF2	9606.ENSP00000264932	9606.ENSP00000301761	0.115	0	0	0	0.074	0.985	0.290	0.999	0.999
SEC31A	XBP1	9606.ENSP00000378721	9606.ENSP00000216037	0	0	0	0	0.065	0	0.750	0.220	0.801
SEPTIN5	SNCAIP	9606.ENSP00000391311	9606.ENSP00000261367	0	0	0	0	0	0.091	0	0.713	0.727
SEPTIN5	SEPTIN6	9606.ENSP00000391311	9606.ENSP00000341524	0	0	0.099	0.879	0.099	0.925	0.720	0.804	0.996
SEPTIN5	SEPTIN9	9606.ENSP00000391311	9606.ENSP00000391249	0	0	0.079	0.909	0.055	0.753	0.720	0.183	0.942
SEPTIN6	SEPTIN9	9606.ENSP00000341524	9606.ENSP00000391249	0	0	0.092	0.849	0.095	0.921	0.900	0.919	0.999
SETBP1	STAG2	9606.ENSP00000497406	9606.ENSP00000218089	0	0	0	0	0.100	0	0	0.668	0.688
SETBP1	WT1	9606.ENSP00000497406	9606.ENSP00000368370	0	0	0	0	0.067	0.095	0	0.570	0.605
SETBP1	SRSF2	9606.ENSP00000497406	9606.ENSP00000376276	0	0	0	0	0	0	0	0.774	0.774
SETBP1	SETD2	9606.ENSP00000497406	9606.ENSP00000386759	0	0	0	0	0.276	0	0	0.500	0.623
SETBP1	TET2	9606.ENSP00000497406	9606.ENSP00000442788	0	0	0	0	0.112	0	0	0.728	0.748
SETD1A	SUZ12	9606.ENSP00000262519	9606.ENSP00000316578	0	0	0	0	0.085	0.349	0	0.426	0.629
SETD1A	SETD3	9606.ENSP00000262519	9606.ENSP00000327436	0	0	0	0	0.056	0	0.400	0.408	0.635
SETD1A	SMARCA4	9606.ENSP00000262519	9606.ENSP00000343896	0	0	0	0	0.075	0.068	0	0.695	0.714
SETD1A	TP53BP1	9606.ENSP00000262519	9606.ENSP00000371475	0	0	0	0	0.075	0.534	0	0.539	0.784
SETD1A	TP53	9606.ENSP00000262519	9606.ENSP00000269305	0	0	0	0	0.075	0.400	0	0.712	0.826
SETD1A	SETD2	9606.ENSP00000262519	9606.ENSP00000386759	0	0	0	0.549	0.133	0.410	0	0.789	0.882
SETD1A	SETD1B	9606.ENSP00000262519	9606.ENSP00000474253	0	0	0	0.844	0.368	0.533	0.900	0.956	0.998
SETD1B	SETD3	9606.ENSP00000474253	9606.ENSP00000327436	0	0	0	0	0.049	0	0.400	0.453	0.660
SETD1B	SETD2	9606.ENSP00000474253	9606.ENSP00000386759	0	0	0	0.548	0.133	0.410	0	0.490	0.716
SETD2	TP53	9606.ENSP00000386759	9606.ENSP00000269305	0	0	0	0	0.055	0.357	0	0.765	0.845
SETD2	SUZ12	9606.ENSP00000386759	9606.ENSP00000316578	0	0	0	0	0.057	0.310	0	0.489	0.638
SETD2	SETD3	9606.ENSP00000386759	9606.ENSP00000327436	0	0	0	0	0.055	0	0	0.639	0.644
SETD2	SMG1	9606.ENSP00000386759	9606.ENSP00000402515	0	0	0	0	0.616	0.098	0	0.053	0.643
SETDB1	TP53	9606.ENSP00000271640	9606.ENSP00000269305	0	0	0	0	0.062	0.130	0	0.640	0.680
SETDB1	SOX2	9606.ENSP00000271640	9606.ENSP00000323588	0	0	0	0	0	0.045	0	0.610	0.611
SETDB1	SUZ12	9606.ENSP00000271640	9606.ENSP00000316578	0	0	0	0	0.123	0.486	0	0.516	0.763
SF3B1	SRSF2	9606.ENSP00000335321	9606.ENSP00000376276	0	0	0	0	0.453	0	0	0.840	0.909
SFPQ	TP53	9606.ENSP00000349748	9606.ENSP00000269305	0	0	0	0	0	0.143	0	0.592	0.635
SFPQ	TFE3	9606.ENSP00000349748	9606.ENSP00000314129	0	0	0	0	0.047	0	0	0.873	0.873
SFPQ	TAF15	9606.ENSP00000349748	9606.ENSP00000474096	0	0	0	0	0.517	0.205	0	0.271	0.696
SFPQ	SRSF2	9606.ENSP00000349748	9606.ENSP00000376276	0	0	0	0	0.280	0	0	0.647	0.735
SH3GL1	TET1	9606.ENSP00000269886	9606.ENSP00000362748	0	0	0	0	0	0	0	0.601	0.601
SLC34A2	SLC9A3R1	9606.ENSP00000371483	9606.ENSP00000262613	0	0	0	0	0	0.110	0.900	0.212	0.923
SLX4	TP53BP1	9606.ENSP00000294008	9606.ENSP00000371475	0	0	0	0	0.063	0.330	0	0.571	0.707
SLX4	WRN	9606.ENSP00000294008	9606.ENSP00000298139	0	0	0	0	0.074	0.071	0.500	0.643	0.826
SMAD3	TSC2	9606.ENSP00000332973	9606.ENSP00000219476	0	0	0	0	0.060	0.292	0	0.508	0.643
SMAD3	TP53	9606.ENSP00000332973	9606.ENSP00000269305	0	0	0	0	0.093	0.469	0	0.929	0.963
SMAD3	TFE3	9606.ENSP00000332973	9606.ENSP00000314129	0	0	0	0	0.042	0.510	0	0.529	0.760
SMAD3	SOX2	9606.ENSP00000332973	9606.ENSP00000323588	0	0	0	0	0	0.059	0.800	0.653	0.929
SMAD3	TCF12	9606.ENSP00000332973	9606.ENSP00000388940	0	0	0	0	0	0.292	0	0.528	0.651
SMAD3	SMARCA4	9606.ENSP00000332973	9606.ENSP00000343896	0	0	0	0	0.055	0.292	0	0.585	0.698
SMAD3	WWTR1	9606.ENSP00000332973	9606.ENSP00000419465	0	0	0	0	0	0.250	0.800	0.274	0.881
SMAD3	TRIM33	9606.ENSP00000332973	9606.ENSP00000351250	0	0	0	0	0.059	0.838	0.700	0.953	0.997
SMAD3	TGFBR2	9606.ENSP00000332973	9606.ENSP00000351905	0	0	0	0	0.166	0.091	0.900	0.985	0.998
SMAD3	SMAD4	9606.ENSP00000332973	9606.ENSP00000341551	0	0	0	0.864	0.087	0.999	0.900	0.988	0.999
SMAD4	TP53	9606.ENSP00000341551	9606.ENSP00000269305	0	0	0	0	0.059	0	0	0.873	0.875
SMAD4	SOX2	9606.ENSP00000341551	9606.ENSP00000323588	0	0	0	0	0	0.070	0.500	0.644	0.820
SMAD4	STK11	9606.ENSP00000341551	9606.ENSP00000324856	0	0	0	0	0.084	0	0	0.840	0.847
SMAD4	SMARCA4	9606.ENSP00000341551	9606.ENSP00000343896	0	0	0	0	0.082	0	0	0.629	0.644
SMAD4	WWTR1	9606.ENSP00000341551	9606.ENSP00000419465	0	0	0	0	0	0.250	0.800	0.235	0.875
SMAD4	TRIM33	9606.ENSP00000341551	9606.ENSP00000351250	0	0	0	0	0.116	0.841	0.500	0.824	0.986
SMAD4	TGFBR2	9606.ENSP00000341551	9606.ENSP00000351905	0	0	0	0	0.049	0.091	0.900	0.960	0.996
SMARCA2	VHL	9606.ENSP00000371638	9606.ENSP00000256474	0	0	0	0	0.105	0.900	0	0.085	0.910
SMARCA2	SMARCB1	9606.ENSP00000371638	9606.ENSP00000340883	0	0	0	0	0.119	0.986	0.900	0.997	0.999
SMARCA2	SMARCA4	9606.ENSP00000371638	9606.ENSP00000343896	0	0	0.052	0.977	0.055	0.849	0.900	0.982	0.999
SMARCA4	VHL	9606.ENSP00000343896	9606.ENSP00000256474	0	0	0	0	0.135	0.900	0	0.117	0.917
SMARCA4	TP53	9606.ENSP00000343896	9606.ENSP00000269305	0	0	0	0	0.049	0.822	0	0.964	0.993
SMARCA4	STAT5B	9606.ENSP00000343896	9606.ENSP00000293328	0	0	0	0	0.049	0.045	0.500	0.580	0.783
SMARCA4	TERT	9606.ENSP00000343896	9606.ENSP00000309572	0	0	0	0	0.093	0.516	0.800	0.901	0.990
SMARCA4	STAT2	9606.ENSP00000343896	9606.ENSP00000315768	0	0	0	0	0.044	0.292	0	0.728	0.799
SMARCA4	SUZ12	9606.ENSP00000343896	9606.ENSP00000316578	0	0	0	0	0.075	0.044	0	0.678	0.690
SMARCA4	SOX2	9606.ENSP00000343896	9606.ENSP00000323588	0	0	0	0	0.063	0.210	0	0.780	0.823
SMARCA4	STK11	9606.ENSP00000343896	9606.ENSP00000324856	0	0	0	0	0.140	0.601	0	0.786	0.920
SMARCA4	SMARCB1	9606.ENSP00000343896	9606.ENSP00000340883	0	0	0	0	0.168	0.999	0.900	0.999	0.999
SMARCA4	STAT5A	9606.ENSP00000343896	9606.ENSP00000341208	0	0	0	0	0.044	0.294	0.500	0.222	0.702
SMARCB1	TP53	9606.ENSP00000340883	9606.ENSP00000269305	0	0	0	0	0.080	0.292	0	0.967	0.976
SMARCB1	XPC	9606.ENSP00000340883	9606.ENSP00000285021	0	0	0	0	0.057	0.330	0	0.956	0.970
SMARCB1	SOX2	9606.ENSP00000340883	9606.ENSP00000323588	0	0	0	0	0	0.537	0	0.354	0.689
SMARCB1	SUFU	9606.ENSP00000340883	9606.ENSP00000358918	0	0	0	0	0.087	0	0	0.634	0.651
SMC1A	STAG2	9606.ENSP00000323421	9606.ENSP00000218089	0	0	0	0	0.574	0.945	0.900	0.996	0.999
SMC1A	WRN	9606.ENSP00000323421	9606.ENSP00000298139	0.046	0	0	0	0.129	0.172	0	0.659	0.734
SMC1A	SRSF2	9606.ENSP00000323421	9606.ENSP00000376276	0	0	0	0	0.256	0	0	0.517	0.625
SMC1A	STAG1	9606.ENSP00000323421	9606.ENSP00000372689	0	0	0	0	0.324	0.993	0.900	0.996	0.999
SMC1A	SMC3	9606.ENSP00000323421	9606.ENSP00000354720	0	0	0	0.567	0.557	0.998	0.900	0.993	0.999
SMC3	STAG2	9606.ENSP00000354720	9606.ENSP00000218089	0	0	0	0	0.392	0.979	0.900	0.999	0.999
SMC3	TOP2A	9606.ENSP00000354720	9606.ENSP00000411532	0	0	0	0	0.264	0.184	0	0.503	0.675
SMC3	STAG1	9606.ENSP00000354720	9606.ENSP00000372689	0	0	0	0	0.154	0.999	0.900	0.999	0.999
SMG1	ZFP36L1	9606.ENSP00000402515	9606.ENSP00000337386	0	0	0	0	0.042	0	0	0.632	0.632
SMG1	TRRAP	9606.ENSP00000402515	9606.ENSP00000352925	0	0	0	0.546	0.156	0.071	0	0.814	0.841
SMO	SUFU	9606.ENSP00000249373	9606.ENSP00000358918	0	0	0	0	0	0	0.900	0.983	0.998
SOX2	TBX3	9606.ENSP00000323588	9606.ENSP00000257566	0	0	0	0	0	0.308	0	0.871	0.907
SOX2	TCF3	9606.ENSP00000323588	9606.ENSP00000262965	0	0	0	0	0.062	0.510	0	0.401	0.701
SOX2	TP53	9606.ENSP00000323588	9606.ENSP00000269305	0	0	0	0	0	0	0	0.883	0.883
SOX2	TERT	9606.ENSP00000323588	9606.ENSP00000309572	0	0	0	0	0.080	0	0	0.741	0.752
SOX2	SUZ12	9606.ENSP00000323588	9606.ENSP00000316578	0	0	0	0	0	0	0	0.727	0.727
SOX2	TET1	9606.ENSP00000323588	9606.ENSP00000362748	0	0	0	0	0.110	0	0	0.571	0.601
SOX2	TCF12	9606.ENSP00000323588	9606.ENSP00000388940	0	0	0	0	0.043	0.292	0	0.580	0.691
SOX2	TRIM33	9606.ENSP00000323588	9606.ENSP00000351250	0	0	0	0	0.060	0.294	0.500	0.189	0.695
SRSF2	STAG2	9606.ENSP00000376276	9606.ENSP00000218089	0	0	0	0	0.247	0	0	0.716	0.777
SRSF2	TP53	9606.ENSP00000376276	9606.ENSP00000269305	0	0	0	0	0	0	0	0.750	0.750
SRSF2	TET2	9606.ENSP00000376276	9606.ENSP00000442788	0	0	0	0	0	0	0	0.841	0.841
STAG1	STAG2	9606.ENSP00000372689	9606.ENSP00000218089	0	0	0.053	0.974	0.403	0.792	0.900	0.781	0.996
STAG2	WT1	9606.ENSP00000218089	9606.ENSP00000368370	0	0	0	0	0	0.126	0	0.574	0.611
STAG2	TET2	9606.ENSP00000218089	9606.ENSP00000442788	0	0	0	0	0.116	0	0	0.693	0.717
STAT2	STAT5B	9606.ENSP00000315768	9606.ENSP00000293328	0	0	0.102	0.645	0.085	0	0.650	0.637	0.881
STAT2	STAT6	9606.ENSP00000315768	9606.ENSP00000300134	0	0	0.129	0.601	0.117	0.292	0.900	0.873	0.991
STAT2	STAT5A	9606.ENSP00000315768	9606.ENSP00000341208	0	0	0.106	0.638	0.116	0	0.650	0.570	0.865
STAT5A	TP53	9606.ENSP00000341208	9606.ENSP00000269305	0	0	0	0	0.051	0	0	0.753	0.755
STAT5A	STAT5B	9606.ENSP00000341208	9606.ENSP00000293328	0	0	0.048	0.985	0.252	0.312	0.900	0.127	0.949
STAT5A	STAT6	9606.ENSP00000341208	9606.ENSP00000300134	0	0	0.103	0.842	0.126	0	0.650	0.802	0.938
STAT5A	SYK	9606.ENSP00000341208	9606.ENSP00000364898	0	0	0	0	0.129	0.096	0.500	0.495	0.775
STAT5A	TET2	9606.ENSP00000341208	9606.ENSP00000442788	0	0	0	0	0	0.292	0	0.739	0.807
STAT5B	TP53	9606.ENSP00000293328	9606.ENSP00000269305	0	0	0	0	0.048	0	0	0.726	0.728
STAT5B	SYK	9606.ENSP00000293328	9606.ENSP00000364898	0	0	0	0	0.087	0.096	0.500	0.494	0.763
STAT5B	TET2	9606.ENSP00000293328	9606.ENSP00000442788	0	0	0	0	0.049	0	0	0.770	0.771
STAT5B	STAT6	9606.ENSP00000293328	9606.ENSP00000300134	0	0	0.102	0.844	0.114	0	0.650	0.757	0.923
STAT6	TP53	9606.ENSP00000300134	9606.ENSP00000269305	0	0	0	0	0.061	0.230	0.500	0.519	0.803
STK11	TSC2	9606.ENSP00000324856	9606.ENSP00000219476	0	0	0	0	0.109	0.045	0	0.845	0.857
STK11	TP53	9606.ENSP00000324856	9606.ENSP00000269305	0	0	0	0	0.070	0.621	0.500	0.852	0.970
STK11	TSC1	9606.ENSP00000324856	9606.ENSP00000298552	0	0	0	0	0	0.057	0	0.621	0.627
SUZ12	TP53	9606.ENSP00000316578	9606.ENSP00000269305	0	0	0	0	0	0.164	0.500	0.542	0.791
SUZ12	TET1	9606.ENSP00000316578	9606.ENSP00000362748	0	0	0	0	0.062	0	0	0.638	0.645
SUZ12	TET2	9606.ENSP00000316578	9606.ENSP00000442788	0	0	0	0	0	0	0	0.661	0.661
SUZ12	WT1	9606.ENSP00000316578	9606.ENSP00000368370	0	0	0	0	0	0.342	0	0.618	0.738
SYK	WAS	9606.ENSP00000364898	9606.ENSP00000365891	0	0	0	0	0.185	0.088	0	0.572	0.654
TAF15	TCF12	9606.ENSP00000474096	9606.ENSP00000388940	0	0	0	0	0.049	0.076	0	0.835	0.842
TBX3	ZFHX3	9606.ENSP00000257566	9606.ENSP00000493252	0	0	0	0	0.053	0.054	0	0.635	0.644
TCF12	TCF3	9606.ENSP00000388940	9606.ENSP00000262965	0	0	0.052	0.927	0.042	0.299	0.400	0.478	0.764
TCF3	ZNF384	9606.ENSP00000262965	9606.ENSP00000380019	0	0	0	0	0.091	0.066	0	0.608	0.638
TCF3	TET2	9606.ENSP00000262965	9606.ENSP00000442788	0	0	0	0	0	0.292	0	0.632	0.728
TERT	TP53	9606.ENSP00000309572	9606.ENSP00000269305	0	0	0	0	0.060	0.161	0	0.886	0.902
TERT	WRN	9606.ENSP00000309572	9606.ENSP00000298139	0	0	0	0	0.056	0.267	0	0.644	0.732
TET1	TET3	9606.ENSP00000362748	9606.ENSP00000386869	0	0	0	0.713	0	0	0.500	0.578	0.779
TET1	TET2	9606.ENSP00000362748	9606.ENSP00000442788	0	0	0	0.684	0	0	0.500	0.732	0.860
TET2	TP53	9606.ENSP00000442788	9606.ENSP00000269305	0	0	0	0	0	0.164	0	0.719	0.755
TET2	WT1	9606.ENSP00000442788	9606.ENSP00000368370	0	0	0	0	0	0.301	0	0.819	0.868
TET2	TET3	9606.ENSP00000442788	9606.ENSP00000386869	0	0	0	0.764	0.075	0.130	0.500	0.922	0.964
TFE3	WWTR1	9606.ENSP00000314129	9606.ENSP00000419465	0	0	0	0	0.042	0.090	0	0.620	0.639
TGFBR2	TP53	9606.ENSP00000351905	9606.ENSP00000269305	0	0	0	0	0.042	0	0	0.618	0.618
TLE3	XIAP	9606.ENSP00000452871	9606.ENSP00000360242	0	0	0	0	0.047	0.510	0.500	0.122	0.767
TNFRSF14	TRAF2	9606.ENSP00000347948	9606.ENSP00000247668	0	0	0	0	0	0.760	0.900	0.165	0.978
TOP2A	TP53	9606.ENSP00000411532	9606.ENSP00000269305	0	0	0	0	0.111	0.592	0	0.604	0.843
TP53	TSC2	9606.ENSP00000269305	9606.ENSP00000219476	0	0	0	0	0.060	0.088	0	0.693	0.713
TP53	VHL	9606.ENSP00000269305	9606.ENSP00000256474	0	0	0	0	0.049	0.309	0	0.699	0.784
TP53	ZBTB16	9606.ENSP00000269305	9606.ENSP00000338157	0	0	0	0	0.057	0.295	0	0.589	0.703
TP53	UBA1	9606.ENSP00000269305	9606.ENSP00000338413	0	0	0	0	0.065	0.513	0	0.414	0.710
TP53	UBE2A	9606.ENSP00000269305	9606.ENSP00000360613	0	0	0	0	0	0.781	0	0.229	0.824
TP53	XIAP	9606.ENSP00000269305	9606.ENSP00000360242	0	0	0	0	0.055	0	0	0.834	0.836
TP53	TRIM24	9606.ENSP00000269305	9606.ENSP00000340507	0	0	0	0	0.054	0.633	0	0.644	0.865
TP53	WRN	9606.ENSP00000269305	9606.ENSP00000298139	0	0	0	0	0	0.620	0.400	0.851	0.963
TP53	TRRAP	9606.ENSP00000269305	9606.ENSP00000352925	0	0	0	0	0.060	0.510	0	0.948	0.973
TP53	WT1	9606.ENSP00000269305	9606.ENSP00000368370	0	0	0	0	0	0.626	0	0.957	0.983
TP53	TP53BP1	9606.ENSP00000269305	9606.ENSP00000371475	0	0	0	0	0	0.993	0	0.997	0.999
TP53BP1	XPC	9606.ENSP00000371475	9606.ENSP00000285021	0	0	0	0	0.065	0	0.360	0.563	0.716
TP53BP1	WRN	9606.ENSP00000371475	9606.ENSP00000298139	0	0	0	0	0.076	0.523	0	0.686	0.849
TRAF2	XIAP	9606.ENSP00000247668	9606.ENSP00000360242	0	0	0	0	0.056	0.310	0.900	0.419	0.957
TRIM24	TRIM27	9606.ENSP00000340507	9606.ENSP00000366404	0	0	0	0	0	0	0	0.728	0.728
TRIM24	TRIM33	9606.ENSP00000340507	9606.ENSP00000351250	0	0	0	0.928	0.136	0.863	0	0.617	0.951
TSC1	TSC2	9606.ENSP00000298552	9606.ENSP00000219476	0	0	0	0	0.154	0.997	0.900	0.999	0.999
TSC1	USP6	9606.ENSP00000298552	9606.ENSP00000460380	0	0	0	0	0.081	0.061	0	0.966	0.968
TSC2	USP6	9606.ENSP00000219476	9606.ENSP00000460380	0	0	0	0	0.061	0	0	0.984	0.984
UBA1	UBE2A	9606.ENSP00000338413	9606.ENSP00000360613	0.043	0	0	0	0.085	0.877	0.500	0.884	0.992
ZFP36L1	ZFP36L2	9606.ENSP00000337386	9606.ENSP00000282388	0	0	0.072	0.897	0.086	0	0.900	0.138	0.917
